entry_type,ats,company,board_token,token_type,hosted_board_url,api_jobs_url,api_jobs_content_url,api_method,source_status,source_checked_date,source_dataset,source_url,notes
board,ashby,0g,0g,slug,https://jobs.ashbyhq.com/0g,https://api.ashbyhq.com/posting-api/job-board/0g,https://api.ashbyhq.com/posting-api/job-board/0g?includeCompensation=true,GET,listed_in_PDFtoWebsite_ashby_source,2026-09-21,ashby_board_tokens_1662.csv,https://github.com/vedangvatsa/PDFtoWebsite/blob/main/.github/scripts/jobs-sync.mjs,Imported from the user-provided board-token registry.
board,ashby,10xteam,10xteam,slug,https://jobs.ashbyhq.com/10xteam,https://api.ashbyhq.com/posting-api/job-board/10xteam,https://api.ashbyhq.com/posting-api/job-board/10xteam?includeCompensation=true,GET,listed_in_PDFtoWebsite_ashby_source,2026-09-21,ashby_board_tokens_1662.csv,https://github.com/vedangvatsa/PDFtoWebsite/blob/main/.github/scripts/jobs-sync.mjs,Imported from the user-provided board-token registry.
board,ashby,1password,1password,slug,https://jobs.ashbyhq.com/1password,https://api.ashbyhq.com/posting-api/job-board/1password,https://api.ashbyhq.com/posting-api/job-board/1password?includeCompensation=true,GET,listed_in_PDFtoWebsite_ashby_source,2026-09-21,ashby_board_tokens_1662.csv,https://github.com/vedangvatsa/PDFtoWebsite/blob/main/.github/scripts/jobs-sync.mjs,Imported from the user-provided board-token registry.
board,ashby,1sphere,1sphere,slug,https://jobs.ashbyhq.com/1sphere,https://api.ashbyhq.com/posting-api/job-board/1sphere,https://api.ashbyhq.com/posting-api/job-board/1sphere?includeCompensation=true,GET,listed_in_PDFtoWebsite_ashby_source,2026-09-21,ashby_board_tokens_1662.csv,https://github.com/vedangvatsa/PDFtoWebsite/blob/main/.github/scripts/jobs-sync.mjs,Imported from the user-provided board-token registry.
board,ashby,3imembers,3imembers,slug,https://jobs.ashbyhq.com/3imembers,https://api.ashbyhq.com/posting-api/job-board/3imembers,https://api.ashbyhq.com/posting-api/job-board/3imembers?includeCompensation=true,GET,listed_in_PDFtoWebsite_ashby_source,2026-09-21,ashby_board_tokens_1662.csv,https://github.com/vedangvatsa/PDFtoWebsite/blob/main/.github/scripts/jobs-sync.mjs,Imported from the user-provided board-token registry.
board,ashby,42dot,42dot,slug,https://jobs.ashbyhq.com/42dot,https://api.ashbyhq.com/posting-api/job-board/42dot,https://api.ashbyhq.com/posting-api/job-board/42dot?includeCompensation=true,GET,listed_in_PDFtoWebsite_ashby_source,2026-09-21,ashby_board_tokens_1662.csv,https://github.com/vedangvatsa/PDFtoWebsite/blob/main/.github/scripts/jobs-sync.mjs,Imported from the user-provided board-token registry.
board,ashby,8fleet-inc,8fleet-inc,slug,https://jobs.ashbyhq.com/8fleet-inc,https://api.ashbyhq.com/posting-api/job-board/8fleet-inc,https://api.ashbyhq.com/posting-api/job-board/8fleet-inc?includeCompensation=true,GET,listed_in_PDFtoWebsite_ashby_source,2026-09-21,ashby_board_tokens_1662.csv,https://github.com/vedangvatsa/PDFtoWebsite/blob/main/.github/scripts/jobs-sync.mjs,Imported from the user-provided board-token registry.
board,ashby,9-mothers,9-mothers,slug,https://jobs.ashbyhq.com/9-mothers,https://api.ashbyhq.com/posting-api/job-board/9-mothers,https://api.ashbyhq.com/posting-api/job-board/9-mothers?includeCompensation=true,GET,listed_in_PDFtoWebsite_ashby_source,2026-09-21,ashby_board_tokens_1662.csv,https://github.com/vedangvatsa/PDFtoWebsite/blob/main/.github/scripts/jobs-sync.mjs,Imported from the user-provided board-token registry.
board,ashby,9fin,9fin,slug,https://jobs.ashbyhq.com/9fin,https://api.ashbyhq.com/posting-api/job-board/9fin,https://api.ashbyhq.com/posting-api/job-board/9fin?includeCompensation=true,GET,listed_in_PDFtoWebsite_ashby_source,2026-09-21,ashby_board_tokens_1662.csv,https://github.com/vedangvatsa/PDFtoWebsite/blob/main/.github/scripts/jobs-sync.mjs,Imported from the user-provided board-token registry.
board,ashby,a-place-for-mom,a-place-for-mom,slug,https://jobs.ashbyhq.com/a-place-for-mom,https://api.ashbyhq.com/posting-api/job-board/a-place-for-mom,https://api.ashbyhq.com/posting-api/job-board/a-place-for-mom?includeCompensation=true,GET,listed_in_PDFtoWebsite_ashby_source,2026-09-21,ashby_board_tokens_1662.csv,https://github.com/vedangvatsa/PDFtoWebsite/blob/main/.github/scripts/jobs-sync.mjs,Imported from the user-provided board-token registry.
board,ashby,a-team,a-team,slug,https://jobs.ashbyhq.com/a-team,https://api.ashbyhq.com/posting-api/job-board/a-team,https://api.ashbyhq.com/posting-api/job-board/a-team?includeCompensation=true,GET,listed_in_PDFtoWebsite_ashby_source,2026-09-21,ashby_board_tokens_1662.csv,https://github.com/vedangvatsa/PDFtoWebsite/blob/main/.github/scripts/jobs-sync.mjs,Imported from the user-provided board-token registry.
board,ashby,a16zcrypto,a16zcrypto,slug,https://jobs.ashbyhq.com/a16zcrypto,https://api.ashbyhq.com/posting-api/job-board/a16zcrypto,https://api.ashbyhq.com/posting-api/job-board/a16zcrypto?includeCompensation=true,GET,listed_in_PDFtoWebsite_alt_ashby_source,2026-09-21,ashby_board_tokens_1662.csv,https://github.com/vedangvatsa/PDFtoWebsite/blob/main/run-cj.mjs,Imported from the user-provided board-token registry.
board,ashby,abby-care,abby-care,slug,https://jobs.ashbyhq.com/abby-care,https://api.ashbyhq.com/posting-api/job-board/abby-care,https://api.ashbyhq.com/posting-api/job-board/abby-care?includeCompensation=true,GET,listed_in_PDFtoWebsite_ashby_source,2026-09-21,ashby_board_tokens_1662.csv,https://github.com/vedangvatsa/PDFtoWebsite/blob/main/.github/scripts/jobs-sync.mjs,Imported from the user-provided board-token registry.
board,ashby,abe,abe,slug,https://jobs.ashbyhq.com/abe,https://api.ashbyhq.com/posting-api/job-board/abe,https://api.ashbyhq.com/posting-api/job-board/abe?includeCompensation=true,GET,listed_in_PDFtoWebsite_ashby_source,2026-09-21,ashby_board_tokens_1662.csv,https://github.com/vedangvatsa/PDFtoWebsite/blob/main/.github/scripts/jobs-sync.mjs,Imported from the user-provided board-token registry.
board,ashby,abound,abound,slug,https://jobs.ashbyhq.com/abound,https://api.ashbyhq.com/posting-api/job-board/abound,https://api.ashbyhq.com/posting-api/job-board/abound?includeCompensation=true,GET,listed_in_PDFtoWebsite_ashby_source,2026-09-21,ashby_board_tokens_1662.csv,https://github.com/vedangvatsa/PDFtoWebsite/blob/main/.github/scripts/jobs-sync.mjs,Imported from the user-provided board-token registry.
board,ashby,abridge,abridge,slug,https://jobs.ashbyhq.com/abridge,https://api.ashbyhq.com/posting-api/job-board/abridge,https://api.ashbyhq.com/posting-api/job-board/abridge?includeCompensation=true,GET,listed_in_PDFtoWebsite_ashby_source,2026-09-21,ashby_board_tokens_1662.csv,https://github.com/vedangvatsa/PDFtoWebsite/blob/main/.github/scripts/jobs-sync.mjs,Imported from the user-provided board-token registry.
board,ashby,absentia-labs,absentia-labs,slug,https://jobs.ashbyhq.com/absentia-labs,https://api.ashbyhq.com/posting-api/job-board/absentia-labs,https://api.ashbyhq.com/posting-api/job-board/absentia-labs?includeCompensation=true,GET,listed_in_PDFtoWebsite_ashby_source,2026-09-21,ashby_board_tokens_1662.csv,https://github.com/vedangvatsa/PDFtoWebsite/blob/main/.github/scripts/jobs-sync.mjs,Imported from the user-provided board-token registry.
board,ashby,academia,academia,slug,https://jobs.ashbyhq.com/academia,https://api.ashbyhq.com/posting-api/job-board/academia,https://api.ashbyhq.com/posting-api/job-board/academia?includeCompensation=true,GET,listed_in_PDFtoWebsite_ashby_source,2026-09-21,ashby_board_tokens_1662.csv,https://github.com/vedangvatsa/PDFtoWebsite/blob/main/.github/scripts/jobs-sync.mjs,Imported from the user-provided board-token registry.
board,ashby,accurx,accurx,slug,https://jobs.ashbyhq.com/accurx,https://api.ashbyhq.com/posting-api/job-board/accurx,https://api.ashbyhq.com/posting-api/job-board/accurx?includeCompensation=true,GET,listed_in_PDFtoWebsite_ashby_source,2026-09-21,ashby_board_tokens_1662.csv,https://github.com/vedangvatsa/PDFtoWebsite/blob/main/.github/scripts/jobs-sync.mjs,Imported from the user-provided board-token registry.
board,ashby,achira,achira,slug,https://jobs.ashbyhq.com/achira,https://api.ashbyhq.com/posting-api/job-board/achira,https://api.ashbyhq.com/posting-api/job-board/achira?includeCompensation=true,GET,listed_in_PDFtoWebsite_ashby_source,2026-09-21,ashby_board_tokens_1662.csv,https://github.com/vedangvatsa/PDFtoWebsite/blob/main/.github/scripts/jobs-sync.mjs,Imported from the user-provided board-token registry.
board,ashby,acorns,acorns,slug,https://jobs.ashbyhq.com/acorns,https://api.ashbyhq.com/posting-api/job-board/acorns,https://api.ashbyhq.com/posting-api/job-board/acorns?includeCompensation=true,GET,listed_in_PDFtoWebsite_ashby_source,2026-09-21,ashby_board_tokens_1662.csv,https://github.com/vedangvatsa/PDFtoWebsite/blob/main/.github/scripts/jobs-sync.mjs,Imported from the user-provided board-token registry.
board,ashby,acquisition,acquisition,slug,https://jobs.ashbyhq.com/acquisition,https://api.ashbyhq.com/posting-api/job-board/acquisition,https://api.ashbyhq.com/posting-api/job-board/acquisition?includeCompensation=true,GET,listed_in_PDFtoWebsite_ashby_source,2026-09-21,ashby_board_tokens_1662.csv,https://github.com/vedangvatsa/PDFtoWebsite/blob/main/.github/scripts/jobs-sync.mjs,Imported from the user-provided board-token registry.
board,ashby,activesite,activesite,slug,https://jobs.ashbyhq.com/activesite,https://api.ashbyhq.com/posting-api/job-board/activesite,https://api.ashbyhq.com/posting-api/job-board/activesite?includeCompensation=true,GET,listed_in_PDFtoWebsite_ashby_source,2026-09-21,ashby_board_tokens_1662.csv,https://github.com/vedangvatsa/PDFtoWebsite/blob/main/.github/scripts/jobs-sync.mjs,Imported from the user-provided board-token registry.
board,ashby,adaption,adaption,slug,https://jobs.ashbyhq.com/adaption,https://api.ashbyhq.com/posting-api/job-board/adaption,https://api.ashbyhq.com/posting-api/job-board/adaption?includeCompensation=true,GET,listed_in_PDFtoWebsite_ashby_source,2026-09-21,ashby_board_tokens_1662.csv,https://github.com/vedangvatsa/PDFtoWebsite/blob/main/.github/scripts/jobs-sync.mjs,Imported from the user-provided board-token registry.
board,ashby,adaptive,adaptive,slug,https://jobs.ashbyhq.com/adaptive,https://api.ashbyhq.com/posting-api/job-board/adaptive,https://api.ashbyhq.com/posting-api/job-board/adaptive?includeCompensation=true,GET,listed_in_PDFtoWebsite_ashby_source,2026-09-21,ashby_board_tokens_1662.csv,https://github.com/vedangvatsa/PDFtoWebsite/blob/main/.github/scripts/jobs-sync.mjs,Imported from the user-provided board-token registry.
board,ashby,adaptive-ml,adaptive-ml,slug,https://jobs.ashbyhq.com/adaptive-ml,https://api.ashbyhq.com/posting-api/job-board/adaptive-ml,https://api.ashbyhq.com/posting-api/job-board/adaptive-ml?includeCompensation=true,GET,listed_in_PDFtoWebsite_ashby_source,2026-09-21,ashby_board_tokens_1662.csv,https://github.com/vedangvatsa/PDFtoWebsite/blob/main/.github/scripts/jobs-sync.mjs,Imported from the user-provided board-token registry.
board,ashby,adaptivesecurity,adaptivesecurity,slug,https://jobs.ashbyhq.com/adaptivesecurity,https://api.ashbyhq.com/posting-api/job-board/adaptivesecurity,https://api.ashbyhq.com/posting-api/job-board/adaptivesecurity?includeCompensation=true,GET,listed_in_PDFtoWebsite_ashby_source,2026-09-21,ashby_board_tokens_1662.csv,https://github.com/vedangvatsa/PDFtoWebsite/blob/main/.github/scripts/jobs-sync.mjs,Imported from the user-provided board-token registry.
board,ashby,adaptyv,adaptyv,slug,https://jobs.ashbyhq.com/adaptyv,https://api.ashbyhq.com/posting-api/job-board/adaptyv,https://api.ashbyhq.com/posting-api/job-board/adaptyv?includeCompensation=true,GET,listed_in_PDFtoWebsite_ashby_source,2026-09-21,ashby_board_tokens_1662.csv,https://github.com/vedangvatsa/PDFtoWebsite/blob/main/.github/scripts/jobs-sync.mjs,Imported from the user-provided board-token registry.
board,ashby,addi,addi,slug,https://jobs.ashbyhq.com/addi,https://api.ashbyhq.com/posting-api/job-board/addi,https://api.ashbyhq.com/posting-api/job-board/addi?includeCompensation=true,GET,listed_in_PDFtoWebsite_ashby_source,2026-09-21,ashby_board_tokens_1662.csv,https://github.com/vedangvatsa/PDFtoWebsite/blob/main/.github/scripts/jobs-sync.mjs,Imported from the user-provided board-token registry.
board,ashby,additiveai,additiveai,slug,https://jobs.ashbyhq.com/additiveai,https://api.ashbyhq.com/posting-api/job-board/additiveai,https://api.ashbyhq.com/posting-api/job-board/additiveai?includeCompensation=true,GET,listed_in_PDFtoWebsite_ashby_source,2026-09-21,ashby_board_tokens_1662.csv,https://github.com/vedangvatsa/PDFtoWebsite/blob/main/.github/scripts/jobs-sync.mjs,Imported from the user-provided board-token registry.
board,ashby,adonis,adonis,slug,https://jobs.ashbyhq.com/adonis,https://api.ashbyhq.com/posting-api/job-board/adonis,https://api.ashbyhq.com/posting-api/job-board/adonis?includeCompensation=true,GET,listed_in_PDFtoWebsite_ashby_source,2026-09-21,ashby_board_tokens_1662.csv,https://github.com/vedangvatsa/PDFtoWebsite/blob/main/.github/scripts/jobs-sync.mjs,Imported from the user-provided board-token registry.
board,ashby,adtucon,adtucon,slug,https://jobs.ashbyhq.com/adtucon,https://api.ashbyhq.com/posting-api/job-board/adtucon,https://api.ashbyhq.com/posting-api/job-board/adtucon?includeCompensation=true,GET,listed_in_PDFtoWebsite_ashby_source,2026-09-21,ashby_board_tokens_1662.csv,https://github.com/vedangvatsa/PDFtoWebsite/blob/main/.github/scripts/jobs-sync.mjs,Imported from the user-provided board-token registry.
board,ashby,aegis-ai,aegis-ai,slug,https://jobs.ashbyhq.com/aegis-ai,https://api.ashbyhq.com/posting-api/job-board/aegis-ai,https://api.ashbyhq.com/posting-api/job-board/aegis-ai?includeCompensation=true,GET,listed_in_PDFtoWebsite_alt_ashby_source,2026-09-21,ashby_board_tokens_1662.csv,https://github.com/vedangvatsa/PDFtoWebsite/blob/main/run-cj.mjs,Imported from the user-provided board-token registry.
board,ashby,afterquery,afterquery,slug,https://jobs.ashbyhq.com/afterquery,https://api.ashbyhq.com/posting-api/job-board/afterquery,https://api.ashbyhq.com/posting-api/job-board/afterquery?includeCompensation=true,GET,listed_in_PDFtoWebsite_ashby_source,2026-09-21,ashby_board_tokens_1662.csv,https://github.com/vedangvatsa/PDFtoWebsite/blob/main/.github/scripts/jobs-sync.mjs,Imported from the user-provided board-token registry.
board,ashby,agent,agent,slug,https://jobs.ashbyhq.com/agent,https://api.ashbyhq.com/posting-api/job-board/agent,https://api.ashbyhq.com/posting-api/job-board/agent?includeCompensation=true,GET,listed_in_PDFtoWebsite_ashby_source,2026-09-21,ashby_board_tokens_1662.csv,https://github.com/vedangvatsa/PDFtoWebsite/blob/main/.github/scripts/jobs-sync.mjs,Imported from the user-provided board-token registry.
board,ashby,agentio,agentio,slug,https://jobs.ashbyhq.com/agentio,https://api.ashbyhq.com/posting-api/job-board/agentio,https://api.ashbyhq.com/posting-api/job-board/agentio?includeCompensation=true,GET,listed_in_PDFtoWebsite_ashby_source,2026-09-21,ashby_board_tokens_1662.csv,https://github.com/vedangvatsa/PDFtoWebsite/blob/main/.github/scripts/jobs-sync.mjs,Imported from the user-provided board-token registry.
board,ashby,agi-inc,agi-inc,slug,https://jobs.ashbyhq.com/agi-inc,https://api.ashbyhq.com/posting-api/job-board/agi-inc,https://api.ashbyhq.com/posting-api/job-board/agi-inc?includeCompensation=true,GET,listed_in_PDFtoWebsite_ashby_source,2026-09-21,ashby_board_tokens_1662.csv,https://github.com/vedangvatsa/PDFtoWebsite/blob/main/.github/scripts/jobs-sync.mjs,Imported from the user-provided board-token registry.
board,ashby,aiand,aiand,slug,https://jobs.ashbyhq.com/aiand,https://api.ashbyhq.com/posting-api/job-board/aiand,https://api.ashbyhq.com/posting-api/job-board/aiand?includeCompensation=true,GET,listed_in_PDFtoWebsite_ashby_source,2026-09-21,ashby_board_tokens_1662.csv,https://github.com/vedangvatsa/PDFtoWebsite/blob/main/.github/scripts/jobs-sync.mjs,Imported from the user-provided board-token registry.
board,ashby,aida,aida,slug,https://jobs.ashbyhq.com/aida,https://api.ashbyhq.com/posting-api/job-board/aida,https://api.ashbyhq.com/posting-api/job-board/aida?includeCompensation=true,GET,listed_in_PDFtoWebsite_ashby_source,2026-09-21,ashby_board_tokens_1662.csv,https://github.com/vedangvatsa/PDFtoWebsite/blob/main/.github/scripts/jobs-sync.mjs,Imported from the user-provided board-token registry.
board,ashby,aidkit,aidkit,slug,https://jobs.ashbyhq.com/aidkit,https://api.ashbyhq.com/posting-api/job-board/aidkit,https://api.ashbyhq.com/posting-api/job-board/aidkit?includeCompensation=true,GET,listed_in_PDFtoWebsite_ashby_source,2026-09-21,ashby_board_tokens_1662.csv,https://github.com/vedangvatsa/PDFtoWebsite/blob/main/.github/scripts/jobs-sync.mjs,Imported from the user-provided board-token registry.
board,ashby,airapps,airapps,slug,https://jobs.ashbyhq.com/airapps,https://api.ashbyhq.com/posting-api/job-board/airapps,https://api.ashbyhq.com/posting-api/job-board/airapps?includeCompensation=true,GET,listed_in_PDFtoWebsite_ashby_source,2026-09-21,ashby_board_tokens_1662.csv,https://github.com/vedangvatsa/PDFtoWebsite/blob/main/.github/scripts/jobs-sync.mjs,Imported from the user-provided board-token registry.
board,ashby,airbound,airbound,slug,https://jobs.ashbyhq.com/airbound,https://api.ashbyhq.com/posting-api/job-board/airbound,https://api.ashbyhq.com/posting-api/job-board/airbound?includeCompensation=true,GET,listed_in_PDFtoWebsite_ashby_source,2026-09-21,ashby_board_tokens_1662.csv,https://github.com/vedangvatsa/PDFtoWebsite/blob/main/.github/scripts/jobs-sync.mjs,Imported from the user-provided board-token registry.
board,ashby,airbyte,airbyte,slug,https://jobs.ashbyhq.com/airbyte,https://api.ashbyhq.com/posting-api/job-board/airbyte,https://api.ashbyhq.com/posting-api/job-board/airbyte?includeCompensation=true,GET,listed_in_PDFtoWebsite_ashby_source,2026-09-21,ashby_board_tokens_1662.csv,https://github.com/vedangvatsa/PDFtoWebsite/blob/main/.github/scripts/jobs-sync.mjs,Imported from the user-provided board-token registry.
board,ashby,airgarage,airgarage,slug,https://jobs.ashbyhq.com/airgarage,https://api.ashbyhq.com/posting-api/job-board/airgarage,https://api.ashbyhq.com/posting-api/job-board/airgarage?includeCompensation=true,GET,listed_in_PDFtoWebsite_ashby_source,2026-09-21,ashby_board_tokens_1662.csv,https://github.com/vedangvatsa/PDFtoWebsite/blob/main/.github/scripts/jobs-sync.mjs,Imported from the user-provided board-token registry.
board,ashby,airops,airops,slug,https://jobs.ashbyhq.com/airops,https://api.ashbyhq.com/posting-api/job-board/airops,https://api.ashbyhq.com/posting-api/job-board/airops?includeCompensation=true,GET,listed_in_PDFtoWebsite_ashby_source,2026-09-21,ashby_board_tokens_1662.csv,https://github.com/vedangvatsa/PDFtoWebsite/blob/main/.github/scripts/jobs-sync.mjs,Imported from the user-provided board-token registry.
board,ashby,airspace-intelligence.com,airspace-intelligence.com,slug,https://jobs.ashbyhq.com/airspace-intelligence.com,https://api.ashbyhq.com/posting-api/job-board/airspace-intelligence.com,https://api.ashbyhq.com/posting-api/job-board/airspace-intelligence.com?includeCompensation=true,GET,listed_in_PDFtoWebsite_ashby_source,2026-09-21,ashby_board_tokens_1662.csv,https://github.com/vedangvatsa/PDFtoWebsite/blob/main/.github/scripts/jobs-sync.mjs,Imported from the user-provided board-token registry.
board,ashby,airtable,airtable,slug,https://jobs.ashbyhq.com/airtable,https://api.ashbyhq.com/posting-api/job-board/airtable,https://api.ashbyhq.com/posting-api/job-board/airtable?includeCompensation=true,GET,listed_in_mherzog_ashby_seed,2026-09-21,ashby_board_tokens_1662.csv,https://github.com/mherzog4/job-boards/blob/main/boards.seed.json,Imported from the user-provided board-token registry.
board,ashby,airtasker,airtasker,slug,https://jobs.ashbyhq.com/airtasker,https://api.ashbyhq.com/posting-api/job-board/airtasker,https://api.ashbyhq.com/posting-api/job-board/airtasker?includeCompensation=true,GET,listed_in_PDFtoWebsite_ashby_source,2026-09-21,ashby_board_tokens_1662.csv,https://github.com/vedangvatsa/PDFtoWebsite/blob/main/.github/scripts/jobs-sync.mjs,Imported from the user-provided board-token registry.
board,ashby,airwallex,airwallex,slug,https://jobs.ashbyhq.com/airwallex,https://api.ashbyhq.com/posting-api/job-board/airwallex,https://api.ashbyhq.com/posting-api/job-board/airwallex?includeCompensation=true,GET,listed_in_PDFtoWebsite_ashby_source,2026-09-21,ashby_board_tokens_1662.csv,https://github.com/vedangvatsa/PDFtoWebsite/blob/main/.github/scripts/jobs-sync.mjs,Imported from the user-provided board-token registry.
board,ashby,aiwyn,aiwyn,slug,https://jobs.ashbyhq.com/aiwyn,https://api.ashbyhq.com/posting-api/job-board/aiwyn,https://api.ashbyhq.com/posting-api/job-board/aiwyn?includeCompensation=true,GET,listed_in_PDFtoWebsite_ashby_source,2026-09-21,ashby_board_tokens_1662.csv,https://github.com/vedangvatsa/PDFtoWebsite/blob/main/.github/scripts/jobs-sync.mjs,Imported from the user-provided board-token registry.
board,ashby,akasa,akasa,slug,https://jobs.ashbyhq.com/akasa,https://api.ashbyhq.com/posting-api/job-board/akasa,https://api.ashbyhq.com/posting-api/job-board/akasa?includeCompensation=true,GET,listed_in_PDFtoWebsite_ashby_source,2026-09-21,ashby_board_tokens_1662.csv,https://github.com/vedangvatsa/PDFtoWebsite/blob/main/.github/scripts/jobs-sync.mjs,Imported from the user-provided board-token registry.
board,ashby,alan,alan,slug,https://jobs.ashbyhq.com/alan,https://api.ashbyhq.com/posting-api/job-board/alan,https://api.ashbyhq.com/posting-api/job-board/alan?includeCompensation=true,GET,listed_in_PDFtoWebsite_ashby_source,2026-09-21,ashby_board_tokens_1662.csv,https://github.com/vedangvatsa/PDFtoWebsite/blob/main/.github/scripts/jobs-sync.mjs,Imported from the user-provided board-token registry.
board,ashby,alcazar-energy,alcazar-energy,slug,https://jobs.ashbyhq.com/alcazar-energy,https://api.ashbyhq.com/posting-api/job-board/alcazar-energy,https://api.ashbyhq.com/posting-api/job-board/alcazar-energy?includeCompensation=true,GET,listed_in_PDFtoWebsite_ashby_source,2026-09-21,ashby_board_tokens_1662.csv,https://github.com/vedangvatsa/PDFtoWebsite/blob/main/.github/scripts/jobs-sync.mjs,Imported from the user-provided board-token registry.
board,ashby,alchemy,alchemy,slug,https://jobs.ashbyhq.com/alchemy,https://api.ashbyhq.com/posting-api/job-board/alchemy,https://api.ashbyhq.com/posting-api/job-board/alchemy?includeCompensation=true,GET,listed_in_PDFtoWebsite_ashby_source,2026-09-21,ashby_board_tokens_1662.csv,https://github.com/vedangvatsa/PDFtoWebsite/blob/main/.github/scripts/jobs-sync.mjs,Imported from the user-provided board-token registry.
board,ashby,alembic,alembic,slug,https://jobs.ashbyhq.com/alembic,https://api.ashbyhq.com/posting-api/job-board/alembic,https://api.ashbyhq.com/posting-api/job-board/alembic?includeCompensation=true,GET,listed_in_PDFtoWebsite_ashby_source,2026-09-21,ashby_board_tokens_1662.csv,https://github.com/vedangvatsa/PDFtoWebsite/blob/main/.github/scripts/jobs-sync.mjs,Imported from the user-provided board-token registry.
board,ashby,aleph,aleph,slug,https://jobs.ashbyhq.com/aleph,https://api.ashbyhq.com/posting-api/job-board/aleph,https://api.ashbyhq.com/posting-api/job-board/aleph?includeCompensation=true,GET,listed_in_PDFtoWebsite_ashby_source,2026-09-21,ashby_board_tokens_1662.csv,https://github.com/vedangvatsa/PDFtoWebsite/blob/main/.github/scripts/jobs-sync.mjs,Imported from the user-provided board-token registry.
board,ashby,alephalpha,alephalpha,slug,https://jobs.ashbyhq.com/alephalpha,https://api.ashbyhq.com/posting-api/job-board/alephalpha,https://api.ashbyhq.com/posting-api/job-board/alephalpha?includeCompensation=true,GET,listed_in_PDFtoWebsite_ashby_source,2026-09-21,ashby_board_tokens_1662.csv,https://github.com/vedangvatsa/PDFtoWebsite/blob/main/.github/scripts/jobs-sync.mjs,Imported from the user-provided board-token registry.
board,ashby,alexai,alexai,slug,https://jobs.ashbyhq.com/alexai,https://api.ashbyhq.com/posting-api/job-board/alexai,https://api.ashbyhq.com/posting-api/job-board/alexai?includeCompensation=true,GET,listed_in_PDFtoWebsite_ashby_source,2026-09-21,ashby_board_tokens_1662.csv,https://github.com/vedangvatsa/PDFtoWebsite/blob/main/.github/scripts/jobs-sync.mjs,Imported from the user-provided board-token registry.
board,ashby,alleviatehealth,alleviatehealth,slug,https://jobs.ashbyhq.com/alleviatehealth,https://api.ashbyhq.com/posting-api/job-board/alleviatehealth,https://api.ashbyhq.com/posting-api/job-board/alleviatehealth?includeCompensation=true,GET,listed_in_PDFtoWebsite_ashby_source,2026-09-21,ashby_board_tokens_1662.csv,https://github.com/vedangvatsa/PDFtoWebsite/blob/main/.github/scripts/jobs-sync.mjs,Imported from the user-provided board-token registry.
board,ashby,allium,allium,slug,https://jobs.ashbyhq.com/allium,https://api.ashbyhq.com/posting-api/job-board/allium,https://api.ashbyhq.com/posting-api/job-board/allium?includeCompensation=true,GET,listed_in_PDFtoWebsite_ashby_source,2026-09-21,ashby_board_tokens_1662.csv,https://github.com/vedangvatsa/PDFtoWebsite/blob/main/.github/scripts/jobs-sync.mjs,Imported from the user-provided board-token registry.
board,ashby,alljoined,alljoined,slug,https://jobs.ashbyhq.com/alljoined,https://api.ashbyhq.com/posting-api/job-board/alljoined,https://api.ashbyhq.com/posting-api/job-board/alljoined?includeCompensation=true,GET,listed_in_PDFtoWebsite_ashby_source,2026-09-21,ashby_board_tokens_1662.csv,https://github.com/vedangvatsa/PDFtoWebsite/blob/main/.github/scripts/jobs-sync.mjs,Imported from the user-provided board-token registry.
board,ashby,allspice,allspice,slug,https://jobs.ashbyhq.com/allspice,https://api.ashbyhq.com/posting-api/job-board/allspice,https://api.ashbyhq.com/posting-api/job-board/allspice?includeCompensation=true,GET,listed_in_PDFtoWebsite_ashby_source,2026-09-21,ashby_board_tokens_1662.csv,https://github.com/vedangvatsa/PDFtoWebsite/blob/main/.github/scripts/jobs-sync.mjs,Imported from the user-provided board-token registry.
board,ashby,almabase,almabase,slug,https://jobs.ashbyhq.com/almabase,https://api.ashbyhq.com/posting-api/job-board/almabase,https://api.ashbyhq.com/posting-api/job-board/almabase?includeCompensation=true,GET,listed_in_PDFtoWebsite_ashby_source,2026-09-21,ashby_board_tokens_1662.csv,https://github.com/vedangvatsa/PDFtoWebsite/blob/main/.github/scripts/jobs-sync.mjs,Imported from the user-provided board-token registry.
board,ashby,almedia,almedia,slug,https://jobs.ashbyhq.com/almedia,https://api.ashbyhq.com/posting-api/job-board/almedia,https://api.ashbyhq.com/posting-api/job-board/almedia?includeCompensation=true,GET,listed_in_PDFtoWebsite_ashby_source,2026-09-21,ashby_board_tokens_1662.csv,https://github.com/vedangvatsa/PDFtoWebsite/blob/main/.github/scripts/jobs-sync.mjs,Imported from the user-provided board-token registry.
board,ashby,alpenlabs,alpenlabs,slug,https://jobs.ashbyhq.com/alpenlabs,https://api.ashbyhq.com/posting-api/job-board/alpenlabs,https://api.ashbyhq.com/posting-api/job-board/alpenlabs?includeCompensation=true,GET,listed_in_PDFtoWebsite_ashby_source,2026-09-21,ashby_board_tokens_1662.csv,https://github.com/vedangvatsa/PDFtoWebsite/blob/main/.github/scripts/jobs-sync.mjs,Imported from the user-provided board-token registry.
board,ashby,alternativepayments,alternativepayments,slug,https://jobs.ashbyhq.com/alternativepayments,https://api.ashbyhq.com/posting-api/job-board/alternativepayments,https://api.ashbyhq.com/posting-api/job-board/alternativepayments?includeCompensation=true,GET,listed_in_PDFtoWebsite_ashby_source,2026-09-21,ashby_board_tokens_1662.csv,https://github.com/vedangvatsa/PDFtoWebsite/blob/main/.github/scripts/jobs-sync.mjs,Imported from the user-provided board-token registry.
board,ashby,altimate,altimate,slug,https://jobs.ashbyhq.com/altimate,https://api.ashbyhq.com/posting-api/job-board/altimate,https://api.ashbyhq.com/posting-api/job-board/altimate?includeCompensation=true,GET,listed_in_PDFtoWebsite_ashby_source,2026-09-21,ashby_board_tokens_1662.csv,https://github.com/vedangvatsa/PDFtoWebsite/blob/main/.github/scripts/jobs-sync.mjs,Imported from the user-provided board-token registry.
board,ashby,altruistiq,altruistiq,slug,https://jobs.ashbyhq.com/altruistiq,https://api.ashbyhq.com/posting-api/job-board/altruistiq,https://api.ashbyhq.com/posting-api/job-board/altruistiq?includeCompensation=true,GET,listed_in_PDFtoWebsite_ashby_source,2026-09-21,ashby_board_tokens_1662.csv,https://github.com/vedangvatsa/PDFtoWebsite/blob/main/.github/scripts/jobs-sync.mjs,Imported from the user-provided board-token registry.
board,ashby,ambiencehealthcare,ambiencehealthcare,slug,https://jobs.ashbyhq.com/ambiencehealthcare,https://api.ashbyhq.com/posting-api/job-board/ambiencehealthcare,https://api.ashbyhq.com/posting-api/job-board/ambiencehealthcare?includeCompensation=true,GET,listed_in_PDFtoWebsite_ashby_source,2026-09-21,ashby_board_tokens_1662.csv,https://github.com/vedangvatsa/PDFtoWebsite/blob/main/.github/scripts/jobs-sync.mjs,Imported from the user-provided board-token registry.
board,ashby,ambient.ai,ambient.ai,slug,https://jobs.ashbyhq.com/ambient.ai,https://api.ashbyhq.com/posting-api/job-board/ambient.ai,https://api.ashbyhq.com/posting-api/job-board/ambient.ai?includeCompensation=true,GET,listed_in_PDFtoWebsite_ashby_source,2026-09-21,ashby_board_tokens_1662.csv,https://github.com/vedangvatsa/PDFtoWebsite/blob/main/.github/scripts/jobs-sync.mjs,Imported from the user-provided board-token registry.
board,ashby,ambrook,ambrook,slug,https://jobs.ashbyhq.com/ambrook,https://api.ashbyhq.com/posting-api/job-board/ambrook,https://api.ashbyhq.com/posting-api/job-board/ambrook?includeCompensation=true,GET,listed_in_PDFtoWebsite_ashby_source,2026-09-21,ashby_board_tokens_1662.csv,https://github.com/vedangvatsa/PDFtoWebsite/blob/main/.github/scripts/jobs-sync.mjs,Imported from the user-provided board-token registry.
board,ashby,amca,amca,slug,https://jobs.ashbyhq.com/amca,https://api.ashbyhq.com/posting-api/job-board/amca,https://api.ashbyhq.com/posting-api/job-board/amca?includeCompensation=true,GET,listed_in_PDFtoWebsite_alt_ashby_source,2026-09-21,ashby_board_tokens_1662.csv,https://github.com/vedangvatsa/PDFtoWebsite/blob/main/run-cj.mjs,Imported from the user-provided board-token registry.
board,ashby,amenitiz,amenitiz,slug,https://jobs.ashbyhq.com/amenitiz,https://api.ashbyhq.com/posting-api/job-board/amenitiz,https://api.ashbyhq.com/posting-api/job-board/amenitiz?includeCompensation=true,GET,listed_in_PDFtoWebsite_ashby_source,2026-09-21,ashby_board_tokens_1662.csv,https://github.com/vedangvatsa/PDFtoWebsite/blob/main/.github/scripts/jobs-sync.mjs,Imported from the user-provided board-token registry.
board,ashby,ami,ami,slug,https://jobs.ashbyhq.com/ami,https://api.ashbyhq.com/posting-api/job-board/ami,https://api.ashbyhq.com/posting-api/job-board/ami?includeCompensation=true,GET,listed_in_PDFtoWebsite_ashby_source,2026-09-21,ashby_board_tokens_1662.csv,https://github.com/vedangvatsa/PDFtoWebsite/blob/main/.github/scripts/jobs-sync.mjs,Imported from the user-provided board-token registry.
board,ashby,amo,amo,slug,https://jobs.ashbyhq.com/amo,https://api.ashbyhq.com/posting-api/job-board/amo,https://api.ashbyhq.com/posting-api/job-board/amo?includeCompensation=true,GET,listed_in_PDFtoWebsite_ashby_source,2026-09-21,ashby_board_tokens_1662.csv,https://github.com/vedangvatsa/PDFtoWebsite/blob/main/.github/scripts/jobs-sync.mjs,Imported from the user-provided board-token registry.
board,ashby,amperos,amperos,slug,https://jobs.ashbyhq.com/amperos,https://api.ashbyhq.com/posting-api/job-board/amperos,https://api.ashbyhq.com/posting-api/job-board/amperos?includeCompensation=true,GET,listed_in_PDFtoWebsite_ashby_source,2026-09-21,ashby_board_tokens_1662.csv,https://github.com/vedangvatsa/PDFtoWebsite/blob/main/.github/scripts/jobs-sync.mjs,Imported from the user-provided board-token registry.
board,ashby,amplitude,amplitude,slug,https://jobs.ashbyhq.com/amplitude,https://api.ashbyhq.com/posting-api/job-board/amplitude,https://api.ashbyhq.com/posting-api/job-board/amplitude?includeCompensation=true,GET,listed_in_PDFtoWebsite_ashby_source,2026-09-21,ashby_board_tokens_1662.csv,https://github.com/vedangvatsa/PDFtoWebsite/blob/main/.github/scripts/jobs-sync.mjs,Imported from the user-provided board-token registry.
board,ashby,amplo,amplo,slug,https://jobs.ashbyhq.com/amplo,https://api.ashbyhq.com/posting-api/job-board/amplo,https://api.ashbyhq.com/posting-api/job-board/amplo?includeCompensation=true,GET,listed_in_PDFtoWebsite_ashby_source,2026-09-21,ashby_board_tokens_1662.csv,https://github.com/vedangvatsa/PDFtoWebsite/blob/main/.github/scripts/jobs-sync.mjs,Imported from the user-provided board-token registry.
board,ashby,anagram,anagram,slug,https://jobs.ashbyhq.com/anagram,https://api.ashbyhq.com/posting-api/job-board/anagram,https://api.ashbyhq.com/posting-api/job-board/anagram?includeCompensation=true,GET,listed_in_PDFtoWebsite_ashby_source,2026-09-21,ashby_board_tokens_1662.csv,https://github.com/vedangvatsa/PDFtoWebsite/blob/main/.github/scripts/jobs-sync.mjs,Imported from the user-provided board-token registry.
board,ashby,anatomy-financial,anatomy-financial,slug,https://jobs.ashbyhq.com/anatomy-financial,https://api.ashbyhq.com/posting-api/job-board/anatomy-financial,https://api.ashbyhq.com/posting-api/job-board/anatomy-financial?includeCompensation=true,GET,listed_in_PDFtoWebsite_ashby_source,2026-09-21,ashby_board_tokens_1662.csv,https://github.com/vedangvatsa/PDFtoWebsite/blob/main/.github/scripts/jobs-sync.mjs,Imported from the user-provided board-token registry.
board,ashby,andela,andela,slug,https://jobs.ashbyhq.com/andela,https://api.ashbyhq.com/posting-api/job-board/andela,https://api.ashbyhq.com/posting-api/job-board/andela?includeCompensation=true,GET,verified_in_open-ats-jobs_ashby_source,2026-08-18,ashby_board_tokens_1662.csv,https://github.com/splashdeluxe/open-ats-jobs/blob/main/seeds/companies.json,Imported from the user-provided board-token registry.
board,ashby,anglehealth,anglehealth,slug,https://jobs.ashbyhq.com/anglehealth,https://api.ashbyhq.com/posting-api/job-board/anglehealth,https://api.ashbyhq.com/posting-api/job-board/anglehealth?includeCompensation=true,GET,listed_in_PDFtoWebsite_ashby_source,2026-09-21,ashby_board_tokens_1662.csv,https://github.com/vedangvatsa/PDFtoWebsite/blob/main/.github/scripts/jobs-sync.mjs,Imported from the user-provided board-token registry.
board,ashby,anima,anima,slug,https://jobs.ashbyhq.com/anima,https://api.ashbyhq.com/posting-api/job-board/anima,https://api.ashbyhq.com/posting-api/job-board/anima?includeCompensation=true,GET,listed_in_PDFtoWebsite_ashby_source,2026-09-21,ashby_board_tokens_1662.csv,https://github.com/vedangvatsa/PDFtoWebsite/blob/main/.github/scripts/jobs-sync.mjs,Imported from the user-provided board-token registry.
board,ashby,anrok,anrok,slug,https://jobs.ashbyhq.com/anrok,https://api.ashbyhq.com/posting-api/job-board/anrok,https://api.ashbyhq.com/posting-api/job-board/anrok?includeCompensation=true,GET,listed_in_PDFtoWebsite_ashby_source,2026-09-21,ashby_board_tokens_1662.csv,https://github.com/vedangvatsa/PDFtoWebsite/blob/main/.github/scripts/jobs-sync.mjs,Imported from the user-provided board-token registry.
board,ashby,ansiblehealth,ansiblehealth,slug,https://jobs.ashbyhq.com/ansiblehealth,https://api.ashbyhq.com/posting-api/job-board/ansiblehealth,https://api.ashbyhq.com/posting-api/job-board/ansiblehealth?includeCompensation=true,GET,listed_in_PDFtoWebsite_ashby_source,2026-09-21,ashby_board_tokens_1662.csv,https://github.com/vedangvatsa/PDFtoWebsite/blob/main/.github/scripts/jobs-sync.mjs,Imported from the user-provided board-token registry.
board,ashby,answersnow,answersnow,slug,https://jobs.ashbyhq.com/answersnow,https://api.ashbyhq.com/posting-api/job-board/answersnow,https://api.ashbyhq.com/posting-api/job-board/answersnow?includeCompensation=true,GET,listed_in_PDFtoWebsite_ashby_source,2026-09-21,ashby_board_tokens_1662.csv,https://github.com/vedangvatsa/PDFtoWebsite/blob/main/.github/scripts/jobs-sync.mjs,Imported from the user-provided board-token registry.
board,ashby,antares,antares,slug,https://jobs.ashbyhq.com/antares,https://api.ashbyhq.com/posting-api/job-board/antares,https://api.ashbyhq.com/posting-api/job-board/antares?includeCompensation=true,GET,listed_in_PDFtoWebsite_ashby_source,2026-09-21,ashby_board_tokens_1662.csv,https://github.com/vedangvatsa/PDFtoWebsite/blob/main/.github/scripts/jobs-sync.mjs,Imported from the user-provided board-token registry.
board,ashby,anterior,anterior,slug,https://jobs.ashbyhq.com/anterior,https://api.ashbyhq.com/posting-api/job-board/anterior,https://api.ashbyhq.com/posting-api/job-board/anterior?includeCompensation=true,GET,listed_in_PDFtoWebsite_ashby_source,2026-09-21,ashby_board_tokens_1662.csv,https://github.com/vedangvatsa/PDFtoWebsite/blob/main/.github/scripts/jobs-sync.mjs,Imported from the user-provided board-token registry.
board,ashby,antithesis,antithesis,slug,https://jobs.ashbyhq.com/antithesis,https://api.ashbyhq.com/posting-api/job-board/antithesis,https://api.ashbyhq.com/posting-api/job-board/antithesis?includeCompensation=true,GET,listed_in_PDFtoWebsite_ashby_source,2026-09-21,ashby_board_tokens_1662.csv,https://github.com/vedangvatsa/PDFtoWebsite/blob/main/.github/scripts/jobs-sync.mjs,Imported from the user-provided board-token registry.
board,ashby,anyone-ai,anyone-ai,slug,https://jobs.ashbyhq.com/anyone-ai,https://api.ashbyhq.com/posting-api/job-board/anyone-ai,https://api.ashbyhq.com/posting-api/job-board/anyone-ai?includeCompensation=true,GET,listed_in_PDFtoWebsite_ashby_source,2026-09-21,ashby_board_tokens_1662.csv,https://github.com/vedangvatsa/PDFtoWebsite/blob/main/.github/scripts/jobs-sync.mjs,Imported from the user-provided board-token registry.
board,ashby,anyscale,anyscale,slug,https://jobs.ashbyhq.com/anyscale,https://api.ashbyhq.com/posting-api/job-board/anyscale,https://api.ashbyhq.com/posting-api/job-board/anyscale?includeCompensation=true,GET,listed_in_PDFtoWebsite_ashby_source,2026-09-21,ashby_board_tokens_1662.csv,https://github.com/vedangvatsa/PDFtoWebsite/blob/main/.github/scripts/jobs-sync.mjs,Imported from the user-provided board-token registry.
board,ashby,anysignal,anysignal,slug,https://jobs.ashbyhq.com/anysignal,https://api.ashbyhq.com/posting-api/job-board/anysignal,https://api.ashbyhq.com/posting-api/job-board/anysignal?includeCompensation=true,GET,listed_in_PDFtoWebsite_ashby_source,2026-09-21,ashby_board_tokens_1662.csv,https://github.com/vedangvatsa/PDFtoWebsite/blob/main/.github/scripts/jobs-sync.mjs,Imported from the user-provided board-token registry.
board,ashby,anything,anything,slug,https://jobs.ashbyhq.com/anything,https://api.ashbyhq.com/posting-api/job-board/anything,https://api.ashbyhq.com/posting-api/job-board/anything?includeCompensation=true,GET,listed_in_PDFtoWebsite_ashby_source,2026-09-21,ashby_board_tokens_1662.csv,https://github.com/vedangvatsa/PDFtoWebsite/blob/main/.github/scripts/jobs-sync.mjs,Imported from the user-provided board-token registry.
board,ashby,anyvan,anyvan,slug,https://jobs.ashbyhq.com/anyvan,https://api.ashbyhq.com/posting-api/job-board/anyvan,https://api.ashbyhq.com/posting-api/job-board/anyvan?includeCompensation=true,GET,listed_in_PDFtoWebsite_ashby_source,2026-09-21,ashby_board_tokens_1662.csv,https://github.com/vedangvatsa/PDFtoWebsite/blob/main/.github/scripts/jobs-sync.mjs,Imported from the user-provided board-token registry.
board,ashby,apex-technology-inc,apex-technology-inc,slug,https://jobs.ashbyhq.com/apex-technology-inc,https://api.ashbyhq.com/posting-api/job-board/apex-technology-inc,https://api.ashbyhq.com/posting-api/job-board/apex-technology-inc?includeCompensation=true,GET,listed_in_PDFtoWebsite_ashby_source,2026-09-21,ashby_board_tokens_1662.csv,https://github.com/vedangvatsa/PDFtoWebsite/blob/main/.github/scripts/jobs-sync.mjs,Imported from the user-provided board-token registry.
board,ashby,apexgrowth,apexgrowth,slug,https://jobs.ashbyhq.com/apexgrowth,https://api.ashbyhq.com/posting-api/job-board/apexgrowth,https://api.ashbyhq.com/posting-api/job-board/apexgrowth?includeCompensation=true,GET,listed_in_PDFtoWebsite_ashby_source,2026-09-21,ashby_board_tokens_1662.csv,https://github.com/vedangvatsa/PDFtoWebsite/blob/main/.github/scripts/jobs-sync.mjs,Imported from the user-provided board-token registry.
board,ashby,applied,applied,slug,https://jobs.ashbyhq.com/applied,https://api.ashbyhq.com/posting-api/job-board/applied,https://api.ashbyhq.com/posting-api/job-board/applied?includeCompensation=true,GET,listed_in_PDFtoWebsite_ashby_source,2026-09-21,ashby_board_tokens_1662.csv,https://github.com/vedangvatsa/PDFtoWebsite/blob/main/.github/scripts/jobs-sync.mjs,Imported from the user-provided board-token registry.
board,ashby,applied-behavioral-services,applied-behavioral-services,slug,https://jobs.ashbyhq.com/applied-behavioral-services,https://api.ashbyhq.com/posting-api/job-board/applied-behavioral-services,https://api.ashbyhq.com/posting-api/job-board/applied-behavioral-services?includeCompensation=true,GET,listed_in_PDFtoWebsite_ashby_source,2026-09-21,ashby_board_tokens_1662.csv,https://github.com/vedangvatsa/PDFtoWebsite/blob/main/.github/scripts/jobs-sync.mjs,Imported from the user-provided board-token registry.
board,ashby,appsmith,appsmith,slug,https://jobs.ashbyhq.com/appsmith,https://api.ashbyhq.com/posting-api/job-board/appsmith,https://api.ashbyhq.com/posting-api/job-board/appsmith?includeCompensation=true,GET,listed_in_PDFtoWebsite_alt_ashby_source,2026-09-21,ashby_board_tokens_1662.csv,https://github.com/vedangvatsa/PDFtoWebsite/blob/main/run-cj.mjs,Imported from the user-provided board-token registry.
board,ashby,april,april,slug,https://jobs.ashbyhq.com/april,https://api.ashbyhq.com/posting-api/job-board/april,https://api.ashbyhq.com/posting-api/job-board/april?includeCompensation=true,GET,listed_in_PDFtoWebsite_ashby_source,2026-09-21,ashby_board_tokens_1662.csv,https://github.com/vedangvatsa/PDFtoWebsite/blob/main/.github/scripts/jobs-sync.mjs,Imported from the user-provided board-token registry.
board,ashby,aqua-voice,aqua-voice,slug,https://jobs.ashbyhq.com/aqua-voice,https://api.ashbyhq.com/posting-api/job-board/aqua-voice,https://api.ashbyhq.com/posting-api/job-board/aqua-voice?includeCompensation=true,GET,listed_in_PDFtoWebsite_ashby_source,2026-09-21,ashby_board_tokens_1662.csv,https://github.com/vedangvatsa/PDFtoWebsite/blob/main/.github/scripts/jobs-sync.mjs,Imported from the user-provided board-token registry.
board,ashby,aquarianlp,aquarianlp,slug,https://jobs.ashbyhq.com/aquarianlp,https://api.ashbyhq.com/posting-api/job-board/aquarianlp,https://api.ashbyhq.com/posting-api/job-board/aquarianlp?includeCompensation=true,GET,listed_in_PDFtoWebsite_ashby_source,2026-09-21,ashby_board_tokens_1662.csv,https://github.com/vedangvatsa/PDFtoWebsite/blob/main/.github/scripts/jobs-sync.mjs,Imported from the user-provided board-token registry.
board,ashby,arago,arago,slug,https://jobs.ashbyhq.com/arago,https://api.ashbyhq.com/posting-api/job-board/arago,https://api.ashbyhq.com/posting-api/job-board/arago?includeCompensation=true,GET,listed_in_PDFtoWebsite_ashby_source,2026-09-21,ashby_board_tokens_1662.csv,https://github.com/vedangvatsa/PDFtoWebsite/blob/main/.github/scripts/jobs-sync.mjs,Imported from the user-provided board-token registry.
board,ashby,arb-interactive,arb-interactive,slug,https://jobs.ashbyhq.com/arb-interactive,https://api.ashbyhq.com/posting-api/job-board/arb-interactive,https://api.ashbyhq.com/posting-api/job-board/arb-interactive?includeCompensation=true,GET,listed_in_PDFtoWebsite_ashby_source,2026-09-21,ashby_board_tokens_1662.csv,https://github.com/vedangvatsa/PDFtoWebsite/blob/main/.github/scripts/jobs-sync.mjs,Imported from the user-provided board-token registry.
board,ashby,arbiter-ai,arbiter-ai,slug,https://jobs.ashbyhq.com/arbiter-ai,https://api.ashbyhq.com/posting-api/job-board/arbiter-ai,https://api.ashbyhq.com/posting-api/job-board/arbiter-ai?includeCompensation=true,GET,listed_in_PDFtoWebsite_ashby_source,2026-09-21,ashby_board_tokens_1662.csv,https://github.com/vedangvatsa/PDFtoWebsite/blob/main/.github/scripts/jobs-sync.mjs,Imported from the user-provided board-token registry.
board,ashby,arbor,arbor,slug,https://jobs.ashbyhq.com/arbor,https://api.ashbyhq.com/posting-api/job-board/arbor,https://api.ashbyhq.com/posting-api/job-board/arbor?includeCompensation=true,GET,listed_in_PDFtoWebsite_ashby_source,2026-09-21,ashby_board_tokens_1662.csv,https://github.com/vedangvatsa/PDFtoWebsite/blob/main/.github/scripts/jobs-sync.mjs,Imported from the user-provided board-token registry.
board,ashby,arcade,arcade,slug,https://jobs.ashbyhq.com/arcade,https://api.ashbyhq.com/posting-api/job-board/arcade,https://api.ashbyhq.com/posting-api/job-board/arcade?includeCompensation=true,GET,listed_in_PDFtoWebsite_ashby_source,2026-09-21,ashby_board_tokens_1662.csv,https://github.com/vedangvatsa/PDFtoWebsite/blob/main/.github/scripts/jobs-sync.mjs,Imported from the user-provided board-token registry.
board,ashby,arcade-ai,arcade-ai,slug,https://jobs.ashbyhq.com/arcade-ai,https://api.ashbyhq.com/posting-api/job-board/arcade-ai,https://api.ashbyhq.com/posting-api/job-board/arcade-ai?includeCompensation=true,GET,listed_in_PDFtoWebsite_ashby_source,2026-09-21,ashby_board_tokens_1662.csv,https://github.com/vedangvatsa/PDFtoWebsite/blob/main/.github/scripts/jobs-sync.mjs,Imported from the user-provided board-token registry.
board,ashby,arch.co,arch.co,slug,https://jobs.ashbyhq.com/arch.co,https://api.ashbyhq.com/posting-api/job-board/arch.co,https://api.ashbyhq.com/posting-api/job-board/arch.co?includeCompensation=true,GET,listed_in_PDFtoWebsite_ashby_source,2026-09-21,ashby_board_tokens_1662.csv,https://github.com/vedangvatsa/PDFtoWebsite/blob/main/.github/scripts/jobs-sync.mjs,Imported from the user-provided board-token registry.
board,ashby,archive,archive,slug,https://jobs.ashbyhq.com/archive,https://api.ashbyhq.com/posting-api/job-board/archive,https://api.ashbyhq.com/posting-api/job-board/archive?includeCompensation=true,GET,listed_in_PDFtoWebsite_ashby_source,2026-09-21,ashby_board_tokens_1662.csv,https://github.com/vedangvatsa/PDFtoWebsite/blob/main/.github/scripts/jobs-sync.mjs,Imported from the user-provided board-token registry.
board,ashby,arena,arena,slug,https://jobs.ashbyhq.com/arena,https://api.ashbyhq.com/posting-api/job-board/arena,https://api.ashbyhq.com/posting-api/job-board/arena?includeCompensation=true,GET,listed_in_PDFtoWebsite_ashby_source,2026-09-21,ashby_board_tokens_1662.csv,https://github.com/vedangvatsa/PDFtoWebsite/blob/main/.github/scripts/jobs-sync.mjs,Imported from the user-provided board-token registry.
board,ashby,arkenstonedefense,arkenstonedefense,slug,https://jobs.ashbyhq.com/arkenstonedefense,https://api.ashbyhq.com/posting-api/job-board/arkenstonedefense,https://api.ashbyhq.com/posting-api/job-board/arkenstonedefense?includeCompensation=true,GET,listed_in_PDFtoWebsite_ashby_source,2026-09-21,ashby_board_tokens_1662.csv,https://github.com/vedangvatsa/PDFtoWebsite/blob/main/.github/scripts/jobs-sync.mjs,Imported from the user-provided board-token registry.
board,ashby,arlo,arlo,slug,https://jobs.ashbyhq.com/arlo,https://api.ashbyhq.com/posting-api/job-board/arlo,https://api.ashbyhq.com/posting-api/job-board/arlo?includeCompensation=true,GET,listed_in_PDFtoWebsite_ashby_source,2026-09-21,ashby_board_tokens_1662.csv,https://github.com/vedangvatsa/PDFtoWebsite/blob/main/.github/scripts/jobs-sync.mjs,Imported from the user-provided board-token registry.
board,ashby,around,around,slug,https://jobs.ashbyhq.com/around,https://api.ashbyhq.com/posting-api/job-board/around,https://api.ashbyhq.com/posting-api/job-board/around?includeCompensation=true,GET,listed_in_PDFtoWebsite_alt_ashby_source,2026-09-21,ashby_board_tokens_1662.csv,https://github.com/vedangvatsa/PDFtoWebsite/blob/main/run-cj.mjs,Imported from the user-provided board-token registry.
board,ashby,arqu,arqu,slug,https://jobs.ashbyhq.com/arqu,https://api.ashbyhq.com/posting-api/job-board/arqu,https://api.ashbyhq.com/posting-api/job-board/arqu?includeCompensation=true,GET,listed_in_PDFtoWebsite_alt_ashby_source,2026-09-21,ashby_board_tokens_1662.csv,https://github.com/vedangvatsa/PDFtoWebsite/blob/main/run-cj.mjs,Imported from the user-provided board-token registry.
board,ashby,array-behavioral-care,array-behavioral-care,slug,https://jobs.ashbyhq.com/array-behavioral-care,https://api.ashbyhq.com/posting-api/job-board/array-behavioral-care,https://api.ashbyhq.com/posting-api/job-board/array-behavioral-care?includeCompensation=true,GET,listed_in_PDFtoWebsite_ashby_source,2026-09-21,ashby_board_tokens_1662.csv,https://github.com/vedangvatsa/PDFtoWebsite/blob/main/.github/scripts/jobs-sync.mjs,Imported from the user-provided board-token registry.
board,ashby,artemis,artemis,slug,https://jobs.ashbyhq.com/artemis,https://api.ashbyhq.com/posting-api/job-board/artemis,https://api.ashbyhq.com/posting-api/job-board/artemis?includeCompensation=true,GET,listed_in_PDFtoWebsite_ashby_source,2026-09-21,ashby_board_tokens_1662.csv,https://github.com/vedangvatsa/PDFtoWebsite/blob/main/.github/scripts/jobs-sync.mjs,Imported from the user-provided board-token registry.
board,ashby,artisan,artisan,slug,https://jobs.ashbyhq.com/artisan,https://api.ashbyhq.com/posting-api/job-board/artisan,https://api.ashbyhq.com/posting-api/job-board/artisan?includeCompensation=true,GET,listed_in_PDFtoWebsite_ashby_source,2026-09-21,ashby_board_tokens_1662.csv,https://github.com/vedangvatsa/PDFtoWebsite/blob/main/.github/scripts/jobs-sync.mjs,Imported from the user-provided board-token registry.
board,ashby,asari.ai,asari.ai,slug,https://jobs.ashbyhq.com/asari.ai,https://api.ashbyhq.com/posting-api/job-board/asari.ai,https://api.ashbyhq.com/posting-api/job-board/asari.ai?includeCompensation=true,GET,listed_in_PDFtoWebsite_ashby_source,2026-09-21,ashby_board_tokens_1662.csv,https://github.com/vedangvatsa/PDFtoWebsite/blob/main/.github/scripts/jobs-sync.mjs,Imported from the user-provided board-token registry.
board,ashby,ascertain,ascertain,slug,https://jobs.ashbyhq.com/ascertain,https://api.ashbyhq.com/posting-api/job-board/ascertain,https://api.ashbyhq.com/posting-api/job-board/ascertain?includeCompensation=true,GET,listed_in_PDFtoWebsite_ashby_source,2026-09-21,ashby_board_tokens_1662.csv,https://github.com/vedangvatsa/PDFtoWebsite/blob/main/.github/scripts/jobs-sync.mjs,Imported from the user-provided board-token registry.
board,ashby,ashby,ashby,slug,https://jobs.ashbyhq.com/ashby,https://api.ashbyhq.com/posting-api/job-board/ashby,https://api.ashbyhq.com/posting-api/job-board/ashby?includeCompensation=true,GET,listed_in_PDFtoWebsite_ashby_source,2026-09-21,ashby_board_tokens_1662.csv,https://github.com/vedangvatsa/PDFtoWebsite/blob/main/.github/scripts/jobs-sync.mjs,Imported from the user-provided board-token registry.
board,ashby,ashgro,ashgro,slug,https://jobs.ashbyhq.com/ashgro,https://api.ashbyhq.com/posting-api/job-board/ashgro,https://api.ashbyhq.com/posting-api/job-board/ashgro?includeCompensation=true,GET,listed_in_PDFtoWebsite_ashby_source,2026-09-21,ashby_board_tokens_1662.csv,https://github.com/vedangvatsa/PDFtoWebsite/blob/main/.github/scripts/jobs-sync.mjs,Imported from the user-provided board-token registry.
board,ashby,asimov,asimov,slug,https://jobs.ashbyhq.com/asimov,https://api.ashbyhq.com/posting-api/job-board/asimov,https://api.ashbyhq.com/posting-api/job-board/asimov?includeCompensation=true,GET,listed_in_PDFtoWebsite_ashby_source,2026-09-21,ashby_board_tokens_1662.csv,https://github.com/vedangvatsa/PDFtoWebsite/blob/main/.github/scripts/jobs-sync.mjs,Imported from the user-provided board-token registry.
board,ashby,aspora,aspora,slug,https://jobs.ashbyhq.com/aspora,https://api.ashbyhq.com/posting-api/job-board/aspora,https://api.ashbyhq.com/posting-api/job-board/aspora?includeCompensation=true,GET,listed_in_PDFtoWebsite_ashby_source,2026-09-21,ashby_board_tokens_1662.csv,https://github.com/vedangvatsa/PDFtoWebsite/blob/main/.github/scripts/jobs-sync.mjs,Imported from the user-provided board-token registry.
board,ashby,assembledhq,assembledhq,slug,https://jobs.ashbyhq.com/assembledhq,https://api.ashbyhq.com/posting-api/job-board/assembledhq,https://api.ashbyhq.com/posting-api/job-board/assembledhq?includeCompensation=true,GET,listed_in_PDFtoWebsite_ashby_source,2026-09-21,ashby_board_tokens_1662.csv,https://github.com/vedangvatsa/PDFtoWebsite/blob/main/.github/scripts/jobs-sync.mjs,Imported from the user-provided board-token registry.
board,ashby,assorthealth,assorthealth,slug,https://jobs.ashbyhq.com/assorthealth,https://api.ashbyhq.com/posting-api/job-board/assorthealth,https://api.ashbyhq.com/posting-api/job-board/assorthealth?includeCompensation=true,GET,listed_in_PDFtoWebsite_ashby_source,2026-09-21,ashby_board_tokens_1662.csv,https://github.com/vedangvatsa/PDFtoWebsite/blob/main/.github/scripts/jobs-sync.mjs,Imported from the user-provided board-token registry.
board,ashby,assured,assured,slug,https://jobs.ashbyhq.com/assured,https://api.ashbyhq.com/posting-api/job-board/assured,https://api.ashbyhq.com/posting-api/job-board/assured?includeCompensation=true,GET,listed_in_PDFtoWebsite_ashby_source,2026-09-21,ashby_board_tokens_1662.csv,https://github.com/vedangvatsa/PDFtoWebsite/blob/main/.github/scripts/jobs-sync.mjs,Imported from the user-provided board-token registry.
board,ashby,assured-health,assured-health,slug,https://jobs.ashbyhq.com/assured-health,https://api.ashbyhq.com/posting-api/job-board/assured-health,https://api.ashbyhq.com/posting-api/job-board/assured-health?includeCompensation=true,GET,listed_in_PDFtoWebsite_ashby_source,2026-09-21,ashby_board_tokens_1662.csv,https://github.com/vedangvatsa/PDFtoWebsite/blob/main/.github/scripts/jobs-sync.mjs,Imported from the user-provided board-token registry.
board,ashby,astera,astera,slug,https://jobs.ashbyhq.com/astera,https://api.ashbyhq.com/posting-api/job-board/astera,https://api.ashbyhq.com/posting-api/job-board/astera?includeCompensation=true,GET,listed_in_PDFtoWebsite_ashby_source,2026-09-21,ashby_board_tokens_1662.csv,https://github.com/vedangvatsa/PDFtoWebsite/blob/main/.github/scripts/jobs-sync.mjs,Imported from the user-provided board-token registry.
board,ashby,astral,astral,slug,https://jobs.ashbyhq.com/astral,https://api.ashbyhq.com/posting-api/job-board/astral,https://api.ashbyhq.com/posting-api/job-board/astral?includeCompensation=true,GET,listed_in_PDFtoWebsite_ashby_source,2026-09-21,ashby_board_tokens_1662.csv,https://github.com/vedangvatsa/PDFtoWebsite/blob/main/.github/scripts/jobs-sync.mjs,Imported from the user-provided board-token registry.
board,ashby,astro-mechanica,astro-mechanica,slug,https://jobs.ashbyhq.com/astro-mechanica,https://api.ashbyhq.com/posting-api/job-board/astro-mechanica,https://api.ashbyhq.com/posting-api/job-board/astro-mechanica?includeCompensation=true,GET,listed_in_PDFtoWebsite_ashby_source,2026-09-21,ashby_board_tokens_1662.csv,https://github.com/vedangvatsa/PDFtoWebsite/blob/main/.github/scripts/jobs-sync.mjs,Imported from the user-provided board-token registry.
board,ashby,astronomer,astronomer,slug,https://jobs.ashbyhq.com/astronomer,https://api.ashbyhq.com/posting-api/job-board/astronomer,https://api.ashbyhq.com/posting-api/job-board/astronomer?includeCompensation=true,GET,listed_in_PDFtoWebsite_ashby_source,2026-09-21,ashby_board_tokens_1662.csv,https://github.com/vedangvatsa/PDFtoWebsite/blob/main/.github/scripts/jobs-sync.mjs,Imported from the user-provided board-token registry.
board,ashby,asymmetric.re,asymmetric.re,slug,https://jobs.ashbyhq.com/asymmetric.re,https://api.ashbyhq.com/posting-api/job-board/asymmetric.re,https://api.ashbyhq.com/posting-api/job-board/asymmetric.re?includeCompensation=true,GET,listed_in_PDFtoWebsite_ashby_source,2026-09-21,ashby_board_tokens_1662.csv,https://github.com/vedangvatsa/PDFtoWebsite/blob/main/.github/scripts/jobs-sync.mjs,Imported from the user-provided board-token registry.
board,ashby,ataraxis-ai,ataraxis-ai,slug,https://jobs.ashbyhq.com/ataraxis-ai,https://api.ashbyhq.com/posting-api/job-board/ataraxis-ai,https://api.ashbyhq.com/posting-api/job-board/ataraxis-ai?includeCompensation=true,GET,listed_in_PDFtoWebsite_ashby_source,2026-09-21,ashby_board_tokens_1662.csv,https://github.com/vedangvatsa/PDFtoWebsite/blob/main/.github/scripts/jobs-sync.mjs,Imported from the user-provided board-token registry.
board,ashby,athena-hq,athena-hq,slug,https://jobs.ashbyhq.com/athena-hq,https://api.ashbyhq.com/posting-api/job-board/athena-hq,https://api.ashbyhq.com/posting-api/job-board/athena-hq?includeCompensation=true,GET,listed_in_PDFtoWebsite_ashby_source,2026-09-21,ashby_board_tokens_1662.csv,https://github.com/vedangvatsa/PDFtoWebsite/blob/main/.github/scripts/jobs-sync.mjs,Imported from the user-provided board-token registry.
board,ashby,athenaactuarial,athenaactuarial,slug,https://jobs.ashbyhq.com/athenaactuarial,https://api.ashbyhq.com/posting-api/job-board/athenaactuarial,https://api.ashbyhq.com/posting-api/job-board/athenaactuarial?includeCompensation=true,GET,listed_in_PDFtoWebsite_ashby_source,2026-09-21,ashby_board_tokens_1662.csv,https://github.com/vedangvatsa/PDFtoWebsite/blob/main/.github/scripts/jobs-sync.mjs,Imported from the user-provided board-token registry.
board,ashby,atlan,atlan,slug,https://jobs.ashbyhq.com/atlan,https://api.ashbyhq.com/posting-api/job-board/atlan,https://api.ashbyhq.com/posting-api/job-board/atlan?includeCompensation=true,GET,listed_in_PDFtoWebsite_ashby_source,2026-09-21,ashby_board_tokens_1662.csv,https://github.com/vedangvatsa/PDFtoWebsite/blob/main/.github/scripts/jobs-sync.mjs,Imported from the user-provided board-token registry.
board,ashby,atlas,atlas,slug,https://jobs.ashbyhq.com/atlas,https://api.ashbyhq.com/posting-api/job-board/atlas,https://api.ashbyhq.com/posting-api/job-board/atlas?includeCompensation=true,GET,listed_in_PDFtoWebsite_ashby_source,2026-09-21,ashby_board_tokens_1662.csv,https://github.com/vedangvatsa/PDFtoWebsite/blob/main/.github/scripts/jobs-sync.mjs,Imported from the user-provided board-token registry.
board,ashby,atlasresidential,atlasresidential,slug,https://jobs.ashbyhq.com/atlasresidential,https://api.ashbyhq.com/posting-api/job-board/atlasresidential,https://api.ashbyhq.com/posting-api/job-board/atlasresidential?includeCompensation=true,GET,listed_in_PDFtoWebsite_ashby_source,2026-09-21,ashby_board_tokens_1662.csv,https://github.com/vedangvatsa/PDFtoWebsite/blob/main/.github/scripts/jobs-sync.mjs,Imported from the user-provided board-token registry.
board,ashby,atob,atob,slug,https://jobs.ashbyhq.com/atob,https://api.ashbyhq.com/posting-api/job-board/atob,https://api.ashbyhq.com/posting-api/job-board/atob?includeCompensation=true,GET,listed_in_PDFtoWebsite_ashby_source,2026-09-21,ashby_board_tokens_1662.csv,https://github.com/vedangvatsa/PDFtoWebsite/blob/main/.github/scripts/jobs-sync.mjs,Imported from the user-provided board-token registry.
board,ashby,atomic,atomic,slug,https://jobs.ashbyhq.com/atomic,https://api.ashbyhq.com/posting-api/job-board/atomic,https://api.ashbyhq.com/posting-api/job-board/atomic?includeCompensation=true,GET,listed_in_PDFtoWebsite_ashby_source,2026-09-21,ashby_board_tokens_1662.csv,https://github.com/vedangvatsa/PDFtoWebsite/blob/main/.github/scripts/jobs-sync.mjs,Imported from the user-provided board-token registry.
board,ashby,atomicindustries,atomicindustries,slug,https://jobs.ashbyhq.com/atomicindustries,https://api.ashbyhq.com/posting-api/job-board/atomicindustries,https://api.ashbyhq.com/posting-api/job-board/atomicindustries?includeCompensation=true,GET,listed_in_PDFtoWebsite_ashby_source,2026-09-21,ashby_board_tokens_1662.csv,https://github.com/vedangvatsa/PDFtoWebsite/blob/main/.github/scripts/jobs-sync.mjs,Imported from the user-provided board-token registry.
board,ashby,atroposhealth,atroposhealth,slug,https://jobs.ashbyhq.com/atroposhealth,https://api.ashbyhq.com/posting-api/job-board/atroposhealth,https://api.ashbyhq.com/posting-api/job-board/atroposhealth?includeCompensation=true,GET,listed_in_PDFtoWebsite_ashby_source,2026-09-21,ashby_board_tokens_1662.csv,https://github.com/vedangvatsa/PDFtoWebsite/blob/main/.github/scripts/jobs-sync.mjs,Imported from the user-provided board-token registry.
board,ashby,attention,attention,slug,https://jobs.ashbyhq.com/attention,https://api.ashbyhq.com/posting-api/job-board/attention,https://api.ashbyhq.com/posting-api/job-board/attention?includeCompensation=true,GET,listed_in_PDFtoWebsite_ashby_source,2026-09-21,ashby_board_tokens_1662.csv,https://github.com/vedangvatsa/PDFtoWebsite/blob/main/.github/scripts/jobs-sync.mjs,Imported from the user-provided board-token registry.
board,ashby,atticus,atticus,slug,https://jobs.ashbyhq.com/atticus,https://api.ashbyhq.com/posting-api/job-board/atticus,https://api.ashbyhq.com/posting-api/job-board/atticus?includeCompensation=true,GET,listed_in_PDFtoWebsite_ashby_source,2026-09-21,ashby_board_tokens_1662.csv,https://github.com/vedangvatsa/PDFtoWebsite/blob/main/.github/scripts/jobs-sync.mjs,Imported from the user-provided board-token registry.
board,ashby,attio,attio,slug,https://jobs.ashbyhq.com/attio,https://api.ashbyhq.com/posting-api/job-board/attio,https://api.ashbyhq.com/posting-api/job-board/attio?includeCompensation=true,GET,listed_in_PDFtoWebsite_ashby_source,2026-09-21,ashby_board_tokens_1662.csv,https://github.com/vedangvatsa/PDFtoWebsite/blob/main/.github/scripts/jobs-sync.mjs,Imported from the user-provided board-token registry.
board,ashby,august-health,august-health,slug,https://jobs.ashbyhq.com/august-health,https://api.ashbyhq.com/posting-api/job-board/august-health,https://api.ashbyhq.com/posting-api/job-board/august-health?includeCompensation=true,GET,listed_in_PDFtoWebsite_ashby_source,2026-09-21,ashby_board_tokens_1662.csv,https://github.com/vedangvatsa/PDFtoWebsite/blob/main/.github/scripts/jobs-sync.mjs,Imported from the user-provided board-token registry.
board,ashby,aurelian,aurelian,slug,https://jobs.ashbyhq.com/aurelian,https://api.ashbyhq.com/posting-api/job-board/aurelian,https://api.ashbyhq.com/posting-api/job-board/aurelian?includeCompensation=true,GET,listed_in_PDFtoWebsite_ashby_source,2026-09-21,ashby_board_tokens_1662.csv,https://github.com/vedangvatsa/PDFtoWebsite/blob/main/.github/scripts/jobs-sync.mjs,Imported from the user-provided board-token registry.
board,ashby,aurorasolar,aurorasolar,slug,https://jobs.ashbyhq.com/aurorasolar,https://api.ashbyhq.com/posting-api/job-board/aurorasolar,https://api.ashbyhq.com/posting-api/job-board/aurorasolar?includeCompensation=true,GET,listed_in_PDFtoWebsite_ashby_source,2026-09-21,ashby_board_tokens_1662.csv,https://github.com/vedangvatsa/PDFtoWebsite/blob/main/.github/scripts/jobs-sync.mjs,Imported from the user-provided board-token registry.
board,ashby,authzed,authzed,slug,https://jobs.ashbyhq.com/authzed,https://api.ashbyhq.com/posting-api/job-board/authzed,https://api.ashbyhq.com/posting-api/job-board/authzed?includeCompensation=true,GET,listed_in_PDFtoWebsite_ashby_source,2026-09-21,ashby_board_tokens_1662.csv,https://github.com/vedangvatsa/PDFtoWebsite/blob/main/.github/scripts/jobs-sync.mjs,Imported from the user-provided board-token registry.
board,ashby,ava-labs,ava-labs,slug,https://jobs.ashbyhq.com/ava-labs,https://api.ashbyhq.com/posting-api/job-board/ava-labs,https://api.ashbyhq.com/posting-api/job-board/ava-labs?includeCompensation=true,GET,listed_in_PDFtoWebsite_ashby_source,2026-09-21,ashby_board_tokens_1662.csv,https://github.com/vedangvatsa/PDFtoWebsite/blob/main/.github/scripts/jobs-sync.mjs,Imported from the user-provided board-token registry.
board,ashby,aven,aven,slug,https://jobs.ashbyhq.com/aven,https://api.ashbyhq.com/posting-api/job-board/aven,https://api.ashbyhq.com/posting-api/job-board/aven?includeCompensation=true,GET,listed_in_PDFtoWebsite_ashby_source,2026-09-21,ashby_board_tokens_1662.csv,https://github.com/vedangvatsa/PDFtoWebsite/blob/main/.github/scripts/jobs-sync.mjs,Imported from the user-provided board-token registry.
board,ashby,avid4,avid4,slug,https://jobs.ashbyhq.com/avid4,https://api.ashbyhq.com/posting-api/job-board/avid4,https://api.ashbyhq.com/posting-api/job-board/avid4?includeCompensation=true,GET,listed_in_PDFtoWebsite_ashby_source,2026-09-21,ashby_board_tokens_1662.csv,https://github.com/vedangvatsa/PDFtoWebsite/blob/main/.github/scripts/jobs-sync.mjs,Imported from the user-provided board-token registry.
board,ashby,avida,avida,slug,https://jobs.ashbyhq.com/avida,https://api.ashbyhq.com/posting-api/job-board/avida,https://api.ashbyhq.com/posting-api/job-board/avida?includeCompensation=true,GET,listed_in_PDFtoWebsite_ashby_source,2026-09-21,ashby_board_tokens_1662.csv,https://github.com/vedangvatsa/PDFtoWebsite/blob/main/.github/scripts/jobs-sync.mjs,Imported from the user-provided board-token registry.
board,ashby,away,away,slug,https://jobs.ashbyhq.com/away,https://api.ashbyhq.com/posting-api/job-board/away,https://api.ashbyhq.com/posting-api/job-board/away?includeCompensation=true,GET,listed_in_PDFtoWebsite_ashby_source,2026-09-21,ashby_board_tokens_1662.csv,https://github.com/vedangvatsa/PDFtoWebsite/blob/main/.github/scripts/jobs-sync.mjs,Imported from the user-provided board-token registry.
board,ashby,axelera,axelera,slug,https://jobs.ashbyhq.com/axelera,https://api.ashbyhq.com/posting-api/job-board/axelera,https://api.ashbyhq.com/posting-api/job-board/axelera?includeCompensation=true,GET,listed_in_PDFtoWebsite_ashby_source,2026-09-21,ashby_board_tokens_1662.csv,https://github.com/vedangvatsa/PDFtoWebsite/blob/main/.github/scripts/jobs-sync.mjs,Imported from the user-provided board-token registry.
board,ashby,axiom,axiom,slug,https://jobs.ashbyhq.com/axiom,https://api.ashbyhq.com/posting-api/job-board/axiom,https://api.ashbyhq.com/posting-api/job-board/axiom?includeCompensation=true,GET,listed_in_PDFtoWebsite_ashby_source,2026-09-21,ashby_board_tokens_1662.csv,https://github.com/vedangvatsa/PDFtoWebsite/blob/main/.github/scripts/jobs-sync.mjs,Imported from the user-provided board-token registry.
board,ashby,axiombio,axiombio,slug,https://jobs.ashbyhq.com/axiombio,https://api.ashbyhq.com/posting-api/job-board/axiombio,https://api.ashbyhq.com/posting-api/job-board/axiombio?includeCompensation=true,GET,listed_in_PDFtoWebsite_ashby_source,2026-09-21,ashby_board_tokens_1662.csv,https://github.com/vedangvatsa/PDFtoWebsite/blob/main/.github/scripts/jobs-sync.mjs,Imported from the user-provided board-token registry.
board,ashby,axion,axion,slug,https://jobs.ashbyhq.com/axion,https://api.ashbyhq.com/posting-api/job-board/axion,https://api.ashbyhq.com/posting-api/job-board/axion?includeCompensation=true,GET,listed_in_PDFtoWebsite_ashby_source,2026-09-21,ashby_board_tokens_1662.csv,https://github.com/vedangvatsa/PDFtoWebsite/blob/main/.github/scripts/jobs-sync.mjs,Imported from the user-provided board-token registry.
board,ashby,axle-health,axle-health,slug,https://jobs.ashbyhq.com/axle-health,https://api.ashbyhq.com/posting-api/job-board/axle-health,https://api.ashbyhq.com/posting-api/job-board/axle-health?includeCompensation=true,GET,listed_in_PDFtoWebsite_ashby_source,2026-09-21,ashby_board_tokens_1662.csv,https://github.com/vedangvatsa/PDFtoWebsite/blob/main/.github/scripts/jobs-sync.mjs,Imported from the user-provided board-token registry.
board,ashby,baba,baba,slug,https://jobs.ashbyhq.com/baba,https://api.ashbyhq.com/posting-api/job-board/baba,https://api.ashbyhq.com/posting-api/job-board/baba?includeCompensation=true,GET,listed_in_PDFtoWebsite_ashby_source,2026-09-21,ashby_board_tokens_1662.csv,https://github.com/vedangvatsa/PDFtoWebsite/blob/main/.github/scripts/jobs-sync.mjs,Imported from the user-provided board-token registry.
board,ashby,backflip,backflip,slug,https://jobs.ashbyhq.com/backflip,https://api.ashbyhq.com/posting-api/job-board/backflip,https://api.ashbyhq.com/posting-api/job-board/backflip?includeCompensation=true,GET,listed_in_PDFtoWebsite_ashby_source,2026-09-21,ashby_board_tokens_1662.csv,https://github.com/vedangvatsa/PDFtoWebsite/blob/main/.github/scripts/jobs-sync.mjs,Imported from the user-provided board-token registry.
board,ashby,backflip.ai,backflip.ai,slug,https://jobs.ashbyhq.com/backflip.ai,https://api.ashbyhq.com/posting-api/job-board/backflip.ai,https://api.ashbyhq.com/posting-api/job-board/backflip.ai?includeCompensation=true,GET,listed_in_PDFtoWebsite_ashby_source,2026-09-21,ashby_board_tokens_1662.csv,https://github.com/vedangvatsa/PDFtoWebsite/blob/main/.github/scripts/jobs-sync.mjs,Imported from the user-provided board-token registry.
board,ashby,backmarket,backmarket,slug,https://jobs.ashbyhq.com/backmarket,https://api.ashbyhq.com/posting-api/job-board/backmarket,https://api.ashbyhq.com/posting-api/job-board/backmarket?includeCompensation=true,GET,listed_in_PDFtoWebsite_ashby_source,2026-09-21,ashby_board_tokens_1662.csv,https://github.com/vedangvatsa/PDFtoWebsite/blob/main/.github/scripts/jobs-sync.mjs,Imported from the user-provided board-token registry.
board,ashby,bankjoy,bankjoy,slug,https://jobs.ashbyhq.com/bankjoy,https://api.ashbyhq.com/posting-api/job-board/bankjoy,https://api.ashbyhq.com/posting-api/job-board/bankjoy?includeCompensation=true,GET,listed_in_PDFtoWebsite_ashby_source,2026-09-21,ashby_board_tokens_1662.csv,https://github.com/vedangvatsa/PDFtoWebsite/blob/main/.github/scripts/jobs-sync.mjs,Imported from the user-provided board-token registry.
board,ashby,barkbus,barkbus,slug,https://jobs.ashbyhq.com/barkbus,https://api.ashbyhq.com/posting-api/job-board/barkbus,https://api.ashbyhq.com/posting-api/job-board/barkbus?includeCompensation=true,GET,listed_in_PDFtoWebsite_ashby_source,2026-09-21,ashby_board_tokens_1662.csv,https://github.com/vedangvatsa/PDFtoWebsite/blob/main/.github/scripts/jobs-sync.mjs,Imported from the user-provided board-token registry.
board,ashby,barnes,barnes,slug,https://jobs.ashbyhq.com/barnes,https://api.ashbyhq.com/posting-api/job-board/barnes,https://api.ashbyhq.com/posting-api/job-board/barnes?includeCompensation=true,GET,listed_in_PDFtoWebsite_ashby_source,2026-09-21,ashby_board_tokens_1662.csv,https://github.com/vedangvatsa/PDFtoWebsite/blob/main/.github/scripts/jobs-sync.mjs,Imported from the user-provided board-token registry.
board,ashby,barti,barti,slug,https://jobs.ashbyhq.com/barti,https://api.ashbyhq.com/posting-api/job-board/barti,https://api.ashbyhq.com/posting-api/job-board/barti?includeCompensation=true,GET,listed_in_PDFtoWebsite_ashby_source,2026-09-21,ashby_board_tokens_1662.csv,https://github.com/vedangvatsa/PDFtoWebsite/blob/main/.github/scripts/jobs-sync.mjs,Imported from the user-provided board-token registry.
board,ashby,base,base,slug,https://jobs.ashbyhq.com/base,https://api.ashbyhq.com/posting-api/job-board/base,https://api.ashbyhq.com/posting-api/job-board/base?includeCompensation=true,GET,listed_in_PDFtoWebsite_ashby_source,2026-09-21,ashby_board_tokens_1662.csv,https://github.com/vedangvatsa/PDFtoWebsite/blob/main/.github/scripts/jobs-sync.mjs,Imported from the user-provided board-token registry.
board,ashby,base-power,base-power,slug,https://jobs.ashbyhq.com/base-power,https://api.ashbyhq.com/posting-api/job-board/base-power,https://api.ashbyhq.com/posting-api/job-board/base-power?includeCompensation=true,GET,listed_in_PDFtoWebsite_ashby_source,2026-09-21,ashby_board_tokens_1662.csv,https://github.com/vedangvatsa/PDFtoWebsite/blob/main/.github/scripts/jobs-sync.mjs,Imported from the user-provided board-token registry.
board,ashby,baseten,baseten,slug,https://jobs.ashbyhq.com/baseten,https://api.ashbyhq.com/posting-api/job-board/baseten,https://api.ashbyhq.com/posting-api/job-board/baseten?includeCompensation=true,GET,listed_in_PDFtoWebsite_ashby_source,2026-09-21,ashby_board_tokens_1662.csv,https://github.com/vedangvatsa/PDFtoWebsite/blob/main/.github/scripts/jobs-sync.mjs,Imported from the user-provided board-token registry.
board,ashby,basiccapital,basiccapital,slug,https://jobs.ashbyhq.com/basiccapital,https://api.ashbyhq.com/posting-api/job-board/basiccapital,https://api.ashbyhq.com/posting-api/job-board/basiccapital?includeCompensation=true,GET,listed_in_PDFtoWebsite_ashby_source,2026-09-21,ashby_board_tokens_1662.csv,https://github.com/vedangvatsa/PDFtoWebsite/blob/main/.github/scripts/jobs-sync.mjs,Imported from the user-provided board-token registry.
board,ashby,basis-ai,basis-ai,slug,https://jobs.ashbyhq.com/basis-ai,https://api.ashbyhq.com/posting-api/job-board/basis-ai,https://api.ashbyhq.com/posting-api/job-board/basis-ai?includeCompensation=true,GET,listed_in_PDFtoWebsite_ashby_source,2026-09-21,ashby_board_tokens_1662.csv,https://github.com/vedangvatsa/PDFtoWebsite/blob/main/.github/scripts/jobs-sync.mjs,Imported from the user-provided board-token registry.
board,ashby,basis-research,basis-research,slug,https://jobs.ashbyhq.com/basis-research,https://api.ashbyhq.com/posting-api/job-board/basis-research,https://api.ashbyhq.com/posting-api/job-board/basis-research?includeCompensation=true,GET,listed_in_PDFtoWebsite_ashby_source,2026-09-21,ashby_board_tokens_1662.csv,https://github.com/vedangvatsa/PDFtoWebsite/blob/main/.github/scripts/jobs-sync.mjs,Imported from the user-provided board-token registry.
board,ashby,bastion,bastion,slug,https://jobs.ashbyhq.com/bastion,https://api.ashbyhq.com/posting-api/job-board/bastion,https://api.ashbyhq.com/posting-api/job-board/bastion?includeCompensation=true,GET,listed_in_PDFtoWebsite_ashby_source,2026-09-21,ashby_board_tokens_1662.csv,https://github.com/vedangvatsa/PDFtoWebsite/blob/main/.github/scripts/jobs-sync.mjs,Imported from the user-provided board-token registry.
board,ashby,baton,baton,slug,https://jobs.ashbyhq.com/baton,https://api.ashbyhq.com/posting-api/job-board/baton,https://api.ashbyhq.com/posting-api/job-board/baton?includeCompensation=true,GET,listed_in_PDFtoWebsite_ashby_source,2026-09-21,ashby_board_tokens_1662.csv,https://github.com/vedangvatsa/PDFtoWebsite/blob/main/.github/scripts/jobs-sync.mjs,Imported from the user-provided board-token registry.
board,ashby,bayesianhealth,bayesianhealth,slug,https://jobs.ashbyhq.com/bayesianhealth,https://api.ashbyhq.com/posting-api/job-board/bayesianhealth,https://api.ashbyhq.com/posting-api/job-board/bayesianhealth?includeCompensation=true,GET,listed_in_PDFtoWebsite_ashby_source,2026-09-21,ashby_board_tokens_1662.csv,https://github.com/vedangvatsa/PDFtoWebsite/blob/main/.github/scripts/jobs-sync.mjs,Imported from the user-provided board-token registry.
board,ashby,beacons,beacons,slug,https://jobs.ashbyhq.com/beacons,https://api.ashbyhq.com/posting-api/job-board/beacons,https://api.ashbyhq.com/posting-api/job-board/beacons?includeCompensation=true,GET,listed_in_PDFtoWebsite_ashby_source,2026-09-21,ashby_board_tokens_1662.csv,https://github.com/vedangvatsa/PDFtoWebsite/blob/main/.github/scripts/jobs-sync.mjs,Imported from the user-provided board-token registry.
board,ashby,beam,beam,slug,https://jobs.ashbyhq.com/beam,https://api.ashbyhq.com/posting-api/job-board/beam,https://api.ashbyhq.com/posting-api/job-board/beam?includeCompensation=true,GET,listed_in_PDFtoWebsite_ashby_source,2026-09-21,ashby_board_tokens_1662.csv,https://github.com/vedangvatsa/PDFtoWebsite/blob/main/.github/scripts/jobs-sync.mjs,Imported from the user-provided board-token registry.
board,ashby,beamery,beamery,slug,https://jobs.ashbyhq.com/beamery,https://api.ashbyhq.com/posting-api/job-board/beamery,https://api.ashbyhq.com/posting-api/job-board/beamery?includeCompensation=true,GET,listed_in_PDFtoWebsite_ashby_source,2026-09-21,ashby_board_tokens_1662.csv,https://github.com/vedangvatsa/PDFtoWebsite/blob/main/.github/scripts/jobs-sync.mjs,Imported from the user-provided board-token registry.
board,ashby,beamimpact,beamimpact,slug,https://jobs.ashbyhq.com/beamimpact,https://api.ashbyhq.com/posting-api/job-board/beamimpact,https://api.ashbyhq.com/posting-api/job-board/beamimpact?includeCompensation=true,GET,listed_in_PDFtoWebsite_ashby_source,2026-09-21,ashby_board_tokens_1662.csv,https://github.com/vedangvatsa/PDFtoWebsite/blob/main/.github/scripts/jobs-sync.mjs,Imported from the user-provided board-token registry.
board,ashby,bedrock,bedrock,slug,https://jobs.ashbyhq.com/bedrock,https://api.ashbyhq.com/posting-api/job-board/bedrock,https://api.ashbyhq.com/posting-api/job-board/bedrock?includeCompensation=true,GET,listed_in_PDFtoWebsite_alt_ashby_source,2026-09-21,ashby_board_tokens_1662.csv,https://github.com/vedangvatsa/PDFtoWebsite/blob/main/run-cj.mjs,Imported from the user-provided board-token registry.
board,ashby,bedrockocean,bedrockocean,slug,https://jobs.ashbyhq.com/bedrockocean,https://api.ashbyhq.com/posting-api/job-board/bedrockocean,https://api.ashbyhq.com/posting-api/job-board/bedrockocean?includeCompensation=true,GET,listed_in_PDFtoWebsite_ashby_source,2026-09-21,ashby_board_tokens_1662.csv,https://github.com/vedangvatsa/PDFtoWebsite/blob/main/.github/scripts/jobs-sync.mjs,Imported from the user-provided board-token registry.
board,ashby,bem,bem,slug,https://jobs.ashbyhq.com/bem,https://api.ashbyhq.com/posting-api/job-board/bem,https://api.ashbyhq.com/posting-api/job-board/bem?includeCompensation=true,GET,listed_in_PDFtoWebsite_ashby_source,2026-09-21,ashby_board_tokens_1662.csv,https://github.com/vedangvatsa/PDFtoWebsite/blob/main/.github/scripts/jobs-sync.mjs,Imported from the user-provided board-token registry.
board,ashby,ben,ben,slug,https://jobs.ashbyhq.com/ben,https://api.ashbyhq.com/posting-api/job-board/ben,https://api.ashbyhq.com/posting-api/job-board/ben?includeCompensation=true,GET,listed_in_PDFtoWebsite_ashby_source,2026-09-21,ashby_board_tokens_1662.csv,https://github.com/vedangvatsa/PDFtoWebsite/blob/main/.github/scripts/jobs-sync.mjs,Imported from the user-provided board-token registry.
board,ashby,benchling,benchling,slug,https://jobs.ashbyhq.com/benchling,https://api.ashbyhq.com/posting-api/job-board/benchling,https://api.ashbyhq.com/posting-api/job-board/benchling?includeCompensation=true,GET,listed_in_PDFtoWebsite_ashby_source,2026-09-21,ashby_board_tokens_1662.csv,https://github.com/vedangvatsa/PDFtoWebsite/blob/main/.github/scripts/jobs-sync.mjs,Imported from the user-provided board-token registry.
board,ashby,benevity,benevity,slug,https://jobs.ashbyhq.com/benevity,https://api.ashbyhq.com/posting-api/job-board/benevity,https://api.ashbyhq.com/posting-api/job-board/benevity?includeCompensation=true,GET,listed_in_PDFtoWebsite_ashby_source,2026-09-21,ashby_board_tokens_1662.csv,https://github.com/vedangvatsa/PDFtoWebsite/blob/main/.github/scripts/jobs-sync.mjs,Imported from the user-provided board-token registry.
board,ashby,bespokelabs,bespokelabs,slug,https://jobs.ashbyhq.com/bespokelabs,https://api.ashbyhq.com/posting-api/job-board/bespokelabs,https://api.ashbyhq.com/posting-api/job-board/bespokelabs?includeCompensation=true,GET,listed_in_PDFtoWebsite_ashby_source,2026-09-21,ashby_board_tokens_1662.csv,https://github.com/vedangvatsa/PDFtoWebsite/blob/main/.github/scripts/jobs-sync.mjs,Imported from the user-provided board-token registry.
board,ashby,bestow,bestow,slug,https://jobs.ashbyhq.com/bestow,https://api.ashbyhq.com/posting-api/job-board/bestow,https://api.ashbyhq.com/posting-api/job-board/bestow?includeCompensation=true,GET,listed_in_PDFtoWebsite_ashby_source,2026-09-21,ashby_board_tokens_1662.csv,https://github.com/vedangvatsa/PDFtoWebsite/blob/main/.github/scripts/jobs-sync.mjs,Imported from the user-provided board-token registry.
board,ashby,better-mortgage,better-mortgage,slug,https://jobs.ashbyhq.com/better-mortgage,https://api.ashbyhq.com/posting-api/job-board/better-mortgage,https://api.ashbyhq.com/posting-api/job-board/better-mortgage?includeCompensation=true,GET,listed_in_PDFtoWebsite_ashby_source,2026-09-21,ashby_board_tokens_1662.csv,https://github.com/vedangvatsa/PDFtoWebsite/blob/main/.github/scripts/jobs-sync.mjs,Imported from the user-provided board-token registry.
board,ashby,betterstack,betterstack,slug,https://jobs.ashbyhq.com/betterstack,https://api.ashbyhq.com/posting-api/job-board/betterstack,https://api.ashbyhq.com/posting-api/job-board/betterstack?includeCompensation=true,GET,listed_in_PDFtoWebsite_alt_ashby_source,2026-09-21,ashby_board_tokens_1662.csv,https://github.com/vedangvatsa/PDFtoWebsite/blob/main/run-cj.mjs,Imported from the user-provided board-token registry.
board,ashby,betterup,betterup,slug,https://jobs.ashbyhq.com/betterup,https://api.ashbyhq.com/posting-api/job-board/betterup,https://api.ashbyhq.com/posting-api/job-board/betterup?includeCompensation=true,GET,listed_in_PDFtoWebsite_ashby_source,2026-09-21,ashby_board_tokens_1662.csv,https://github.com/vedangvatsa/PDFtoWebsite/blob/main/.github/scripts/jobs-sync.mjs,Imported from the user-provided board-token registry.
board,ashby,bevel,bevel,slug,https://jobs.ashbyhq.com/bevel,https://api.ashbyhq.com/posting-api/job-board/bevel,https://api.ashbyhq.com/posting-api/job-board/bevel?includeCompensation=true,GET,listed_in_PDFtoWebsite_ashby_source,2026-09-21,ashby_board_tokens_1662.csv,https://github.com/vedangvatsa/PDFtoWebsite/blob/main/.github/scripts/jobs-sync.mjs,Imported from the user-provided board-token registry.
board,ashby,biconomy,biconomy,slug,https://jobs.ashbyhq.com/biconomy,https://api.ashbyhq.com/posting-api/job-board/biconomy,https://api.ashbyhq.com/posting-api/job-board/biconomy?includeCompensation=true,GET,listed_in_PDFtoWebsite_ashby_source,2026-09-21,ashby_board_tokens_1662.csv,https://github.com/vedangvatsa/PDFtoWebsite/blob/main/.github/scripts/jobs-sync.mjs,Imported from the user-provided board-token registry.
board,ashby,binance.us,binance.us,slug,https://jobs.ashbyhq.com/binance.us,https://api.ashbyhq.com/posting-api/job-board/binance.us,https://api.ashbyhq.com/posting-api/job-board/binance.us?includeCompensation=true,GET,listed_in_PDFtoWebsite_ashby_source,2026-09-21,ashby_board_tokens_1662.csv,https://github.com/vedangvatsa/PDFtoWebsite/blob/main/.github/scripts/jobs-sync.mjs,Imported from the user-provided board-token registry.
board,ashby,bioptimizers,bioptimizers,slug,https://jobs.ashbyhq.com/bioptimizers,https://api.ashbyhq.com/posting-api/job-board/bioptimizers,https://api.ashbyhq.com/posting-api/job-board/bioptimizers?includeCompensation=true,GET,listed_in_PDFtoWebsite_ashby_source,2026-09-21,ashby_board_tokens_1662.csv,https://github.com/vedangvatsa/PDFtoWebsite/blob/main/.github/scripts/jobs-sync.mjs,Imported from the user-provided board-token registry.
board,ashby,birdie,birdie,slug,https://jobs.ashbyhq.com/birdie,https://api.ashbyhq.com/posting-api/job-board/birdie,https://api.ashbyhq.com/posting-api/job-board/birdie?includeCompensation=true,GET,listed_in_PDFtoWebsite_ashby_source,2026-09-21,ashby_board_tokens_1662.csv,https://github.com/vedangvatsa/PDFtoWebsite/blob/main/.github/scripts/jobs-sync.mjs,Imported from the user-provided board-token registry.
board,ashby,blackbird-labs-inc,blackbird-labs-inc,slug,https://jobs.ashbyhq.com/blackbird-labs-inc,https://api.ashbyhq.com/posting-api/job-board/blackbird-labs-inc,https://api.ashbyhq.com/posting-api/job-board/blackbird-labs-inc?includeCompensation=true,GET,listed_in_PDFtoWebsite_ashby_source,2026-09-21,ashby_board_tokens_1662.csv,https://github.com/vedangvatsa/PDFtoWebsite/blob/main/.github/scripts/jobs-sync.mjs,Imported from the user-provided board-token registry.
board,ashby,blacksmith,blacksmith,slug,https://jobs.ashbyhq.com/blacksmith,https://api.ashbyhq.com/posting-api/job-board/blacksmith,https://api.ashbyhq.com/posting-api/job-board/blacksmith?includeCompensation=true,GET,listed_in_PDFtoWebsite_ashby_source,2026-09-21,ashby_board_tokens_1662.csv,https://github.com/vedangvatsa/PDFtoWebsite/blob/main/.github/scripts/jobs-sync.mjs,Imported from the user-provided board-token registry.
board,ashby,bland,bland,slug,https://jobs.ashbyhq.com/bland,https://api.ashbyhq.com/posting-api/job-board/bland,https://api.ashbyhq.com/posting-api/job-board/bland?includeCompensation=true,GET,listed_in_PDFtoWebsite_ashby_source,2026-09-21,ashby_board_tokens_1662.csv,https://github.com/vedangvatsa/PDFtoWebsite/blob/main/.github/scripts/jobs-sync.mjs,Imported from the user-provided board-token registry.
board,ashby,blissway,blissway,slug,https://jobs.ashbyhq.com/blissway,https://api.ashbyhq.com/posting-api/job-board/blissway,https://api.ashbyhq.com/posting-api/job-board/blissway?includeCompensation=true,GET,listed_in_PDFtoWebsite_ashby_source,2026-09-21,ashby_board_tokens_1662.csv,https://github.com/vedangvatsa/PDFtoWebsite/blob/main/.github/scripts/jobs-sync.mjs,Imported from the user-provided board-token registry.
board,ashby,block-labs,block-labs,slug,https://jobs.ashbyhq.com/block-labs,https://api.ashbyhq.com/posting-api/job-board/block-labs,https://api.ashbyhq.com/posting-api/job-board/block-labs?includeCompensation=true,GET,listed_in_PDFtoWebsite_ashby_source,2026-09-21,ashby_board_tokens_1662.csv,https://github.com/vedangvatsa/PDFtoWebsite/blob/main/.github/scripts/jobs-sync.mjs,Imported from the user-provided board-token registry.
board,ashby,blockdaemon,blockdaemon,slug,https://jobs.ashbyhq.com/blockdaemon,https://api.ashbyhq.com/posting-api/job-board/blockdaemon,https://api.ashbyhq.com/posting-api/job-board/blockdaemon?includeCompensation=true,GET,listed_in_PDFtoWebsite_ashby_source,2026-09-21,ashby_board_tokens_1662.csv,https://github.com/vedangvatsa/PDFtoWebsite/blob/main/.github/scripts/jobs-sync.mjs,Imported from the user-provided board-token registry.
board,ashby,blockhouse,blockhouse,slug,https://jobs.ashbyhq.com/blockhouse,https://api.ashbyhq.com/posting-api/job-board/blockhouse,https://api.ashbyhq.com/posting-api/job-board/blockhouse?includeCompensation=true,GET,listed_in_PDFtoWebsite_ashby_source,2026-09-21,ashby_board_tokens_1662.csv,https://github.com/vedangvatsa/PDFtoWebsite/blob/main/.github/scripts/jobs-sync.mjs,Imported from the user-provided board-token registry.
board,ashby,blockstream,blockstream,slug,https://jobs.ashbyhq.com/blockstream,https://api.ashbyhq.com/posting-api/job-board/blockstream,https://api.ashbyhq.com/posting-api/job-board/blockstream?includeCompensation=true,GET,listed_in_PDFtoWebsite_ashby_source,2026-09-21,ashby_board_tokens_1662.csv,https://github.com/vedangvatsa/PDFtoWebsite/blob/main/.github/scripts/jobs-sync.mjs,Imported from the user-provided board-token registry.
board,ashby,blockworks,blockworks,slug,https://jobs.ashbyhq.com/blockworks,https://api.ashbyhq.com/posting-api/job-board/blockworks,https://api.ashbyhq.com/posting-api/job-board/blockworks?includeCompensation=true,GET,listed_in_PDFtoWebsite_ashby_source,2026-09-21,ashby_board_tokens_1662.csv,https://github.com/vedangvatsa/PDFtoWebsite/blob/main/.github/scripts/jobs-sync.mjs,Imported from the user-provided board-token registry.
board,ashby,blossom-health,blossom-health,slug,https://jobs.ashbyhq.com/blossom-health,https://api.ashbyhq.com/posting-api/job-board/blossom-health,https://api.ashbyhq.com/posting-api/job-board/blossom-health?includeCompensation=true,GET,listed_in_PDFtoWebsite_ashby_source,2026-09-21,ashby_board_tokens_1662.csv,https://github.com/vedangvatsa/PDFtoWebsite/blob/main/.github/scripts/jobs-sync.mjs,Imported from the user-provided board-token registry.
board,ashby,blp-digital,blp-digital,slug,https://jobs.ashbyhq.com/blp-digital,https://api.ashbyhq.com/posting-api/job-board/blp-digital,https://api.ashbyhq.com/posting-api/job-board/blp-digital?includeCompensation=true,GET,listed_in_PDFtoWebsite_ashby_source,2026-09-21,ashby_board_tokens_1662.csv,https://github.com/vedangvatsa/PDFtoWebsite/blob/main/.github/scripts/jobs-sync.mjs,Imported from the user-provided board-token registry.
board,ashby,blueberrypediatrics,blueberrypediatrics,slug,https://jobs.ashbyhq.com/blueberrypediatrics,https://api.ashbyhq.com/posting-api/job-board/blueberrypediatrics,https://api.ashbyhq.com/posting-api/job-board/blueberrypediatrics?includeCompensation=true,GET,listed_in_PDFtoWebsite_ashby_source,2026-09-21,ashby_board_tokens_1662.csv,https://github.com/vedangvatsa/PDFtoWebsite/blob/main/.github/scripts/jobs-sync.mjs,Imported from the user-provided board-token registry.
board,ashby,blumen,blumen,slug,https://jobs.ashbyhq.com/blumen,https://api.ashbyhq.com/posting-api/job-board/blumen,https://api.ashbyhq.com/posting-api/job-board/blumen?includeCompensation=true,GET,listed_in_PDFtoWebsite_ashby_source,2026-09-21,ashby_board_tokens_1662.csv,https://github.com/vedangvatsa/PDFtoWebsite/blob/main/.github/scripts/jobs-sync.mjs,Imported from the user-provided board-token registry.
board,ashby,bobyard,bobyard,slug,https://jobs.ashbyhq.com/bobyard,https://api.ashbyhq.com/posting-api/job-board/bobyard,https://api.ashbyhq.com/posting-api/job-board/bobyard?includeCompensation=true,GET,listed_in_PDFtoWebsite_ashby_source,2026-09-21,ashby_board_tokens_1662.csv,https://github.com/vedangvatsa/PDFtoWebsite/blob/main/.github/scripts/jobs-sync.mjs,Imported from the user-provided board-token registry.
board,ashby,bookkeeper360,bookkeeper360,slug,https://jobs.ashbyhq.com/bookkeeper360,https://api.ashbyhq.com/posting-api/job-board/bookkeeper360,https://api.ashbyhq.com/posting-api/job-board/bookkeeper360?includeCompensation=true,GET,listed_in_PDFtoWebsite_ashby_source,2026-09-21,ashby_board_tokens_1662.csv,https://github.com/vedangvatsa/PDFtoWebsite/blob/main/.github/scripts/jobs-sync.mjs,Imported from the user-provided board-token registry.
board,ashby,boost,boost,slug,https://jobs.ashbyhq.com/boost,https://api.ashbyhq.com/posting-api/job-board/boost,https://api.ashbyhq.com/posting-api/job-board/boost?includeCompensation=true,GET,listed_in_PDFtoWebsite_ashby_source,2026-09-21,ashby_board_tokens_1662.csv,https://github.com/vedangvatsa/PDFtoWebsite/blob/main/.github/scripts/jobs-sync.mjs,Imported from the user-provided board-token registry.
board,ashby,botcrew,botcrew,slug,https://jobs.ashbyhq.com/botcrew,https://api.ashbyhq.com/posting-api/job-board/botcrew,https://api.ashbyhq.com/posting-api/job-board/botcrew?includeCompensation=true,GET,listed_in_PDFtoWebsite_ashby_source,2026-09-21,ashby_board_tokens_1662.csv,https://github.com/vedangvatsa/PDFtoWebsite/blob/main/.github/scripts/jobs-sync.mjs,Imported from the user-provided board-token registry.
board,ashby,bounce,bounce,slug,https://jobs.ashbyhq.com/bounce,https://api.ashbyhq.com/posting-api/job-board/bounce,https://api.ashbyhq.com/posting-api/job-board/bounce?includeCompensation=true,GET,listed_in_PDFtoWebsite_ashby_source,2026-09-21,ashby_board_tokens_1662.csv,https://github.com/vedangvatsa/PDFtoWebsite/blob/main/.github/scripts/jobs-sync.mjs,Imported from the user-provided board-token registry.
board,ashby,brainco,brainco,slug,https://jobs.ashbyhq.com/brainco,https://api.ashbyhq.com/posting-api/job-board/brainco,https://api.ashbyhq.com/posting-api/job-board/brainco?includeCompensation=true,GET,listed_in_PDFtoWebsite_ashby_source,2026-09-21,ashby_board_tokens_1662.csv,https://github.com/vedangvatsa/PDFtoWebsite/blob/main/.github/scripts/jobs-sync.mjs,Imported from the user-provided board-token registry.
board,ashby,brainly,brainly,slug,https://jobs.ashbyhq.com/brainly,https://api.ashbyhq.com/posting-api/job-board/brainly,https://api.ashbyhq.com/posting-api/job-board/brainly?includeCompensation=true,GET,listed_in_PDFtoWebsite_ashby_source,2026-09-21,ashby_board_tokens_1662.csv,https://github.com/vedangvatsa/PDFtoWebsite/blob/main/.github/scripts/jobs-sync.mjs,Imported from the user-provided board-token registry.
board,ashby,braintrust,braintrust,slug,https://jobs.ashbyhq.com/braintrust,https://api.ashbyhq.com/posting-api/job-board/braintrust,https://api.ashbyhq.com/posting-api/job-board/braintrust?includeCompensation=true,GET,listed_in_PDFtoWebsite_ashby_source,2026-09-21,ashby_board_tokens_1662.csv,https://github.com/vedangvatsa/PDFtoWebsite/blob/main/.github/scripts/jobs-sync.mjs,Imported from the user-provided board-token registry.
board,ashby,branchlab,branchlab,slug,https://jobs.ashbyhq.com/branchlab,https://api.ashbyhq.com/posting-api/job-board/branchlab,https://api.ashbyhq.com/posting-api/job-board/branchlab?includeCompensation=true,GET,listed_in_PDFtoWebsite_ashby_source,2026-09-21,ashby_board_tokens_1662.csv,https://github.com/vedangvatsa/PDFtoWebsite/blob/main/.github/scripts/jobs-sync.mjs,Imported from the user-provided board-token registry.
board,ashby,bravehealth,bravehealth,slug,https://jobs.ashbyhq.com/bravehealth,https://api.ashbyhq.com/posting-api/job-board/bravehealth,https://api.ashbyhq.com/posting-api/job-board/bravehealth?includeCompensation=true,GET,listed_in_PDFtoWebsite_ashby_source,2026-09-21,ashby_board_tokens_1662.csv,https://github.com/vedangvatsa/PDFtoWebsite/blob/main/.github/scripts/jobs-sync.mjs,Imported from the user-provided board-token registry.
board,ashby,bree,bree,slug,https://jobs.ashbyhq.com/bree,https://api.ashbyhq.com/posting-api/job-board/bree,https://api.ashbyhq.com/posting-api/job-board/bree?includeCompensation=true,GET,listed_in_PDFtoWebsite_ashby_source,2026-09-21,ashby_board_tokens_1662.csv,https://github.com/vedangvatsa/PDFtoWebsite/blob/main/.github/scripts/jobs-sync.mjs,Imported from the user-provided board-token registry.
board,ashby,brellium,brellium,slug,https://jobs.ashbyhq.com/brellium,https://api.ashbyhq.com/posting-api/job-board/brellium,https://api.ashbyhq.com/posting-api/job-board/brellium?includeCompensation=true,GET,listed_in_PDFtoWebsite_ashby_source,2026-09-21,ashby_board_tokens_1662.csv,https://github.com/vedangvatsa/PDFtoWebsite/blob/main/.github/scripts/jobs-sync.mjs,Imported from the user-provided board-token registry.
board,ashby,brightstar-ai,brightstar-ai,slug,https://jobs.ashbyhq.com/brightstar-ai,https://api.ashbyhq.com/posting-api/job-board/brightstar-ai,https://api.ashbyhq.com/posting-api/job-board/brightstar-ai?includeCompensation=true,GET,listed_in_PDFtoWebsite_ashby_source,2026-09-21,ashby_board_tokens_1662.csv,https://github.com/vedangvatsa/PDFtoWebsite/blob/main/.github/scripts/jobs-sync.mjs,Imported from the user-provided board-token registry.
board,ashby,brightwheel,brightwheel,slug,https://jobs.ashbyhq.com/brightwheel,https://api.ashbyhq.com/posting-api/job-board/brightwheel,https://api.ashbyhq.com/posting-api/job-board/brightwheel?includeCompensation=true,GET,listed_in_PDFtoWebsite_ashby_source,2026-09-21,ashby_board_tokens_1662.csv,https://github.com/vedangvatsa/PDFtoWebsite/blob/main/.github/scripts/jobs-sync.mjs,Imported from the user-provided board-token registry.
board,ashby,brigit,brigit,slug,https://jobs.ashbyhq.com/brigit,https://api.ashbyhq.com/posting-api/job-board/brigit,https://api.ashbyhq.com/posting-api/job-board/brigit?includeCompensation=true,GET,listed_in_PDFtoWebsite_ashby_source,2026-09-21,ashby_board_tokens_1662.csv,https://github.com/vedangvatsa/PDFtoWebsite/blob/main/.github/scripts/jobs-sync.mjs,Imported from the user-provided board-token registry.
board,ashby,brinc,brinc,slug,https://jobs.ashbyhq.com/brinc,https://api.ashbyhq.com/posting-api/job-board/brinc,https://api.ashbyhq.com/posting-api/job-board/brinc?includeCompensation=true,GET,listed_in_PDFtoWebsite_ashby_source,2026-09-21,ashby_board_tokens_1662.csv,https://github.com/vedangvatsa/PDFtoWebsite/blob/main/.github/scripts/jobs-sync.mjs,Imported from the user-provided board-token registry.
board,ashby,brisk-teaching,brisk-teaching,slug,https://jobs.ashbyhq.com/brisk-teaching,https://api.ashbyhq.com/posting-api/job-board/brisk-teaching,https://api.ashbyhq.com/posting-api/job-board/brisk-teaching?includeCompensation=true,GET,listed_in_PDFtoWebsite_ashby_source,2026-09-21,ashby_board_tokens_1662.csv,https://github.com/vedangvatsa/PDFtoWebsite/blob/main/.github/scripts/jobs-sync.mjs,Imported from the user-provided board-token registry.
board,ashby,browserbase,browserbase,slug,https://jobs.ashbyhq.com/browserbase,https://api.ashbyhq.com/posting-api/job-board/browserbase,https://api.ashbyhq.com/posting-api/job-board/browserbase?includeCompensation=true,GET,listed_in_mherzog_ashby_seed,2026-09-21,ashby_board_tokens_1662.csv,https://github.com/mherzog4/job-boards/blob/main/boards.seed.json,Imported from the user-provided board-token registry.
board,ashby,bubble,bubble,slug,https://jobs.ashbyhq.com/bubble,https://api.ashbyhq.com/posting-api/job-board/bubble,https://api.ashbyhq.com/posting-api/job-board/bubble?includeCompensation=true,GET,listed_in_PDFtoWebsite_ashby_source,2026-09-21,ashby_board_tokens_1662.csv,https://github.com/vedangvatsa/PDFtoWebsite/blob/main/.github/scripts/jobs-sync.mjs,Imported from the user-provided board-token registry.
board,ashby,buffer,buffer,slug,https://jobs.ashbyhq.com/buffer,https://api.ashbyhq.com/posting-api/job-board/buffer,https://api.ashbyhq.com/posting-api/job-board/buffer?includeCompensation=true,GET,listed_in_PDFtoWebsite_ashby_source,2026-09-21,ashby_board_tokens_1662.csv,https://github.com/vedangvatsa/PDFtoWebsite/blob/main/.github/scripts/jobs-sync.mjs,Imported from the user-provided board-token registry.
board,ashby,build,build,slug,https://jobs.ashbyhq.com/build,https://api.ashbyhq.com/posting-api/job-board/build,https://api.ashbyhq.com/posting-api/job-board/build?includeCompensation=true,GET,listed_in_PDFtoWebsite_ashby_source,2026-09-21,ashby_board_tokens_1662.csv,https://github.com/vedangvatsa/PDFtoWebsite/blob/main/.github/scripts/jobs-sync.mjs,Imported from the user-provided board-token registry.
board,ashby,buildout,buildout,slug,https://jobs.ashbyhq.com/buildout,https://api.ashbyhq.com/posting-api/job-board/buildout,https://api.ashbyhq.com/posting-api/job-board/buildout?includeCompensation=true,GET,listed_in_PDFtoWebsite_ashby_source,2026-09-21,ashby_board_tokens_1662.csv,https://github.com/vedangvatsa/PDFtoWebsite/blob/main/.github/scripts/jobs-sync.mjs,Imported from the user-provided board-token registry.
board,ashby,bullpen-talent,bullpen-talent,slug,https://jobs.ashbyhq.com/bullpen-talent,https://api.ashbyhq.com/posting-api/job-board/bullpen-talent,https://api.ashbyhq.com/posting-api/job-board/bullpen-talent?includeCompensation=true,GET,listed_in_PDFtoWebsite_ashby_source,2026-09-21,ashby_board_tokens_1662.csv,https://github.com/vedangvatsa/PDFtoWebsite/blob/main/.github/scripts/jobs-sync.mjs,Imported from the user-provided board-token registry.
board,ashby,bun,bun,slug,https://jobs.ashbyhq.com/bun,https://api.ashbyhq.com/posting-api/job-board/bun,https://api.ashbyhq.com/posting-api/job-board/bun?includeCompensation=true,GET,listed_in_PDFtoWebsite_alt_ashby_source,2026-09-21,ashby_board_tokens_1662.csv,https://github.com/vedangvatsa/PDFtoWebsite/blob/main/run-cj.mjs,Imported from the user-provided board-token registry.
board,ashby,bunch,bunch,slug,https://jobs.ashbyhq.com/bunch,https://api.ashbyhq.com/posting-api/job-board/bunch,https://api.ashbyhq.com/posting-api/job-board/bunch?includeCompensation=true,GET,listed_in_PDFtoWebsite_ashby_source,2026-09-21,ashby_board_tokens_1662.csv,https://github.com/vedangvatsa/PDFtoWebsite/blob/main/.github/scripts/jobs-sync.mjs,Imported from the user-provided board-token registry.
board,ashby,bunkerhillhealth,bunkerhillhealth,slug,https://jobs.ashbyhq.com/bunkerhillhealth,https://api.ashbyhq.com/posting-api/job-board/bunkerhillhealth,https://api.ashbyhq.com/posting-api/job-board/bunkerhillhealth?includeCompensation=true,GET,listed_in_PDFtoWebsite_ashby_source,2026-09-21,ashby_board_tokens_1662.csv,https://github.com/vedangvatsa/PDFtoWebsite/blob/main/.github/scripts/jobs-sync.mjs,Imported from the user-provided board-token registry.
board,ashby,bureau,bureau,slug,https://jobs.ashbyhq.com/bureau,https://api.ashbyhq.com/posting-api/job-board/bureau,https://api.ashbyhq.com/posting-api/job-board/bureau?includeCompensation=true,GET,listed_in_PDFtoWebsite_ashby_source,2026-09-21,ashby_board_tokens_1662.csv,https://github.com/vedangvatsa/PDFtoWebsite/blob/main/.github/scripts/jobs-sync.mjs,Imported from the user-provided board-token registry.
board,ashby,burklandassociates,burklandassociates,slug,https://jobs.ashbyhq.com/burklandassociates,https://api.ashbyhq.com/posting-api/job-board/burklandassociates,https://api.ashbyhq.com/posting-api/job-board/burklandassociates?includeCompensation=true,GET,listed_in_PDFtoWebsite_ashby_source,2026-09-21,ashby_board_tokens_1662.csv,https://github.com/vedangvatsa/PDFtoWebsite/blob/main/.github/scripts/jobs-sync.mjs,Imported from the user-provided board-token registry.
board,ashby,buspatrol,buspatrol,slug,https://jobs.ashbyhq.com/buspatrol,https://api.ashbyhq.com/posting-api/job-board/buspatrol,https://api.ashbyhq.com/posting-api/job-board/buspatrol?includeCompensation=true,GET,listed_in_PDFtoWebsite_ashby_source,2026-09-21,ashby_board_tokens_1662.csv,https://github.com/vedangvatsa/PDFtoWebsite/blob/main/.github/scripts/jobs-sync.mjs,Imported from the user-provided board-token registry.
board,ashby,cal,cal,slug,https://jobs.ashbyhq.com/cal,https://api.ashbyhq.com/posting-api/job-board/cal,https://api.ashbyhq.com/posting-api/job-board/cal?includeCompensation=true,GET,listed_in_PDFtoWebsite_alt_ashby_source,2026-09-21,ashby_board_tokens_1662.csv,https://github.com/vedangvatsa/PDFtoWebsite/blob/main/run-cj.mjs,Imported from the user-provided board-token registry.
board,ashby,camber,camber,slug,https://jobs.ashbyhq.com/camber,https://api.ashbyhq.com/posting-api/job-board/camber,https://api.ashbyhq.com/posting-api/job-board/camber?includeCompensation=true,GET,listed_in_PDFtoWebsite_ashby_source,2026-09-21,ashby_board_tokens_1662.csv,https://github.com/vedangvatsa/PDFtoWebsite/blob/main/.github/scripts/jobs-sync.mjs,Imported from the user-provided board-token registry.
board,ashby,cambio,cambio,slug,https://jobs.ashbyhq.com/cambio,https://api.ashbyhq.com/posting-api/job-board/cambio,https://api.ashbyhq.com/posting-api/job-board/cambio?includeCompensation=true,GET,listed_in_PDFtoWebsite_ashby_source,2026-09-21,ashby_board_tokens_1662.csv,https://github.com/vedangvatsa/PDFtoWebsite/blob/main/.github/scripts/jobs-sync.mjs,Imported from the user-provided board-token registry.
board,ashby,cambly,cambly,slug,https://jobs.ashbyhq.com/cambly,https://api.ashbyhq.com/posting-api/job-board/cambly,https://api.ashbyhq.com/posting-api/job-board/cambly?includeCompensation=true,GET,listed_in_PDFtoWebsite_ashby_source,2026-09-21,ashby_board_tokens_1662.csv,https://github.com/vedangvatsa/PDFtoWebsite/blob/main/.github/scripts/jobs-sync.mjs,Imported from the user-provided board-token registry.
board,ashby,campfire,campfire,slug,https://jobs.ashbyhq.com/campfire,https://api.ashbyhq.com/posting-api/job-board/campfire,https://api.ashbyhq.com/posting-api/job-board/campfire?includeCompensation=true,GET,listed_in_PDFtoWebsite_ashby_source,2026-09-21,ashby_board_tokens_1662.csv,https://github.com/vedangvatsa/PDFtoWebsite/blob/main/.github/scripts/jobs-sync.mjs,Imported from the user-provided board-token registry.
board,ashby,campus,campus,slug,https://jobs.ashbyhq.com/campus,https://api.ashbyhq.com/posting-api/job-board/campus,https://api.ashbyhq.com/posting-api/job-board/campus?includeCompensation=true,GET,listed_in_PDFtoWebsite_ashby_source,2026-09-21,ashby_board_tokens_1662.csv,https://github.com/vedangvatsa/PDFtoWebsite/blob/main/.github/scripts/jobs-sync.mjs,Imported from the user-provided board-token registry.
board,ashby,camunda,camunda,slug,https://jobs.ashbyhq.com/camunda,https://api.ashbyhq.com/posting-api/job-board/camunda,https://api.ashbyhq.com/posting-api/job-board/camunda?includeCompensation=true,GET,listed_in_PDFtoWebsite_ashby_source,2026-09-21,ashby_board_tokens_1662.csv,https://github.com/vedangvatsa/PDFtoWebsite/blob/main/.github/scripts/jobs-sync.mjs,Imported from the user-provided board-token registry.
board,ashby,canals,canals,slug,https://jobs.ashbyhq.com/canals,https://api.ashbyhq.com/posting-api/job-board/canals,https://api.ashbyhq.com/posting-api/job-board/canals?includeCompensation=true,GET,listed_in_PDFtoWebsite_ashby_source,2026-09-21,ashby_board_tokens_1662.csv,https://github.com/vedangvatsa/PDFtoWebsite/blob/main/.github/scripts/jobs-sync.mjs,Imported from the user-provided board-token registry.
board,ashby,candidhealth,candidhealth,slug,https://jobs.ashbyhq.com/candidhealth,https://api.ashbyhq.com/posting-api/job-board/candidhealth,https://api.ashbyhq.com/posting-api/job-board/candidhealth?includeCompensation=true,GET,listed_in_PDFtoWebsite_ashby_source,2026-09-21,ashby_board_tokens_1662.csv,https://github.com/vedangvatsa/PDFtoWebsite/blob/main/.github/scripts/jobs-sync.mjs,Imported from the user-provided board-token registry.
board,ashby,cantina,cantina,slug,https://jobs.ashbyhq.com/cantina,https://api.ashbyhq.com/posting-api/job-board/cantina,https://api.ashbyhq.com/posting-api/job-board/cantina?includeCompensation=true,GET,listed_in_PDFtoWebsite_ashby_source,2026-09-21,ashby_board_tokens_1662.csv,https://github.com/vedangvatsa/PDFtoWebsite/blob/main/.github/scripts/jobs-sync.mjs,Imported from the user-provided board-token registry.
board,ashby,canvas-medical,canvas-medical,slug,https://jobs.ashbyhq.com/canvas-medical,https://api.ashbyhq.com/posting-api/job-board/canvas-medical,https://api.ashbyhq.com/posting-api/job-board/canvas-medical?includeCompensation=true,GET,listed_in_PDFtoWebsite_ashby_source,2026-09-21,ashby_board_tokens_1662.csv,https://github.com/vedangvatsa/PDFtoWebsite/blob/main/.github/scripts/jobs-sync.mjs,Imported from the user-provided board-token registry.
board,ashby,cape,cape,slug,https://jobs.ashbyhq.com/cape,https://api.ashbyhq.com/posting-api/job-board/cape,https://api.ashbyhq.com/posting-api/job-board/cape?includeCompensation=true,GET,listed_in_PDFtoWebsite_ashby_source,2026-09-21,ashby_board_tokens_1662.csv,https://github.com/vedangvatsa/PDFtoWebsite/blob/main/.github/scripts/jobs-sync.mjs,Imported from the user-provided board-token registry.
board,ashby,carbonx,carbonx,slug,https://jobs.ashbyhq.com/carbonx,https://api.ashbyhq.com/posting-api/job-board/carbonx,https://api.ashbyhq.com/posting-api/job-board/carbonx?includeCompensation=true,GET,listed_in_PDFtoWebsite_ashby_source,2026-09-21,ashby_board_tokens_1662.csv,https://github.com/vedangvatsa/PDFtoWebsite/blob/main/.github/scripts/jobs-sync.mjs,Imported from the user-provided board-token registry.
board,ashby,cardless,cardless,slug,https://jobs.ashbyhq.com/cardless,https://api.ashbyhq.com/posting-api/job-board/cardless,https://api.ashbyhq.com/posting-api/job-board/cardless?includeCompensation=true,GET,listed_in_PDFtoWebsite_ashby_source,2026-09-21,ashby_board_tokens_1662.csv,https://github.com/vedangvatsa/PDFtoWebsite/blob/main/.github/scripts/jobs-sync.mjs,Imported from the user-provided board-token registry.
board,ashby,careers.azx.io,careers.azx.io,slug,https://jobs.ashbyhq.com/careers.azx.io,https://api.ashbyhq.com/posting-api/job-board/careers.azx.io,https://api.ashbyhq.com/posting-api/job-board/careers.azx.io?includeCompensation=true,GET,listed_in_PDFtoWebsite_ashby_source,2026-09-21,ashby_board_tokens_1662.csv,https://github.com/vedangvatsa/PDFtoWebsite/blob/main/.github/scripts/jobs-sync.mjs,Imported from the user-provided board-token registry.
board,ashby,cargado,cargado,slug,https://jobs.ashbyhq.com/cargado,https://api.ashbyhq.com/posting-api/job-board/cargado,https://api.ashbyhq.com/posting-api/job-board/cargado?includeCompensation=true,GET,listed_in_PDFtoWebsite_ashby_source,2026-09-21,ashby_board_tokens_1662.csv,https://github.com/vedangvatsa/PDFtoWebsite/blob/main/.github/scripts/jobs-sync.mjs,Imported from the user-provided board-token registry.
board,ashby,cargo-one,cargo-one,slug,https://jobs.ashbyhq.com/cargo-one,https://api.ashbyhq.com/posting-api/job-board/cargo-one,https://api.ashbyhq.com/posting-api/job-board/cargo-one?includeCompensation=true,GET,listed_in_PDFtoWebsite_ashby_source,2026-09-21,ashby_board_tokens_1662.csv,https://github.com/vedangvatsa/PDFtoWebsite/blob/main/.github/scripts/jobs-sync.mjs,Imported from the user-provided board-token registry.
board,ashby,carry,carry,slug,https://jobs.ashbyhq.com/carry,https://api.ashbyhq.com/posting-api/job-board/carry,https://api.ashbyhq.com/posting-api/job-board/carry?includeCompensation=true,GET,listed_in_PDFtoWebsite_alt_ashby_source,2026-09-21,ashby_board_tokens_1662.csv,https://github.com/vedangvatsa/PDFtoWebsite/blob/main/run-cj.mjs,Imported from the user-provided board-token registry.
board,ashby,cartesia,cartesia,slug,https://jobs.ashbyhq.com/cartesia,https://api.ashbyhq.com/posting-api/job-board/cartesia,https://api.ashbyhq.com/posting-api/job-board/cartesia?includeCompensation=true,GET,listed_in_PDFtoWebsite_ashby_source,2026-09-21,ashby_board_tokens_1662.csv,https://github.com/vedangvatsa/PDFtoWebsite/blob/main/.github/scripts/jobs-sync.mjs,Imported from the user-provided board-token registry.
board,ashby,cas,cas,slug,https://jobs.ashbyhq.com/cas,https://api.ashbyhq.com/posting-api/job-board/cas,https://api.ashbyhq.com/posting-api/job-board/cas?includeCompensation=true,GET,listed_in_PDFtoWebsite_ashby_source,2026-09-21,ashby_board_tokens_1662.csv,https://github.com/vedangvatsa/PDFtoWebsite/blob/main/.github/scripts/jobs-sync.mjs,Imported from the user-provided board-token registry.
board,ashby,casap,casap,slug,https://jobs.ashbyhq.com/casap,https://api.ashbyhq.com/posting-api/job-board/casap,https://api.ashbyhq.com/posting-api/job-board/casap?includeCompensation=true,GET,listed_in_PDFtoWebsite_ashby_source,2026-09-21,ashby_board_tokens_1662.csv,https://github.com/vedangvatsa/PDFtoWebsite/blob/main/.github/scripts/jobs-sync.mjs,Imported from the user-provided board-token registry.
board,ashby,casca,casca,slug,https://jobs.ashbyhq.com/casca,https://api.ashbyhq.com/posting-api/job-board/casca,https://api.ashbyhq.com/posting-api/job-board/casca?includeCompensation=true,GET,listed_in_PDFtoWebsite_ashby_source,2026-09-21,ashby_board_tokens_1662.csv,https://github.com/vedangvatsa/PDFtoWebsite/blob/main/.github/scripts/jobs-sync.mjs,Imported from the user-provided board-token registry.
board,ashby,catalant-technologies,catalant-technologies,slug,https://jobs.ashbyhq.com/catalant-technologies,https://api.ashbyhq.com/posting-api/job-board/catalant-technologies,https://api.ashbyhq.com/posting-api/job-board/catalant-technologies?includeCompensation=true,GET,listed_in_PDFtoWebsite_ashby_source,2026-09-21,ashby_board_tokens_1662.csv,https://github.com/vedangvatsa/PDFtoWebsite/blob/main/.github/scripts/jobs-sync.mjs,Imported from the user-provided board-token registry.
board,ashby,causal,causal,slug,https://jobs.ashbyhq.com/causal,https://api.ashbyhq.com/posting-api/job-board/causal,https://api.ashbyhq.com/posting-api/job-board/causal?includeCompensation=true,GET,listed_in_PDFtoWebsite_ashby_source,2026-09-21,ashby_board_tokens_1662.csv,https://github.com/vedangvatsa/PDFtoWebsite/blob/main/.github/scripts/jobs-sync.mjs,Imported from the user-provided board-token registry.
board,ashby,causaly,causaly,slug,https://jobs.ashbyhq.com/causaly,https://api.ashbyhq.com/posting-api/job-board/causaly,https://api.ashbyhq.com/posting-api/job-board/causaly?includeCompensation=true,GET,listed_in_PDFtoWebsite_ashby_source,2026-09-21,ashby_board_tokens_1662.csv,https://github.com/vedangvatsa/PDFtoWebsite/blob/main/.github/scripts/jobs-sync.mjs,Imported from the user-provided board-token registry.
board,ashby,cbai,cbai,slug,https://jobs.ashbyhq.com/cbai,https://api.ashbyhq.com/posting-api/job-board/cbai,https://api.ashbyhq.com/posting-api/job-board/cbai?includeCompensation=true,GET,listed_in_PDFtoWebsite_ashby_source,2026-09-21,ashby_board_tokens_1662.csv,https://github.com/vedangvatsa/PDFtoWebsite/blob/main/.github/scripts/jobs-sync.mjs,Imported from the user-provided board-token registry.
board,ashby,cchn,cchn,slug,https://jobs.ashbyhq.com/cchn,https://api.ashbyhq.com/posting-api/job-board/cchn,https://api.ashbyhq.com/posting-api/job-board/cchn?includeCompensation=true,GET,listed_in_PDFtoWebsite_ashby_source,2026-09-21,ashby_board_tokens_1662.csv,https://github.com/vedangvatsa/PDFtoWebsite/blob/main/.github/scripts/jobs-sync.mjs,Imported from the user-provided board-token registry.
board,ashby,centerfield,centerfield,slug,https://jobs.ashbyhq.com/centerfield,https://api.ashbyhq.com/posting-api/job-board/centerfield,https://api.ashbyhq.com/posting-api/job-board/centerfield?includeCompensation=true,GET,listed_in_PDFtoWebsite_ashby_source,2026-09-21,ashby_board_tokens_1662.csv,https://github.com/vedangvatsa/PDFtoWebsite/blob/main/.github/scripts/jobs-sync.mjs,Imported from the user-provided board-token registry.
board,ashby,centivo,centivo,slug,https://jobs.ashbyhq.com/centivo,https://api.ashbyhq.com/posting-api/job-board/centivo,https://api.ashbyhq.com/posting-api/job-board/centivo?includeCompensation=true,GET,listed_in_PDFtoWebsite_ashby_source,2026-09-21,ashby_board_tokens_1662.csv,https://github.com/vedangvatsa/PDFtoWebsite/blob/main/.github/scripts/jobs-sync.mjs,Imported from the user-provided board-token registry.
board,ashby,centralhq,centralhq,slug,https://jobs.ashbyhq.com/centralhq,https://api.ashbyhq.com/posting-api/job-board/centralhq,https://api.ashbyhq.com/posting-api/job-board/centralhq?includeCompensation=true,GET,listed_in_PDFtoWebsite_alt_ashby_source,2026-09-21,ashby_board_tokens_1662.csv,https://github.com/vedangvatsa/PDFtoWebsite/blob/main/run-cj.mjs,Imported from the user-provided board-token registry.
board,ashby,chainalysis-careers,chainalysis-careers,slug,https://jobs.ashbyhq.com/chainalysis-careers,https://api.ashbyhq.com/posting-api/job-board/chainalysis-careers,https://api.ashbyhq.com/posting-api/job-board/chainalysis-careers?includeCompensation=true,GET,listed_in_PDFtoWebsite_ashby_source,2026-09-21,ashby_board_tokens_1662.csv,https://github.com/vedangvatsa/PDFtoWebsite/blob/main/.github/scripts/jobs-sync.mjs,Imported from the user-provided board-token registry.
board,ashby,chainlink-labs,chainlink-labs,slug,https://jobs.ashbyhq.com/chainlink-labs,https://api.ashbyhq.com/posting-api/job-board/chainlink-labs,https://api.ashbyhq.com/posting-api/job-board/chainlink-labs?includeCompensation=true,GET,listed_in_PDFtoWebsite_alt_ashby_source,2026-09-21,ashby_board_tokens_1662.csv,https://github.com/vedangvatsa/PDFtoWebsite/blob/main/run-cj.mjs,Imported from the user-provided board-token registry.
board,ashby,chalkboard,chalkboard,slug,https://jobs.ashbyhq.com/chalkboard,https://api.ashbyhq.com/posting-api/job-board/chalkboard,https://api.ashbyhq.com/posting-api/job-board/chalkboard?includeCompensation=true,GET,listed_in_PDFtoWebsite_ashby_source,2026-09-21,ashby_board_tokens_1662.csv,https://github.com/vedangvatsa/PDFtoWebsite/blob/main/.github/scripts/jobs-sync.mjs,Imported from the user-provided board-token registry.
board,ashby,chambercardio,chambercardio,slug,https://jobs.ashbyhq.com/chambercardio,https://api.ashbyhq.com/posting-api/job-board/chambercardio,https://api.ashbyhq.com/posting-api/job-board/chambercardio?includeCompensation=true,GET,listed_in_PDFtoWebsite_ashby_source,2026-09-21,ashby_board_tokens_1662.csv,https://github.com/vedangvatsa/PDFtoWebsite/blob/main/.github/scripts/jobs-sync.mjs,Imported from the user-provided board-token registry.
board,ashby,chapter,chapter,slug,https://jobs.ashbyhq.com/chapter,https://api.ashbyhq.com/posting-api/job-board/chapter,https://api.ashbyhq.com/posting-api/job-board/chapter?includeCompensation=true,GET,listed_in_PDFtoWebsite_ashby_source,2026-09-21,ashby_board_tokens_1662.csv,https://github.com/vedangvatsa/PDFtoWebsite/blob/main/.github/scripts/jobs-sync.mjs,Imported from the user-provided board-token registry.
board,ashby,character,character,slug,https://jobs.ashbyhq.com/character,https://api.ashbyhq.com/posting-api/job-board/character,https://api.ashbyhq.com/posting-api/job-board/character?includeCompensation=true,GET,listed_in_PDFtoWebsite_ashby_source,2026-09-21,ashby_board_tokens_1662.csv,https://github.com/vedangvatsa/PDFtoWebsite/blob/main/.github/scripts/jobs-sync.mjs,Imported from the user-provided board-token registry.
board,ashby,charthop,charthop,slug,https://jobs.ashbyhq.com/charthop,https://api.ashbyhq.com/posting-api/job-board/charthop,https://api.ashbyhq.com/posting-api/job-board/charthop?includeCompensation=true,GET,listed_in_PDFtoWebsite_ashby_source,2026-09-21,ashby_board_tokens_1662.csv,https://github.com/vedangvatsa/PDFtoWebsite/blob/main/.github/scripts/jobs-sync.mjs,Imported from the user-provided board-token registry.
board,ashby,chatbase,chatbase,slug,https://jobs.ashbyhq.com/chatbase,https://api.ashbyhq.com/posting-api/job-board/chatbase,https://api.ashbyhq.com/posting-api/job-board/chatbase?includeCompensation=true,GET,listed_in_PDFtoWebsite_ashby_source,2026-09-21,ashby_board_tokens_1662.csv,https://github.com/vedangvatsa/PDFtoWebsite/blob/main/.github/scripts/jobs-sync.mjs,Imported from the user-provided board-token registry.
board,ashby,checkly,checkly,slug,https://jobs.ashbyhq.com/checkly,https://api.ashbyhq.com/posting-api/job-board/checkly,https://api.ashbyhq.com/posting-api/job-board/checkly?includeCompensation=true,GET,listed_in_PDFtoWebsite_ashby_source,2026-09-21,ashby_board_tokens_1662.csv,https://github.com/vedangvatsa/PDFtoWebsite/blob/main/.github/scripts/jobs-sync.mjs,Imported from the user-provided board-token registry.
board,ashby,chestnut,chestnut,slug,https://jobs.ashbyhq.com/chestnut,https://api.ashbyhq.com/posting-api/job-board/chestnut,https://api.ashbyhq.com/posting-api/job-board/chestnut?includeCompensation=true,GET,listed_in_PDFtoWebsite_ashby_source,2026-09-21,ashby_board_tokens_1662.csv,https://github.com/vedangvatsa/PDFtoWebsite/blob/main/.github/scripts/jobs-sync.mjs,Imported from the user-provided board-token registry.
board,ashby,chromatic,chromatic,slug,https://jobs.ashbyhq.com/chromatic,https://api.ashbyhq.com/posting-api/job-board/chromatic,https://api.ashbyhq.com/posting-api/job-board/chromatic?includeCompensation=true,GET,listed_in_PDFtoWebsite_ashby_source,2026-09-21,ashby_board_tokens_1662.csv,https://github.com/vedangvatsa/PDFtoWebsite/blob/main/.github/scripts/jobs-sync.mjs,Imported from the user-provided board-token registry.
board,ashby,chronosphere,chronosphere,slug,https://jobs.ashbyhq.com/chronosphere,https://api.ashbyhq.com/posting-api/job-board/chronosphere,https://api.ashbyhq.com/posting-api/job-board/chronosphere?includeCompensation=true,GET,listed_in_PDFtoWebsite_alt_ashby_source,2026-09-21,ashby_board_tokens_1662.csv,https://github.com/vedangvatsa/PDFtoWebsite/blob/main/run-cj.mjs,Imported from the user-provided board-token registry.
board,ashby,chronospherejobs,chronospherejobs,slug,https://jobs.ashbyhq.com/chronospherejobs,https://api.ashbyhq.com/posting-api/job-board/chronospherejobs,https://api.ashbyhq.com/posting-api/job-board/chronospherejobs?includeCompensation=true,GET,listed_in_PDFtoWebsite_ashby_source,2026-09-21,ashby_board_tokens_1662.csv,https://github.com/vedangvatsa/PDFtoWebsite/blob/main/.github/scripts/jobs-sync.mjs,Imported from the user-provided board-token registry.
board,ashby,circuithub,circuithub,slug,https://jobs.ashbyhq.com/circuithub,https://api.ashbyhq.com/posting-api/job-board/circuithub,https://api.ashbyhq.com/posting-api/job-board/circuithub?includeCompensation=true,GET,listed_in_PDFtoWebsite_ashby_source,2026-09-21,ashby_board_tokens_1662.csv,https://github.com/vedangvatsa/PDFtoWebsite/blob/main/.github/scripts/jobs-sync.mjs,Imported from the user-provided board-token registry.
board,ashby,citizen,citizen,slug,https://jobs.ashbyhq.com/citizen,https://api.ashbyhq.com/posting-api/job-board/citizen,https://api.ashbyhq.com/posting-api/job-board/citizen?includeCompensation=true,GET,listed_in_PDFtoWebsite_ashby_source,2026-09-21,ashby_board_tokens_1662.csv,https://github.com/vedangvatsa/PDFtoWebsite/blob/main/.github/scripts/jobs-sync.mjs,Imported from the user-provided board-token registry.
board,ashby,civilgrid,civilgrid,slug,https://jobs.ashbyhq.com/civilgrid,https://api.ashbyhq.com/posting-api/job-board/civilgrid,https://api.ashbyhq.com/posting-api/job-board/civilgrid?includeCompensation=true,GET,listed_in_PDFtoWebsite_ashby_source,2026-09-21,ashby_board_tokens_1662.csv,https://github.com/vedangvatsa/PDFtoWebsite/blob/main/.github/scripts/jobs-sync.mjs,Imported from the user-provided board-token registry.
board,ashby,claim-health,claim-health,slug,https://jobs.ashbyhq.com/claim-health,https://api.ashbyhq.com/posting-api/job-board/claim-health,https://api.ashbyhq.com/posting-api/job-board/claim-health?includeCompensation=true,GET,listed_in_PDFtoWebsite_ashby_source,2026-09-21,ashby_board_tokens_1662.csv,https://github.com/vedangvatsa/PDFtoWebsite/blob/main/.github/scripts/jobs-sync.mjs,Imported from the user-provided board-token registry.
board,ashby,claimsorted,claimsorted,slug,https://jobs.ashbyhq.com/claimsorted,https://api.ashbyhq.com/posting-api/job-board/claimsorted,https://api.ashbyhq.com/posting-api/job-board/claimsorted?includeCompensation=true,GET,listed_in_PDFtoWebsite_ashby_source,2026-09-21,ashby_board_tokens_1662.csv,https://github.com/vedangvatsa/PDFtoWebsite/blob/main/.github/scripts/jobs-sync.mjs,Imported from the user-provided board-token registry.
board,ashby,clair,clair,slug,https://jobs.ashbyhq.com/clair,https://api.ashbyhq.com/posting-api/job-board/clair,https://api.ashbyhq.com/posting-api/job-board/clair?includeCompensation=true,GET,listed_in_PDFtoWebsite_ashby_source,2026-09-21,ashby_board_tokens_1662.csv,https://github.com/vedangvatsa/PDFtoWebsite/blob/main/.github/scripts/jobs-sync.mjs,Imported from the user-provided board-token registry.
board,ashby,claritypay,claritypay,slug,https://jobs.ashbyhq.com/claritypay,https://api.ashbyhq.com/posting-api/job-board/claritypay,https://api.ashbyhq.com/posting-api/job-board/claritypay?includeCompensation=true,GET,listed_in_PDFtoWebsite_ashby_source,2026-09-21,ashby_board_tokens_1662.csv,https://github.com/vedangvatsa/PDFtoWebsite/blob/main/.github/scripts/jobs-sync.mjs,Imported from the user-provided board-token registry.
board,ashby,claritypediatrics,claritypediatrics,slug,https://jobs.ashbyhq.com/claritypediatrics,https://api.ashbyhq.com/posting-api/job-board/claritypediatrics,https://api.ashbyhq.com/posting-api/job-board/claritypediatrics?includeCompensation=true,GET,listed_in_PDFtoWebsite_ashby_source,2026-09-21,ashby_board_tokens_1662.csv,https://github.com/vedangvatsa/PDFtoWebsite/blob/main/.github/scripts/jobs-sync.mjs,Imported from the user-provided board-token registry.
board,ashby,clarium,clarium,slug,https://jobs.ashbyhq.com/clarium,https://api.ashbyhq.com/posting-api/job-board/clarium,https://api.ashbyhq.com/posting-api/job-board/clarium?includeCompensation=true,GET,listed_in_PDFtoWebsite_ashby_source,2026-09-21,ashby_board_tokens_1662.csv,https://github.com/vedangvatsa/PDFtoWebsite/blob/main/.github/scripts/jobs-sync.mjs,Imported from the user-provided board-token registry.
board,ashby,clasp-group,clasp-group,slug,https://jobs.ashbyhq.com/clasp-group,https://api.ashbyhq.com/posting-api/job-board/clasp-group,https://api.ashbyhq.com/posting-api/job-board/clasp-group?includeCompensation=true,GET,listed_in_PDFtoWebsite_ashby_source,2026-09-21,ashby_board_tokens_1662.csv,https://github.com/vedangvatsa/PDFtoWebsite/blob/main/.github/scripts/jobs-sync.mjs,Imported from the user-provided board-token registry.
board,ashby,classdojo,classdojo,slug,https://jobs.ashbyhq.com/classdojo,https://api.ashbyhq.com/posting-api/job-board/classdojo,https://api.ashbyhq.com/posting-api/job-board/classdojo?includeCompensation=true,GET,listed_in_PDFtoWebsite_ashby_source,2026-09-21,ashby_board_tokens_1662.csv,https://github.com/vedangvatsa/PDFtoWebsite/blob/main/.github/scripts/jobs-sync.mjs,Imported from the user-provided board-token registry.
board,ashby,claylabs,claylabs,slug,https://jobs.ashbyhq.com/claylabs,https://api.ashbyhq.com/posting-api/job-board/claylabs,https://api.ashbyhq.com/posting-api/job-board/claylabs?includeCompensation=true,GET,listed_in_PDFtoWebsite_ashby_source,2026-09-21,ashby_board_tokens_1662.csv,https://github.com/vedangvatsa/PDFtoWebsite/blob/main/.github/scripts/jobs-sync.mjs,Imported from the user-provided board-token registry.
board,ashby,clearco,clearco,slug,https://jobs.ashbyhq.com/clearco,https://api.ashbyhq.com/posting-api/job-board/clearco,https://api.ashbyhq.com/posting-api/job-board/clearco?includeCompensation=true,GET,listed_in_PDFtoWebsite_ashby_source,2026-09-21,ashby_board_tokens_1662.csv,https://github.com/vedangvatsa/PDFtoWebsite/blob/main/.github/scripts/jobs-sync.mjs,Imported from the user-provided board-token registry.
board,ashby,clearvector,clearvector,slug,https://jobs.ashbyhq.com/clearvector,https://api.ashbyhq.com/posting-api/job-board/clearvector,https://api.ashbyhq.com/posting-api/job-board/clearvector?includeCompensation=true,GET,listed_in_PDFtoWebsite_ashby_source,2026-09-21,ashby_board_tokens_1662.csv,https://github.com/vedangvatsa/PDFtoWebsite/blob/main/.github/scripts/jobs-sync.mjs,Imported from the user-provided board-token registry.
board,ashby,clerk,clerk,slug,https://jobs.ashbyhq.com/clerk,https://api.ashbyhq.com/posting-api/job-board/clerk,https://api.ashbyhq.com/posting-api/job-board/clerk?includeCompensation=true,GET,listed_in_PDFtoWebsite_ashby_source,2026-09-21,ashby_board_tokens_1662.csv,https://github.com/vedangvatsa/PDFtoWebsite/blob/main/.github/scripts/jobs-sync.mjs,Imported from the user-provided board-token registry.
board,ashby,clickhouse,clickhouse,slug,https://jobs.ashbyhq.com/clickhouse,https://api.ashbyhq.com/posting-api/job-board/clickhouse,https://api.ashbyhq.com/posting-api/job-board/clickhouse?includeCompensation=true,GET,listed_in_PDFtoWebsite_ashby_source,2026-09-21,ashby_board_tokens_1662.csv,https://github.com/vedangvatsa/PDFtoWebsite/blob/main/.github/scripts/jobs-sync.mjs,Imported from the user-provided board-token registry.
board,ashby,clickup,clickup,slug,https://jobs.ashbyhq.com/clickup,https://api.ashbyhq.com/posting-api/job-board/clickup,https://api.ashbyhq.com/posting-api/job-board/clickup?includeCompensation=true,GET,listed_in_PDFtoWebsite_ashby_source,2026-09-21,ashby_board_tokens_1662.csv,https://github.com/vedangvatsa/PDFtoWebsite/blob/main/.github/scripts/jobs-sync.mjs,Imported from the user-provided board-token registry.
board,ashby,clipboard,clipboard,slug,https://jobs.ashbyhq.com/clipboard,https://api.ashbyhq.com/posting-api/job-board/clipboard,https://api.ashbyhq.com/posting-api/job-board/clipboard?includeCompensation=true,GET,listed_in_PDFtoWebsite_ashby_source,2026-09-21,ashby_board_tokens_1662.csv,https://github.com/vedangvatsa/PDFtoWebsite/blob/main/.github/scripts/jobs-sync.mjs,Imported from the user-provided board-token registry.
board,ashby,clipbook,clipbook,slug,https://jobs.ashbyhq.com/clipbook,https://api.ashbyhq.com/posting-api/job-board/clipbook,https://api.ashbyhq.com/posting-api/job-board/clipbook?includeCompensation=true,GET,listed_in_PDFtoWebsite_ashby_source,2026-09-21,ashby_board_tokens_1662.csv,https://github.com/vedangvatsa/PDFtoWebsite/blob/main/.github/scripts/jobs-sync.mjs,Imported from the user-provided board-token registry.
board,ashby,close,close,slug,https://jobs.ashbyhq.com/close,https://api.ashbyhq.com/posting-api/job-board/close,https://api.ashbyhq.com/posting-api/job-board/close?includeCompensation=true,GET,listed_in_PDFtoWebsite_ashby_source,2026-09-21,ashby_board_tokens_1662.csv,https://github.com/vedangvatsa/PDFtoWebsite/blob/main/.github/scripts/jobs-sync.mjs,Imported from the user-provided board-token registry.
board,ashby,cloudzero,cloudzero,slug,https://jobs.ashbyhq.com/cloudzero,https://api.ashbyhq.com/posting-api/job-board/cloudzero,https://api.ashbyhq.com/posting-api/job-board/cloudzero?includeCompensation=true,GET,listed_in_PDFtoWebsite_ashby_source,2026-09-21,ashby_board_tokens_1662.csv,https://github.com/vedangvatsa/PDFtoWebsite/blob/main/.github/scripts/jobs-sync.mjs,Imported from the user-provided board-token registry.
board,ashby,clubhouse,clubhouse,slug,https://jobs.ashbyhq.com/clubhouse,https://api.ashbyhq.com/posting-api/job-board/clubhouse,https://api.ashbyhq.com/posting-api/job-board/clubhouse?includeCompensation=true,GET,listed_in_PDFtoWebsite_ashby_source,2026-09-21,ashby_board_tokens_1662.csv,https://github.com/vedangvatsa/PDFtoWebsite/blob/main/.github/scripts/jobs-sync.mjs,Imported from the user-provided board-token registry.
board,ashby,cluely,cluely,slug,https://jobs.ashbyhq.com/cluely,https://api.ashbyhq.com/posting-api/job-board/cluely,https://api.ashbyhq.com/posting-api/job-board/cluely?includeCompensation=true,GET,listed_in_PDFtoWebsite_ashby_source,2026-09-21,ashby_board_tokens_1662.csv,https://github.com/vedangvatsa/PDFtoWebsite/blob/main/.github/scripts/jobs-sync.mjs,Imported from the user-provided board-token registry.
board,ashby,coactive,coactive,slug,https://jobs.ashbyhq.com/coactive,https://api.ashbyhq.com/posting-api/job-board/coactive,https://api.ashbyhq.com/posting-api/job-board/coactive?includeCompensation=true,GET,listed_in_PDFtoWebsite_ashby_source,2026-09-21,ashby_board_tokens_1662.csv,https://github.com/vedangvatsa/PDFtoWebsite/blob/main/.github/scripts/jobs-sync.mjs,Imported from the user-provided board-token registry.
board,ashby,coalesce,coalesce,slug,https://jobs.ashbyhq.com/coalesce,https://api.ashbyhq.com/posting-api/job-board/coalesce,https://api.ashbyhq.com/posting-api/job-board/coalesce?includeCompensation=true,GET,listed_in_PDFtoWebsite_ashby_source,2026-09-21,ashby_board_tokens_1662.csv,https://github.com/vedangvatsa/PDFtoWebsite/blob/main/.github/scripts/jobs-sync.mjs,Imported from the user-provided board-token registry.
board,ashby,cobot,cobot,slug,https://jobs.ashbyhq.com/cobot,https://api.ashbyhq.com/posting-api/job-board/cobot,https://api.ashbyhq.com/posting-api/job-board/cobot?includeCompensation=true,GET,listed_in_PDFtoWebsite_ashby_source,2026-09-21,ashby_board_tokens_1662.csv,https://github.com/vedangvatsa/PDFtoWebsite/blob/main/.github/scripts/jobs-sync.mjs,Imported from the user-provided board-token registry.
board,ashby,coda,coda,slug,https://jobs.ashbyhq.com/coda,https://api.ashbyhq.com/posting-api/job-board/coda,https://api.ashbyhq.com/posting-api/job-board/coda?includeCompensation=true,GET,listed_in_PDFtoWebsite_alt_ashby_source,2026-09-21,ashby_board_tokens_1662.csv,https://github.com/vedangvatsa/PDFtoWebsite/blob/main/run-cj.mjs,Imported from the user-provided board-token registry.
board,ashby,coder,coder,slug,https://jobs.ashbyhq.com/coder,https://api.ashbyhq.com/posting-api/job-board/coder,https://api.ashbyhq.com/posting-api/job-board/coder?includeCompensation=true,GET,listed_in_PDFtoWebsite_ashby_source,2026-09-21,ashby_board_tokens_1662.csv,https://github.com/vedangvatsa/PDFtoWebsite/blob/main/.github/scripts/jobs-sync.mjs,Imported from the user-provided board-token registry.
board,ashby,coderabbit,coderabbit,slug,https://jobs.ashbyhq.com/coderabbit,https://api.ashbyhq.com/posting-api/job-board/coderabbit,https://api.ashbyhq.com/posting-api/job-board/coderabbit?includeCompensation=true,GET,listed_in_PDFtoWebsite_ashby_source,2026-09-21,ashby_board_tokens_1662.csv,https://github.com/vedangvatsa/PDFtoWebsite/blob/main/.github/scripts/jobs-sync.mjs,Imported from the user-provided board-token registry.
board,ashby,codes-health,codes-health,slug,https://jobs.ashbyhq.com/codes-health,https://api.ashbyhq.com/posting-api/job-board/codes-health,https://api.ashbyhq.com/posting-api/job-board/codes-health?includeCompensation=true,GET,listed_in_PDFtoWebsite_ashby_source,2026-09-21,ashby_board_tokens_1662.csv,https://github.com/vedangvatsa/PDFtoWebsite/blob/main/.github/scripts/jobs-sync.mjs,Imported from the user-provided board-token registry.
board,ashby,codeway,codeway,slug,https://jobs.ashbyhq.com/codeway,https://api.ashbyhq.com/posting-api/job-board/codeway,https://api.ashbyhq.com/posting-api/job-board/codeway?includeCompensation=true,GET,listed_in_PDFtoWebsite_ashby_source,2026-09-21,ashby_board_tokens_1662.csv,https://github.com/vedangvatsa/PDFtoWebsite/blob/main/.github/scripts/jobs-sync.mjs,Imported from the user-provided board-token registry.
board,ashby,coefficientgiving,coefficientgiving,slug,https://jobs.ashbyhq.com/coefficientgiving,https://api.ashbyhq.com/posting-api/job-board/coefficientgiving,https://api.ashbyhq.com/posting-api/job-board/coefficientgiving?includeCompensation=true,GET,listed_in_PDFtoWebsite_ashby_source,2026-09-21,ashby_board_tokens_1662.csv,https://github.com/vedangvatsa/PDFtoWebsite/blob/main/.github/scripts/jobs-sync.mjs,Imported from the user-provided board-token registry.
board,ashby,cognition,cognition,slug,https://jobs.ashbyhq.com/cognition,https://api.ashbyhq.com/posting-api/job-board/cognition,https://api.ashbyhq.com/posting-api/job-board/cognition?includeCompensation=true,GET,listed_in_PDFtoWebsite_ashby_source,2026-09-21,ashby_board_tokens_1662.csv,https://github.com/vedangvatsa/PDFtoWebsite/blob/main/.github/scripts/jobs-sync.mjs,Imported from the user-provided board-token registry.
board,ashby,cohere,cohere,slug,https://jobs.ashbyhq.com/cohere,https://api.ashbyhq.com/posting-api/job-board/cohere,https://api.ashbyhq.com/posting-api/job-board/cohere?includeCompensation=true,GET,listed_in_PDFtoWebsite_ashby_source,2026-09-21,ashby_board_tokens_1662.csv,https://github.com/vedangvatsa/PDFtoWebsite/blob/main/.github/scripts/jobs-sync.mjs,Imported from the user-provided board-token registry.
board,ashby,coinflow,coinflow,slug,https://jobs.ashbyhq.com/coinflow,https://api.ashbyhq.com/posting-api/job-board/coinflow,https://api.ashbyhq.com/posting-api/job-board/coinflow?includeCompensation=true,GET,listed_in_PDFtoWebsite_ashby_source,2026-09-21,ashby_board_tokens_1662.csv,https://github.com/vedangvatsa/PDFtoWebsite/blob/main/.github/scripts/jobs-sync.mjs,Imported from the user-provided board-token registry.
board,ashby,coinhako,coinhako,slug,https://jobs.ashbyhq.com/coinhako,https://api.ashbyhq.com/posting-api/job-board/coinhako,https://api.ashbyhq.com/posting-api/job-board/coinhako?includeCompensation=true,GET,listed_in_PDFtoWebsite_ashby_source,2026-09-21,ashby_board_tokens_1662.csv,https://github.com/vedangvatsa/PDFtoWebsite/blob/main/.github/scripts/jobs-sync.mjs,Imported from the user-provided board-token registry.
board,ashby,cointracker,cointracker,slug,https://jobs.ashbyhq.com/cointracker,https://api.ashbyhq.com/posting-api/job-board/cointracker,https://api.ashbyhq.com/posting-api/job-board/cointracker?includeCompensation=true,GET,listed_in_PDFtoWebsite_ashby_source,2026-09-21,ashby_board_tokens_1662.csv,https://github.com/vedangvatsa/PDFtoWebsite/blob/main/.github/scripts/jobs-sync.mjs,Imported from the user-provided board-token registry.
board,ashby,colonist,colonist,slug,https://jobs.ashbyhq.com/colonist,https://api.ashbyhq.com/posting-api/job-board/colonist,https://api.ashbyhq.com/posting-api/job-board/colonist?includeCompensation=true,GET,listed_in_PDFtoWebsite_ashby_source,2026-09-21,ashby_board_tokens_1662.csv,https://github.com/vedangvatsa/PDFtoWebsite/blob/main/.github/scripts/jobs-sync.mjs,Imported from the user-provided board-token registry.
board,ashby,column,column,slug,https://jobs.ashbyhq.com/column,https://api.ashbyhq.com/posting-api/job-board/column,https://api.ashbyhq.com/posting-api/job-board/column?includeCompensation=true,GET,listed_in_PDFtoWebsite_ashby_source,2026-09-21,ashby_board_tokens_1662.csv,https://github.com/vedangvatsa/PDFtoWebsite/blob/main/.github/scripts/jobs-sync.mjs,Imported from the user-provided board-token registry.
board,ashby,comfy-org,comfy-org,slug,https://jobs.ashbyhq.com/comfy-org,https://api.ashbyhq.com/posting-api/job-board/comfy-org,https://api.ashbyhq.com/posting-api/job-board/comfy-org?includeCompensation=true,GET,listed_in_PDFtoWebsite_ashby_source,2026-09-21,ashby_board_tokens_1662.csv,https://github.com/vedangvatsa/PDFtoWebsite/blob/main/.github/scripts/jobs-sync.mjs,Imported from the user-provided board-token registry.
board,ashby,comity,comity,slug,https://jobs.ashbyhq.com/comity,https://api.ashbyhq.com/posting-api/job-board/comity,https://api.ashbyhq.com/posting-api/job-board/comity?includeCompensation=true,GET,listed_in_PDFtoWebsite_ashby_source,2026-09-21,ashby_board_tokens_1662.csv,https://github.com/vedangvatsa/PDFtoWebsite/blob/main/.github/scripts/jobs-sync.mjs,Imported from the user-provided board-token registry.
board,ashby,commonroom,commonroom,slug,https://jobs.ashbyhq.com/commonroom,https://api.ashbyhq.com/posting-api/job-board/commonroom,https://api.ashbyhq.com/posting-api/job-board/commonroom?includeCompensation=true,GET,listed_in_PDFtoWebsite_ashby_source,2026-09-21,ashby_board_tokens_1662.csv,https://github.com/vedangvatsa/PDFtoWebsite/blob/main/.github/scripts/jobs-sync.mjs,Imported from the user-provided board-token registry.
board,ashby,commons,commons,slug,https://jobs.ashbyhq.com/commons,https://api.ashbyhq.com/posting-api/job-board/commons,https://api.ashbyhq.com/posting-api/job-board/commons?includeCompensation=true,GET,listed_in_PDFtoWebsite_ashby_source,2026-09-21,ashby_board_tokens_1662.csv,https://github.com/vedangvatsa/PDFtoWebsite/blob/main/.github/scripts/jobs-sync.mjs,Imported from the user-provided board-token registry.
board,ashby,commure,commure,slug,https://jobs.ashbyhq.com/commure,https://api.ashbyhq.com/posting-api/job-board/commure,https://api.ashbyhq.com/posting-api/job-board/commure?includeCompensation=true,GET,listed_in_PDFtoWebsite_ashby_source,2026-09-21,ashby_board_tokens_1662.csv,https://github.com/vedangvatsa/PDFtoWebsite/blob/main/.github/scripts/jobs-sync.mjs,Imported from the user-provided board-token registry.
board,ashby,compa,compa,slug,https://jobs.ashbyhq.com/compa,https://api.ashbyhq.com/posting-api/job-board/compa,https://api.ashbyhq.com/posting-api/job-board/compa?includeCompensation=true,GET,listed_in_PDFtoWebsite_ashby_source,2026-09-21,ashby_board_tokens_1662.csv,https://github.com/vedangvatsa/PDFtoWebsite/blob/main/.github/scripts/jobs-sync.mjs,Imported from the user-provided board-token registry.
board,ashby,company,company,slug,https://jobs.ashbyhq.com/company,https://api.ashbyhq.com/posting-api/job-board/company,https://api.ashbyhq.com/posting-api/job-board/company?includeCompensation=true,GET,listed_in_PDFtoWebsite_ashby_source,2026-09-21,ashby_board_tokens_1662.csv,https://github.com/vedangvatsa/PDFtoWebsite/blob/main/.github/scripts/jobs-sync.mjs,Imported from the user-provided board-token registry.
board,ashby,composio,composio,slug,https://jobs.ashbyhq.com/composio,https://api.ashbyhq.com/posting-api/job-board/composio,https://api.ashbyhq.com/posting-api/job-board/composio?includeCompensation=true,GET,listed_in_PDFtoWebsite_ashby_source,2026-09-21,ashby_board_tokens_1662.csv,https://github.com/vedangvatsa/PDFtoWebsite/blob/main/.github/scripts/jobs-sync.mjs,Imported from the user-provided board-token registry.
board,ashby,compound,compound,slug,https://jobs.ashbyhq.com/compound,https://api.ashbyhq.com/posting-api/job-board/compound,https://api.ashbyhq.com/posting-api/job-board/compound?includeCompensation=true,GET,listed_in_PDFtoWebsite_ashby_source,2026-09-21,ashby_board_tokens_1662.csv,https://github.com/vedangvatsa/PDFtoWebsite/blob/main/.github/scripts/jobs-sync.mjs,Imported from the user-provided board-token registry.
board,ashby,comulate,comulate,slug,https://jobs.ashbyhq.com/comulate,https://api.ashbyhq.com/posting-api/job-board/comulate,https://api.ashbyhq.com/posting-api/job-board/comulate?includeCompensation=true,GET,listed_in_PDFtoWebsite_alt_ashby_source,2026-09-21,ashby_board_tokens_1662.csv,https://github.com/vedangvatsa/PDFtoWebsite/blob/main/run-cj.mjs,Imported from the user-provided board-token registry.
board,ashby,concourse,concourse,slug,https://jobs.ashbyhq.com/concourse,https://api.ashbyhq.com/posting-api/job-board/concourse,https://api.ashbyhq.com/posting-api/job-board/concourse?includeCompensation=true,GET,listed_in_PDFtoWebsite_ashby_source,2026-09-21,ashby_board_tokens_1662.csv,https://github.com/vedangvatsa/PDFtoWebsite/blob/main/.github/scripts/jobs-sync.mjs,Imported from the user-provided board-token registry.
board,ashby,conduct,conduct,slug,https://jobs.ashbyhq.com/conduct,https://api.ashbyhq.com/posting-api/job-board/conduct,https://api.ashbyhq.com/posting-api/job-board/conduct?includeCompensation=true,GET,listed_in_PDFtoWebsite_ashby_source,2026-09-21,ashby_board_tokens_1662.csv,https://github.com/vedangvatsa/PDFtoWebsite/blob/main/.github/scripts/jobs-sync.mjs,Imported from the user-provided board-token registry.
board,ashby,conductorone,conductorone,slug,https://jobs.ashbyhq.com/conductorone,https://api.ashbyhq.com/posting-api/job-board/conductorone,https://api.ashbyhq.com/posting-api/job-board/conductorone?includeCompensation=true,GET,listed_in_PDFtoWebsite_alt_ashby_source,2026-09-21,ashby_board_tokens_1662.csv,https://github.com/vedangvatsa/PDFtoWebsite/blob/main/run-cj.mjs,Imported from the user-provided board-token registry.
board,ashby,conduit,conduit,slug,https://jobs.ashbyhq.com/conduit,https://api.ashbyhq.com/posting-api/job-board/conduit,https://api.ashbyhq.com/posting-api/job-board/conduit?includeCompensation=true,GET,listed_in_PDFtoWebsite_ashby_source,2026-09-21,ashby_board_tokens_1662.csv,https://github.com/vedangvatsa/PDFtoWebsite/blob/main/.github/scripts/jobs-sync.mjs,Imported from the user-provided board-token registry.
board,ashby,confiant,confiant,slug,https://jobs.ashbyhq.com/confiant,https://api.ashbyhq.com/posting-api/job-board/confiant,https://api.ashbyhq.com/posting-api/job-board/confiant?includeCompensation=true,GET,listed_in_PDFtoWebsite_ashby_source,2026-09-21,ashby_board_tokens_1662.csv,https://github.com/vedangvatsa/PDFtoWebsite/blob/main/.github/scripts/jobs-sync.mjs,Imported from the user-provided board-token registry.
board,ashby,confluent,confluent,slug,https://jobs.ashbyhq.com/confluent,https://api.ashbyhq.com/posting-api/job-board/confluent,https://api.ashbyhq.com/posting-api/job-board/confluent?includeCompensation=true,GET,listed_in_PDFtoWebsite_ashby_source,2026-09-21,ashby_board_tokens_1662.csv,https://github.com/vedangvatsa/PDFtoWebsite/blob/main/.github/scripts/jobs-sync.mjs,Imported from the user-provided board-token registry.
board,ashby,connecthum,connecthum,slug,https://jobs.ashbyhq.com/connecthum,https://api.ashbyhq.com/posting-api/job-board/connecthum,https://api.ashbyhq.com/posting-api/job-board/connecthum?includeCompensation=true,GET,listed_in_PDFtoWebsite_alt_ashby_source,2026-09-21,ashby_board_tokens_1662.csv,https://github.com/vedangvatsa/PDFtoWebsite/blob/main/run-cj.mjs,Imported from the user-provided board-token registry.
board,ashby,conscious-talent,conscious-talent,slug,https://jobs.ashbyhq.com/conscious-talent,https://api.ashbyhq.com/posting-api/job-board/conscious-talent,https://api.ashbyhq.com/posting-api/job-board/conscious-talent?includeCompensation=true,GET,listed_in_PDFtoWebsite_ashby_source,2026-09-21,ashby_board_tokens_1662.csv,https://github.com/vedangvatsa/PDFtoWebsite/blob/main/.github/scripts/jobs-sync.mjs,Imported from the user-provided board-token registry.
board,ashby,contentoo,contentoo,slug,https://jobs.ashbyhq.com/contentoo,https://api.ashbyhq.com/posting-api/job-board/contentoo,https://api.ashbyhq.com/posting-api/job-board/contentoo?includeCompensation=true,GET,listed_in_PDFtoWebsite_ashby_source,2026-09-21,ashby_board_tokens_1662.csv,https://github.com/vedangvatsa/PDFtoWebsite/blob/main/.github/scripts/jobs-sync.mjs,Imported from the user-provided board-token registry.
board,ashby,continua,continua,slug,https://jobs.ashbyhq.com/continua,https://api.ashbyhq.com/posting-api/job-board/continua,https://api.ashbyhq.com/posting-api/job-board/continua?includeCompensation=true,GET,listed_in_PDFtoWebsite_alt_ashby_source,2026-09-21,ashby_board_tokens_1662.csv,https://github.com/vedangvatsa/PDFtoWebsite/blob/main/run-cj.mjs,Imported from the user-provided board-token registry.
board,ashby,continue,continue,slug,https://jobs.ashbyhq.com/continue,https://api.ashbyhq.com/posting-api/job-board/continue,https://api.ashbyhq.com/posting-api/job-board/continue?includeCompensation=true,GET,listed_in_PDFtoWebsite_ashby_source,2026-09-21,ashby_board_tokens_1662.csv,https://github.com/vedangvatsa/PDFtoWebsite/blob/main/.github/scripts/jobs-sync.mjs,Imported from the user-provided board-token registry.
board,ashby,contra,contra,slug,https://jobs.ashbyhq.com/contra,https://api.ashbyhq.com/posting-api/job-board/contra,https://api.ashbyhq.com/posting-api/job-board/contra?includeCompensation=true,GET,listed_in_PDFtoWebsite_ashby_source,2026-09-21,ashby_board_tokens_1662.csv,https://github.com/vedangvatsa/PDFtoWebsite/blob/main/.github/scripts/jobs-sync.mjs,Imported from the user-provided board-token registry.
board,ashby,convey,convey,slug,https://jobs.ashbyhq.com/convey,https://api.ashbyhq.com/posting-api/job-board/convey,https://api.ashbyhq.com/posting-api/job-board/convey?includeCompensation=true,GET,listed_in_PDFtoWebsite_ashby_source,2026-09-21,ashby_board_tokens_1662.csv,https://github.com/vedangvatsa/PDFtoWebsite/blob/main/.github/scripts/jobs-sync.mjs,Imported from the user-provided board-token registry.
board,ashby,coreflow,coreflow,slug,https://jobs.ashbyhq.com/coreflow,https://api.ashbyhq.com/posting-api/job-board/coreflow,https://api.ashbyhq.com/posting-api/job-board/coreflow?includeCompensation=true,GET,listed_in_PDFtoWebsite_ashby_source,2026-09-21,ashby_board_tokens_1662.csv,https://github.com/vedangvatsa/PDFtoWebsite/blob/main/.github/scripts/jobs-sync.mjs,Imported from the user-provided board-token registry.
board,ashby,coreoftheheart,coreoftheheart,slug,https://jobs.ashbyhq.com/coreoftheheart,https://api.ashbyhq.com/posting-api/job-board/coreoftheheart,https://api.ashbyhq.com/posting-api/job-board/coreoftheheart?includeCompensation=true,GET,listed_in_PDFtoWebsite_ashby_source,2026-09-21,ashby_board_tokens_1662.csv,https://github.com/vedangvatsa/PDFtoWebsite/blob/main/.github/scripts/jobs-sync.mjs,Imported from the user-provided board-token registry.
board,ashby,cortea,cortea,slug,https://jobs.ashbyhq.com/cortea,https://api.ashbyhq.com/posting-api/job-board/cortea,https://api.ashbyhq.com/posting-api/job-board/cortea?includeCompensation=true,GET,listed_in_PDFtoWebsite_ashby_source,2026-09-21,ashby_board_tokens_1662.csv,https://github.com/vedangvatsa/PDFtoWebsite/blob/main/.github/scripts/jobs-sync.mjs,Imported from the user-provided board-token registry.
board,ashby,cosmos,cosmos,slug,https://jobs.ashbyhq.com/cosmos,https://api.ashbyhq.com/posting-api/job-board/cosmos,https://api.ashbyhq.com/posting-api/job-board/cosmos?includeCompensation=true,GET,listed_in_PDFtoWebsite_ashby_source,2026-09-21,ashby_board_tokens_1662.csv,https://github.com/vedangvatsa/PDFtoWebsite/blob/main/.github/scripts/jobs-sync.mjs,Imported from the user-provided board-token registry.
board,ashby,cosuno,cosuno,slug,https://jobs.ashbyhq.com/cosuno,https://api.ashbyhq.com/posting-api/job-board/cosuno,https://api.ashbyhq.com/posting-api/job-board/cosuno?includeCompensation=true,GET,listed_in_PDFtoWebsite_ashby_source,2026-09-21,ashby_board_tokens_1662.csv,https://github.com/vedangvatsa/PDFtoWebsite/blob/main/.github/scripts/jobs-sync.mjs,Imported from the user-provided board-token registry.
board,ashby,counsel,counsel,slug,https://jobs.ashbyhq.com/counsel,https://api.ashbyhq.com/posting-api/job-board/counsel,https://api.ashbyhq.com/posting-api/job-board/counsel?includeCompensation=true,GET,listed_in_PDFtoWebsite_ashby_source,2026-09-21,ashby_board_tokens_1662.csv,https://github.com/vedangvatsa/PDFtoWebsite/blob/main/.github/scripts/jobs-sync.mjs,Imported from the user-provided board-token registry.
board,ashby,coursecareers,coursecareers,slug,https://jobs.ashbyhq.com/coursecareers,https://api.ashbyhq.com/posting-api/job-board/coursecareers,https://api.ashbyhq.com/posting-api/job-board/coursecareers?includeCompensation=true,GET,listed_in_PDFtoWebsite_ashby_source,2026-09-21,ashby_board_tokens_1662.csv,https://github.com/vedangvatsa/PDFtoWebsite/blob/main/.github/scripts/jobs-sync.mjs,Imported from the user-provided board-token registry.
board,ashby,cow-dao,cow-dao,slug,https://jobs.ashbyhq.com/cow-dao,https://api.ashbyhq.com/posting-api/job-board/cow-dao,https://api.ashbyhq.com/posting-api/job-board/cow-dao?includeCompensation=true,GET,listed_in_PDFtoWebsite_ashby_source,2026-09-21,ashby_board_tokens_1662.csv,https://github.com/vedangvatsa/PDFtoWebsite/blob/main/.github/scripts/jobs-sync.mjs,Imported from the user-provided board-token registry.
board,ashby,cradlebio,cradlebio,slug,https://jobs.ashbyhq.com/cradlebio,https://api.ashbyhq.com/posting-api/job-board/cradlebio,https://api.ashbyhq.com/posting-api/job-board/cradlebio?includeCompensation=true,GET,listed_in_PDFtoWebsite_ashby_source,2026-09-21,ashby_board_tokens_1662.csv,https://github.com/vedangvatsa/PDFtoWebsite/blob/main/.github/scripts/jobs-sync.mjs,Imported from the user-provided board-token registry.
board,ashby,creatify,creatify,slug,https://jobs.ashbyhq.com/creatify,https://api.ashbyhq.com/posting-api/job-board/creatify,https://api.ashbyhq.com/posting-api/job-board/creatify?includeCompensation=true,GET,listed_in_PDFtoWebsite_ashby_source,2026-09-21,ashby_board_tokens_1662.csv,https://github.com/vedangvatsa/PDFtoWebsite/blob/main/.github/scripts/jobs-sync.mjs,Imported from the user-provided board-token registry.
board,ashby,creatoriq,creatoriq,slug,https://jobs.ashbyhq.com/creatoriq,https://api.ashbyhq.com/posting-api/job-board/creatoriq,https://api.ashbyhq.com/posting-api/job-board/creatoriq?includeCompensation=true,GET,listed_in_PDFtoWebsite_ashby_source,2026-09-21,ashby_board_tokens_1662.csv,https://github.com/vedangvatsa/PDFtoWebsite/blob/main/.github/scripts/jobs-sync.mjs,Imported from the user-provided board-token registry.
board,ashby,critical-energy,critical-energy,slug,https://jobs.ashbyhq.com/critical-energy,https://api.ashbyhq.com/posting-api/job-board/critical-energy,https://api.ashbyhq.com/posting-api/job-board/critical-energy?includeCompensation=true,GET,listed_in_PDFtoWebsite_ashby_source,2026-09-21,ashby_board_tokens_1662.csv,https://github.com/vedangvatsa/PDFtoWebsite/blob/main/.github/scripts/jobs-sync.mjs,Imported from the user-provided board-token registry.
board,ashby,crosby,crosby,slug,https://jobs.ashbyhq.com/crosby,https://api.ashbyhq.com/posting-api/job-board/crosby,https://api.ashbyhq.com/posting-api/job-board/crosby?includeCompensation=true,GET,listed_in_PDFtoWebsite_ashby_source,2026-09-21,ashby_board_tokens_1662.csv,https://github.com/vedangvatsa/PDFtoWebsite/blob/main/.github/scripts/jobs-sync.mjs,Imported from the user-provided board-token registry.
board,ashby,crusoe,crusoe,slug,https://jobs.ashbyhq.com/crusoe,https://api.ashbyhq.com/posting-api/job-board/crusoe,https://api.ashbyhq.com/posting-api/job-board/crusoe?includeCompensation=true,GET,listed_in_PDFtoWebsite_ashby_source,2026-09-21,ashby_board_tokens_1662.csv,https://github.com/vedangvatsa/PDFtoWebsite/blob/main/.github/scripts/jobs-sync.mjs,Imported from the user-provided board-token registry.
board,ashby,cruxclimate,cruxclimate,slug,https://jobs.ashbyhq.com/cruxclimate,https://api.ashbyhq.com/posting-api/job-board/cruxclimate,https://api.ashbyhq.com/posting-api/job-board/cruxclimate?includeCompensation=true,GET,listed_in_PDFtoWebsite_ashby_source,2026-09-21,ashby_board_tokens_1662.csv,https://github.com/vedangvatsa/PDFtoWebsite/blob/main/.github/scripts/jobs-sync.mjs,Imported from the user-provided board-token registry.
board,ashby,cryptio,cryptio,slug,https://jobs.ashbyhq.com/cryptio,https://api.ashbyhq.com/posting-api/job-board/cryptio,https://api.ashbyhq.com/posting-api/job-board/cryptio?includeCompensation=true,GET,listed_in_PDFtoWebsite_ashby_source,2026-09-21,ashby_board_tokens_1662.csv,https://github.com/vedangvatsa/PDFtoWebsite/blob/main/.github/scripts/jobs-sync.mjs,Imported from the user-provided board-token registry.
board,ashby,cubby-beds,cubby-beds,slug,https://jobs.ashbyhq.com/cubby-beds,https://api.ashbyhq.com/posting-api/job-board/cubby-beds,https://api.ashbyhq.com/posting-api/job-board/cubby-beds?includeCompensation=true,GET,listed_in_PDFtoWebsite_ashby_source,2026-09-21,ashby_board_tokens_1662.csv,https://github.com/vedangvatsa/PDFtoWebsite/blob/main/.github/scripts/jobs-sync.mjs,Imported from the user-provided board-token registry.
board,ashby,cube,cube,slug,https://jobs.ashbyhq.com/cube,https://api.ashbyhq.com/posting-api/job-board/cube,https://api.ashbyhq.com/posting-api/job-board/cube?includeCompensation=true,GET,listed_in_PDFtoWebsite_ashby_source,2026-09-21,ashby_board_tokens_1662.csv,https://github.com/vedangvatsa/PDFtoWebsite/blob/main/.github/scripts/jobs-sync.mjs,Imported from the user-provided board-token registry.
board,ashby,cubesoftware,cubesoftware,slug,https://jobs.ashbyhq.com/cubesoftware,https://api.ashbyhq.com/posting-api/job-board/cubesoftware,https://api.ashbyhq.com/posting-api/job-board/cubesoftware?includeCompensation=true,GET,listed_in_PDFtoWebsite_ashby_source,2026-09-21,ashby_board_tokens_1662.csv,https://github.com/vedangvatsa/PDFtoWebsite/blob/main/.github/scripts/jobs-sync.mjs,Imported from the user-provided board-token registry.
board,ashby,cubic3,cubic3,slug,https://jobs.ashbyhq.com/cubic3,https://api.ashbyhq.com/posting-api/job-board/cubic3,https://api.ashbyhq.com/posting-api/job-board/cubic3?includeCompensation=true,GET,listed_in_PDFtoWebsite_ashby_source,2026-09-21,ashby_board_tokens_1662.csv,https://github.com/vedangvatsa/PDFtoWebsite/blob/main/.github/scripts/jobs-sync.mjs,Imported from the user-provided board-token registry.
board,ashby,cultureai,cultureai,slug,https://jobs.ashbyhq.com/cultureai,https://api.ashbyhq.com/posting-api/job-board/cultureai,https://api.ashbyhq.com/posting-api/job-board/cultureai?includeCompensation=true,GET,listed_in_PDFtoWebsite_alt_ashby_source,2026-09-21,ashby_board_tokens_1662.csv,https://github.com/vedangvatsa/PDFtoWebsite/blob/main/run-cj.mjs,Imported from the user-provided board-token registry.
board,ashby,curri,curri,slug,https://jobs.ashbyhq.com/curri,https://api.ashbyhq.com/posting-api/job-board/curri,https://api.ashbyhq.com/posting-api/job-board/curri?includeCompensation=true,GET,listed_in_PDFtoWebsite_ashby_source,2026-09-21,ashby_board_tokens_1662.csv,https://github.com/vedangvatsa/PDFtoWebsite/blob/main/.github/scripts/jobs-sync.mjs,Imported from the user-provided board-token registry.
board,ashby,cursor,cursor,slug,https://jobs.ashbyhq.com/cursor,https://api.ashbyhq.com/posting-api/job-board/cursor,https://api.ashbyhq.com/posting-api/job-board/cursor?includeCompensation=true,GET,listed_in_PDFtoWebsite_ashby_source,2026-09-21,ashby_board_tokens_1662.csv,https://github.com/vedangvatsa/PDFtoWebsite/blob/main/.github/scripts/jobs-sync.mjs,Imported from the user-provided board-token registry.
board,ashby,cuspai,cuspai,slug,https://jobs.ashbyhq.com/cuspai,https://api.ashbyhq.com/posting-api/job-board/cuspai,https://api.ashbyhq.com/posting-api/job-board/cuspai?includeCompensation=true,GET,listed_in_PDFtoWebsite_ashby_source,2026-09-21,ashby_board_tokens_1662.csv,https://github.com/vedangvatsa/PDFtoWebsite/blob/main/.github/scripts/jobs-sync.mjs,Imported from the user-provided board-token registry.
board,ashby,cybcube,cybcube,slug,https://jobs.ashbyhq.com/cybcube,https://api.ashbyhq.com/posting-api/job-board/cybcube,https://api.ashbyhq.com/posting-api/job-board/cybcube?includeCompensation=true,GET,listed_in_PDFtoWebsite_ashby_source,2026-09-21,ashby_board_tokens_1662.csv,https://github.com/vedangvatsa/PDFtoWebsite/blob/main/.github/scripts/jobs-sync.mjs,Imported from the user-provided board-token registry.
board,ashby,cyber.fund,cyber.fund,slug,https://jobs.ashbyhq.com/cyber.fund,https://api.ashbyhq.com/posting-api/job-board/cyber.fund,https://api.ashbyhq.com/posting-api/job-board/cyber.fund?includeCompensation=true,GET,listed_in_PDFtoWebsite_ashby_source,2026-09-21,ashby_board_tokens_1662.csv,https://github.com/vedangvatsa/PDFtoWebsite/blob/main/.github/scripts/jobs-sync.mjs,Imported from the user-provided board-token registry.
board,ashby,cyberhaven,cyberhaven,slug,https://jobs.ashbyhq.com/cyberhaven,https://api.ashbyhq.com/posting-api/job-board/cyberhaven,https://api.ashbyhq.com/posting-api/job-board/cyberhaven?includeCompensation=true,GET,listed_in_PDFtoWebsite_ashby_source,2026-09-21,ashby_board_tokens_1662.csv,https://github.com/vedangvatsa/PDFtoWebsite/blob/main/.github/scripts/jobs-sync.mjs,Imported from the user-provided board-token registry.
board,ashby,cylinderhealth,cylinderhealth,slug,https://jobs.ashbyhq.com/cylinderhealth,https://api.ashbyhq.com/posting-api/job-board/cylinderhealth,https://api.ashbyhq.com/posting-api/job-board/cylinderhealth?includeCompensation=true,GET,listed_in_PDFtoWebsite_ashby_source,2026-09-21,ashby_board_tokens_1662.csv,https://github.com/vedangvatsa/PDFtoWebsite/blob/main/.github/scripts/jobs-sync.mjs,Imported from the user-provided board-token registry.
board,ashby,cytora.com,cytora.com,slug,https://jobs.ashbyhq.com/cytora.com,https://api.ashbyhq.com/posting-api/job-board/cytora.com,https://api.ashbyhq.com/posting-api/job-board/cytora.com?includeCompensation=true,GET,listed_in_PDFtoWebsite_ashby_source,2026-09-21,ashby_board_tokens_1662.csv,https://github.com/vedangvatsa/PDFtoWebsite/blob/main/.github/scripts/jobs-sync.mjs,Imported from the user-provided board-token registry.
board,ashby,cyvl,cyvl,slug,https://jobs.ashbyhq.com/cyvl,https://api.ashbyhq.com/posting-api/job-board/cyvl,https://api.ashbyhq.com/posting-api/job-board/cyvl?includeCompensation=true,GET,listed_in_PDFtoWebsite_ashby_source,2026-09-21,ashby_board_tokens_1662.csv,https://github.com/vedangvatsa/PDFtoWebsite/blob/main/.github/scripts/jobs-sync.mjs,Imported from the user-provided board-token registry.
board,ashby,d-matrix,d-matrix,slug,https://jobs.ashbyhq.com/d-matrix,https://api.ashbyhq.com/posting-api/job-board/d-matrix,https://api.ashbyhq.com/posting-api/job-board/d-matrix?includeCompensation=true,GET,listed_in_PDFtoWebsite_ashby_source,2026-09-21,ashby_board_tokens_1662.csv,https://github.com/vedangvatsa/PDFtoWebsite/blob/main/.github/scripts/jobs-sync.mjs,Imported from the user-provided board-token registry.
board,ashby,dailypay,dailypay,slug,https://jobs.ashbyhq.com/dailypay,https://api.ashbyhq.com/posting-api/job-board/dailypay,https://api.ashbyhq.com/posting-api/job-board/dailypay?includeCompensation=true,GET,listed_in_PDFtoWebsite_ashby_source,2026-09-21,ashby_board_tokens_1662.csv,https://github.com/vedangvatsa/PDFtoWebsite/blob/main/.github/scripts/jobs-sync.mjs,Imported from the user-provided board-token registry.
board,ashby,dakota,dakota,slug,https://jobs.ashbyhq.com/dakota,https://api.ashbyhq.com/posting-api/job-board/dakota,https://api.ashbyhq.com/posting-api/job-board/dakota?includeCompensation=true,GET,listed_in_PDFtoWebsite_ashby_source,2026-09-21,ashby_board_tokens_1662.csv,https://github.com/vedangvatsa/PDFtoWebsite/blob/main/.github/scripts/jobs-sync.mjs,Imported from the user-provided board-token registry.
board,ashby,dandy,dandy,slug,https://jobs.ashbyhq.com/dandy,https://api.ashbyhq.com/posting-api/job-board/dandy,https://api.ashbyhq.com/posting-api/job-board/dandy?includeCompensation=true,GET,listed_in_PDFtoWebsite_ashby_source,2026-09-21,ashby_board_tokens_1662.csv,https://github.com/vedangvatsa/PDFtoWebsite/blob/main/.github/scripts/jobs-sync.mjs,Imported from the user-provided board-token registry.
board,ashby,darkroom,darkroom,slug,https://jobs.ashbyhq.com/darkroom,https://api.ashbyhq.com/posting-api/job-board/darkroom,https://api.ashbyhq.com/posting-api/job-board/darkroom?includeCompensation=true,GET,listed_in_PDFtoWebsite_ashby_source,2026-09-21,ashby_board_tokens_1662.csv,https://github.com/vedangvatsa/PDFtoWebsite/blob/main/.github/scripts/jobs-sync.mjs,Imported from the user-provided board-token registry.
board,ashby,dash0,dash0,slug,https://jobs.ashbyhq.com/dash0,https://api.ashbyhq.com/posting-api/job-board/dash0,https://api.ashbyhq.com/posting-api/job-board/dash0?includeCompensation=true,GET,listed_in_PDFtoWebsite_ashby_source,2026-09-21,ashby_board_tokens_1662.csv,https://github.com/vedangvatsa/PDFtoWebsite/blob/main/.github/scripts/jobs-sync.mjs,Imported from the user-provided board-token registry.
board,ashby,datacurve,datacurve,slug,https://jobs.ashbyhq.com/datacurve,https://api.ashbyhq.com/posting-api/job-board/datacurve,https://api.ashbyhq.com/posting-api/job-board/datacurve?includeCompensation=true,GET,listed_in_PDFtoWebsite_ashby_source,2026-09-21,ashby_board_tokens_1662.csv,https://github.com/vedangvatsa/PDFtoWebsite/blob/main/.github/scripts/jobs-sync.mjs,Imported from the user-provided board-token registry.
board,ashby,datafold,datafold,slug,https://jobs.ashbyhq.com/datafold,https://api.ashbyhq.com/posting-api/job-board/datafold,https://api.ashbyhq.com/posting-api/job-board/datafold?includeCompensation=true,GET,listed_in_PDFtoWebsite_ashby_source,2026-09-21,ashby_board_tokens_1662.csv,https://github.com/vedangvatsa/PDFtoWebsite/blob/main/.github/scripts/jobs-sync.mjs,Imported from the user-provided board-token registry.
board,ashby,dataguard,dataguard,slug,https://jobs.ashbyhq.com/dataguard,https://api.ashbyhq.com/posting-api/job-board/dataguard,https://api.ashbyhq.com/posting-api/job-board/dataguard?includeCompensation=true,GET,listed_in_PDFtoWebsite_ashby_source,2026-09-21,ashby_board_tokens_1662.csv,https://github.com/vedangvatsa/PDFtoWebsite/blob/main/.github/scripts/jobs-sync.mjs,Imported from the user-provided board-token registry.
board,ashby,dataplor,dataplor,slug,https://jobs.ashbyhq.com/dataplor,https://api.ashbyhq.com/posting-api/job-board/dataplor,https://api.ashbyhq.com/posting-api/job-board/dataplor?includeCompensation=true,GET,listed_in_PDFtoWebsite_ashby_source,2026-09-21,ashby_board_tokens_1662.csv,https://github.com/vedangvatsa/PDFtoWebsite/blob/main/.github/scripts/jobs-sync.mjs,Imported from the user-provided board-token registry.
board,ashby,datasnipper,datasnipper,slug,https://jobs.ashbyhq.com/datasnipper,https://api.ashbyhq.com/posting-api/job-board/datasnipper,https://api.ashbyhq.com/posting-api/job-board/datasnipper?includeCompensation=true,GET,listed_in_PDFtoWebsite_ashby_source,2026-09-21,ashby_board_tokens_1662.csv,https://github.com/vedangvatsa/PDFtoWebsite/blob/main/.github/scripts/jobs-sync.mjs,Imported from the user-provided board-token registry.
board,ashby,datasnipper.com,datasnipper.com,slug,https://jobs.ashbyhq.com/datasnipper.com,https://api.ashbyhq.com/posting-api/job-board/datasnipper.com,https://api.ashbyhq.com/posting-api/job-board/datasnipper.com?includeCompensation=true,GET,listed_in_PDFtoWebsite_ashby_source,2026-09-21,ashby_board_tokens_1662.csv,https://github.com/vedangvatsa/PDFtoWebsite/blob/main/.github/scripts/jobs-sync.mjs,Imported from the user-provided board-token registry.
board,ashby,datologyai,datologyai,slug,https://jobs.ashbyhq.com/datologyai,https://api.ashbyhq.com/posting-api/job-board/datologyai,https://api.ashbyhq.com/posting-api/job-board/datologyai?includeCompensation=true,GET,listed_in_PDFtoWebsite_ashby_source,2026-09-21,ashby_board_tokens_1662.csv,https://github.com/vedangvatsa/PDFtoWebsite/blob/main/.github/scripts/jobs-sync.mjs,Imported from the user-provided board-token registry.
board,ashby,dave,dave,slug,https://jobs.ashbyhq.com/dave,https://api.ashbyhq.com/posting-api/job-board/dave,https://api.ashbyhq.com/posting-api/job-board/dave?includeCompensation=true,GET,listed_in_PDFtoWebsite_ashby_source,2026-09-21,ashby_board_tokens_1662.csv,https://github.com/vedangvatsa/PDFtoWebsite/blob/main/.github/scripts/jobs-sync.mjs,Imported from the user-provided board-token registry.
board,ashby,david-ai,david-ai,slug,https://jobs.ashbyhq.com/david-ai,https://api.ashbyhq.com/posting-api/job-board/david-ai,https://api.ashbyhq.com/posting-api/job-board/david-ai?includeCompensation=true,GET,listed_in_PDFtoWebsite_ashby_source,2026-09-21,ashby_board_tokens_1662.csv,https://github.com/vedangvatsa/PDFtoWebsite/blob/main/.github/scripts/jobs-sync.mjs,Imported from the user-provided board-token registry.
board,ashby,davidenergy,davidenergy,slug,https://jobs.ashbyhq.com/davidenergy,https://api.ashbyhq.com/posting-api/job-board/davidenergy,https://api.ashbyhq.com/posting-api/job-board/davidenergy?includeCompensation=true,GET,listed_in_PDFtoWebsite_ashby_source,2026-09-21,ashby_board_tokens_1662.csv,https://github.com/vedangvatsa/PDFtoWebsite/blob/main/.github/scripts/jobs-sync.mjs,Imported from the user-provided board-token registry.
board,ashby,davistechnologymanagement,davistechnologymanagement,slug,https://jobs.ashbyhq.com/davistechnologymanagement,https://api.ashbyhq.com/posting-api/job-board/davistechnologymanagement,https://api.ashbyhq.com/posting-api/job-board/davistechnologymanagement?includeCompensation=true,GET,listed_in_PDFtoWebsite_ashby_source,2026-09-21,ashby_board_tokens_1662.csv,https://github.com/vedangvatsa/PDFtoWebsite/blob/main/.github/scripts/jobs-sync.mjs,Imported from the user-provided board-token registry.
board,ashby,day9,day9,slug,https://jobs.ashbyhq.com/day9,https://api.ashbyhq.com/posting-api/job-board/day9,https://api.ashbyhq.com/posting-api/job-board/day9?includeCompensation=true,GET,listed_in_PDFtoWebsite_ashby_source,2026-09-21,ashby_board_tokens_1662.csv,https://github.com/vedangvatsa/PDFtoWebsite/blob/main/.github/scripts/jobs-sync.mjs,Imported from the user-provided board-token registry.
board,ashby,daydream-ai,daydream-ai,slug,https://jobs.ashbyhq.com/daydream-ai,https://api.ashbyhq.com/posting-api/job-board/daydream-ai,https://api.ashbyhq.com/posting-api/job-board/daydream-ai?includeCompensation=true,GET,listed_in_PDFtoWebsite_ashby_source,2026-09-21,ashby_board_tokens_1662.csv,https://github.com/vedangvatsa/PDFtoWebsite/blob/main/.github/scripts/jobs-sync.mjs,Imported from the user-provided board-token registry.
board,ashby,dbt-labs,dbt-labs,slug,https://jobs.ashbyhq.com/dbt-labs,https://api.ashbyhq.com/posting-api/job-board/dbt-labs,https://api.ashbyhq.com/posting-api/job-board/dbt-labs?includeCompensation=true,GET,listed_in_PDFtoWebsite_alt_ashby_source,2026-09-21,ashby_board_tokens_1662.csv,https://github.com/vedangvatsa/PDFtoWebsite/blob/main/run-cj.mjs,Imported from the user-provided board-token registry.
board,ashby,decagon,decagon,slug,https://jobs.ashbyhq.com/decagon,https://api.ashbyhq.com/posting-api/job-board/decagon,https://api.ashbyhq.com/posting-api/job-board/decagon?includeCompensation=true,GET,listed_in_PDFtoWebsite_ashby_source,2026-09-21,ashby_board_tokens_1662.csv,https://github.com/vedangvatsa/PDFtoWebsite/blob/main/.github/scripts/jobs-sync.mjs,Imported from the user-provided board-token registry.
board,ashby,decart-ai,decart-ai,slug,https://jobs.ashbyhq.com/decart-ai,https://api.ashbyhq.com/posting-api/job-board/decart-ai,https://api.ashbyhq.com/posting-api/job-board/decart-ai?includeCompensation=true,GET,listed_in_PDFtoWebsite_ashby_source,2026-09-21,ashby_board_tokens_1662.csv,https://github.com/vedangvatsa/PDFtoWebsite/blob/main/.github/scripts/jobs-sync.mjs,Imported from the user-provided board-token registry.
board,ashby,decimal,decimal,slug,https://jobs.ashbyhq.com/decimal,https://api.ashbyhq.com/posting-api/job-board/decimal,https://api.ashbyhq.com/posting-api/job-board/decimal?includeCompensation=true,GET,listed_in_PDFtoWebsite_ashby_source,2026-09-21,ashby_board_tokens_1662.csv,https://github.com/vedangvatsa/PDFtoWebsite/blob/main/.github/scripts/jobs-sync.mjs,Imported from the user-provided board-token registry.
board,ashby,deel,deel,slug,https://jobs.ashbyhq.com/deel,https://api.ashbyhq.com/posting-api/job-board/deel,https://api.ashbyhq.com/posting-api/job-board/deel?includeCompensation=true,GET,listed_in_PDFtoWebsite_ashby_source,2026-09-21,ashby_board_tokens_1662.csv,https://github.com/vedangvatsa/PDFtoWebsite/blob/main/.github/scripts/jobs-sync.mjs,Imported from the user-provided board-token registry.
board,ashby,deepgram,deepgram,slug,https://jobs.ashbyhq.com/deepgram,https://api.ashbyhq.com/posting-api/job-board/deepgram,https://api.ashbyhq.com/posting-api/job-board/deepgram?includeCompensation=true,GET,listed_in_PDFtoWebsite_ashby_source,2026-09-21,ashby_board_tokens_1662.csv,https://github.com/vedangvatsa/PDFtoWebsite/blob/main/.github/scripts/jobs-sync.mjs,Imported from the user-provided board-token registry.
board,ashby,deepl,deepl,slug,https://jobs.ashbyhq.com/deepl,https://api.ashbyhq.com/posting-api/job-board/deepl,https://api.ashbyhq.com/posting-api/job-board/deepl?includeCompensation=true,GET,listed_in_PDFtoWebsite_ashby_source,2026-09-21,ashby_board_tokens_1662.csv,https://github.com/vedangvatsa/PDFtoWebsite/blob/main/.github/scripts/jobs-sync.mjs,Imported from the user-provided board-token registry.
board,ashby,deepnote,deepnote,slug,https://jobs.ashbyhq.com/deepnote,https://api.ashbyhq.com/posting-api/job-board/deepnote,https://api.ashbyhq.com/posting-api/job-board/deepnote?includeCompensation=true,GET,listed_in_PDFtoWebsite_ashby_source,2026-09-21,ashby_board_tokens_1662.csv,https://github.com/vedangvatsa/PDFtoWebsite/blob/main/.github/scripts/jobs-sync.mjs,Imported from the user-provided board-token registry.
board,ashby,deepsky,deepsky,slug,https://jobs.ashbyhq.com/deepsky,https://api.ashbyhq.com/posting-api/job-board/deepsky,https://api.ashbyhq.com/posting-api/job-board/deepsky?includeCompensation=true,GET,listed_in_PDFtoWebsite_ashby_source,2026-09-21,ashby_board_tokens_1662.csv,https://github.com/vedangvatsa/PDFtoWebsite/blob/main/.github/scripts/jobs-sync.mjs,Imported from the user-provided board-token registry.
board,ashby,deepslate,deepslate,slug,https://jobs.ashbyhq.com/deepslate,https://api.ashbyhq.com/posting-api/job-board/deepslate,https://api.ashbyhq.com/posting-api/job-board/deepslate?includeCompensation=true,GET,listed_in_PDFtoWebsite_ashby_source,2026-09-21,ashby_board_tokens_1662.csv,https://github.com/vedangvatsa/PDFtoWebsite/blob/main/.github/scripts/jobs-sync.mjs,Imported from the user-provided board-token registry.
board,ashby,deeptune,deeptune,slug,https://jobs.ashbyhq.com/deeptune,https://api.ashbyhq.com/posting-api/job-board/deeptune,https://api.ashbyhq.com/posting-api/job-board/deeptune?includeCompensation=true,GET,listed_in_PDFtoWebsite_ashby_source,2026-09-21,ashby_board_tokens_1662.csv,https://github.com/vedangvatsa/PDFtoWebsite/blob/main/.github/scripts/jobs-sync.mjs,Imported from the user-provided board-token registry.
board,ashby,definelycareers,definelycareers,slug,https://jobs.ashbyhq.com/definelycareers,https://api.ashbyhq.com/posting-api/job-board/definelycareers,https://api.ashbyhq.com/posting-api/job-board/definelycareers?includeCompensation=true,GET,listed_in_PDFtoWebsite_ashby_source,2026-09-21,ashby_board_tokens_1662.csv,https://github.com/vedangvatsa/PDFtoWebsite/blob/main/.github/scripts/jobs-sync.mjs,Imported from the user-provided board-token registry.
board,ashby,dehazelabs,dehazelabs,slug,https://jobs.ashbyhq.com/dehazelabs,https://api.ashbyhq.com/posting-api/job-board/dehazelabs,https://api.ashbyhq.com/posting-api/job-board/dehazelabs?includeCompensation=true,GET,listed_in_PDFtoWebsite_ashby_source,2026-09-21,ashby_board_tokens_1662.csv,https://github.com/vedangvatsa/PDFtoWebsite/blob/main/.github/scripts/jobs-sync.mjs,Imported from the user-provided board-token registry.
board,ashby,delinea,delinea,slug,https://jobs.ashbyhq.com/delinea,https://api.ashbyhq.com/posting-api/job-board/delinea,https://api.ashbyhq.com/posting-api/job-board/delinea?includeCompensation=true,GET,listed_in_PDFtoWebsite_ashby_source,2026-09-21,ashby_board_tokens_1662.csv,https://github.com/vedangvatsa/PDFtoWebsite/blob/main/.github/scripts/jobs-sync.mjs,Imported from the user-provided board-token registry.
board,ashby,deliveroo,deliveroo,slug,https://jobs.ashbyhq.com/deliveroo,https://api.ashbyhq.com/posting-api/job-board/deliveroo,https://api.ashbyhq.com/posting-api/job-board/deliveroo?includeCompensation=true,GET,listed_in_PDFtoWebsite_ashby_source,2026-09-21,ashby_board_tokens_1662.csv,https://github.com/vedangvatsa/PDFtoWebsite/blob/main/.github/scripts/jobs-sync.mjs,Imported from the user-provided board-token registry.
board,ashby,delphi,delphi,slug,https://jobs.ashbyhq.com/delphi,https://api.ashbyhq.com/posting-api/job-board/delphi,https://api.ashbyhq.com/posting-api/job-board/delphi?includeCompensation=true,GET,listed_in_PDFtoWebsite_ashby_source,2026-09-21,ashby_board_tokens_1662.csv,https://github.com/vedangvatsa/PDFtoWebsite/blob/main/.github/scripts/jobs-sync.mjs,Imported from the user-provided board-token registry.
board,ashby,delve,delve,slug,https://jobs.ashbyhq.com/delve,https://api.ashbyhq.com/posting-api/job-board/delve,https://api.ashbyhq.com/posting-api/job-board/delve?includeCompensation=true,GET,listed_in_PDFtoWebsite_ashby_source,2026-09-21,ashby_board_tokens_1662.csv,https://github.com/vedangvatsa/PDFtoWebsite/blob/main/.github/scripts/jobs-sync.mjs,Imported from the user-provided board-token registry.
board,ashby,demandbase,demandbase,slug,https://jobs.ashbyhq.com/demandbase,https://api.ashbyhq.com/posting-api/job-board/demandbase,https://api.ashbyhq.com/posting-api/job-board/demandbase?includeCompensation=true,GET,listed_in_PDFtoWebsite_ashby_source,2026-09-21,ashby_board_tokens_1662.csv,https://github.com/vedangvatsa/PDFtoWebsite/blob/main/.github/scripts/jobs-sync.mjs,Imported from the user-provided board-token registry.
board,ashby,deno,deno,slug,https://jobs.ashbyhq.com/deno,https://api.ashbyhq.com/posting-api/job-board/deno,https://api.ashbyhq.com/posting-api/job-board/deno?includeCompensation=true,GET,listed_in_PDFtoWebsite_alt_ashby_source,2026-09-21,ashby_board_tokens_1662.csv,https://github.com/vedangvatsa/PDFtoWebsite/blob/main/run-cj.mjs,Imported from the user-provided board-token registry.
board,ashby,depthfirst,depthfirst,slug,https://jobs.ashbyhq.com/depthfirst,https://api.ashbyhq.com/posting-api/job-board/depthfirst,https://api.ashbyhq.com/posting-api/job-board/depthfirst?includeCompensation=true,GET,listed_in_PDFtoWebsite_ashby_source,2026-09-21,ashby_board_tokens_1662.csv,https://github.com/vedangvatsa/PDFtoWebsite/blob/main/.github/scripts/jobs-sync.mjs,Imported from the user-provided board-token registry.
board,ashby,develop-health,develop-health,slug,https://jobs.ashbyhq.com/develop-health,https://api.ashbyhq.com/posting-api/job-board/develop-health,https://api.ashbyhq.com/posting-api/job-board/develop-health?includeCompensation=true,GET,listed_in_PDFtoWebsite_ashby_source,2026-09-21,ashby_board_tokens_1662.csv,https://github.com/vedangvatsa/PDFtoWebsite/blob/main/.github/scripts/jobs-sync.mjs,Imported from the user-provided board-token registry.
board,ashby,devsavant,devsavant,slug,https://jobs.ashbyhq.com/devsavant,https://api.ashbyhq.com/posting-api/job-board/devsavant,https://api.ashbyhq.com/posting-api/job-board/devsavant?includeCompensation=true,GET,listed_in_PDFtoWebsite_ashby_source,2026-09-21,ashby_board_tokens_1662.csv,https://github.com/vedangvatsa/PDFtoWebsite/blob/main/.github/scripts/jobs-sync.mjs,Imported from the user-provided board-token registry.
board,ashby,dexmate,dexmate,slug,https://jobs.ashbyhq.com/dexmate,https://api.ashbyhq.com/posting-api/job-board/dexmate,https://api.ashbyhq.com/posting-api/job-board/dexmate?includeCompensation=true,GET,listed_in_PDFtoWebsite_ashby_source,2026-09-21,ashby_board_tokens_1662.csv,https://github.com/vedangvatsa/PDFtoWebsite/blob/main/.github/scripts/jobs-sync.mjs,Imported from the user-provided board-token registry.
board,ashby,diagrid,diagrid,slug,https://jobs.ashbyhq.com/diagrid,https://api.ashbyhq.com/posting-api/job-board/diagrid,https://api.ashbyhq.com/posting-api/job-board/diagrid?includeCompensation=true,GET,listed_in_PDFtoWebsite_ashby_source,2026-09-21,ashby_board_tokens_1662.csv,https://github.com/vedangvatsa/PDFtoWebsite/blob/main/.github/scripts/jobs-sync.mjs,Imported from the user-provided board-token registry.
board,ashby,directive,directive,slug,https://jobs.ashbyhq.com/directive,https://api.ashbyhq.com/posting-api/job-board/directive,https://api.ashbyhq.com/posting-api/job-board/directive?includeCompensation=true,GET,listed_in_PDFtoWebsite_ashby_source,2026-09-21,ashby_board_tokens_1662.csv,https://github.com/vedangvatsa/PDFtoWebsite/blob/main/.github/scripts/jobs-sync.mjs,Imported from the user-provided board-token registry.
board,ashby,dispatch,dispatch,slug,https://jobs.ashbyhq.com/dispatch,https://api.ashbyhq.com/posting-api/job-board/dispatch,https://api.ashbyhq.com/posting-api/job-board/dispatch?includeCompensation=true,GET,listed_in_PDFtoWebsite_ashby_source,2026-09-21,ashby_board_tokens_1662.csv,https://github.com/vedangvatsa/PDFtoWebsite/blob/main/.github/scripts/jobs-sync.mjs,Imported from the user-provided board-token registry.
board,ashby,distributed-spectrum,distributed-spectrum,slug,https://jobs.ashbyhq.com/distributed-spectrum,https://api.ashbyhq.com/posting-api/job-board/distributed-spectrum,https://api.ashbyhq.com/posting-api/job-board/distributed-spectrum?includeCompensation=true,GET,listed_in_PDFtoWebsite_ashby_source,2026-09-21,ashby_board_tokens_1662.csv,https://github.com/vedangvatsa/PDFtoWebsite/blob/main/.github/scripts/jobs-sync.mjs,Imported from the user-provided board-token registry.
board,ashby,ditto,ditto,slug,https://jobs.ashbyhq.com/ditto,https://api.ashbyhq.com/posting-api/job-board/ditto,https://api.ashbyhq.com/posting-api/job-board/ditto?includeCompensation=true,GET,listed_in_PDFtoWebsite_ashby_source,2026-09-21,ashby_board_tokens_1662.csv,https://github.com/vedangvatsa/PDFtoWebsite/blob/main/.github/scripts/jobs-sync.mjs,Imported from the user-provided board-token registry.
board,ashby,diversified-botanics,diversified-botanics,slug,https://jobs.ashbyhq.com/diversified-botanics,https://api.ashbyhq.com/posting-api/job-board/diversified-botanics,https://api.ashbyhq.com/posting-api/job-board/diversified-botanics?includeCompensation=true,GET,listed_in_PDFtoWebsite_ashby_source,2026-09-21,ashby_board_tokens_1662.csv,https://github.com/vedangvatsa/PDFtoWebsite/blob/main/.github/scripts/jobs-sync.mjs,Imported from the user-provided board-token registry.
board,ashby,docker,docker,slug,https://jobs.ashbyhq.com/docker,https://api.ashbyhq.com/posting-api/job-board/docker,https://api.ashbyhq.com/posting-api/job-board/docker?includeCompensation=true,GET,listed_in_PDFtoWebsite_ashby_source,2026-09-21,ashby_board_tokens_1662.csv,https://github.com/vedangvatsa/PDFtoWebsite/blob/main/.github/scripts/jobs-sync.mjs,Imported from the user-provided board-token registry.
board,ashby,doppler,doppler,slug,https://jobs.ashbyhq.com/doppler,https://api.ashbyhq.com/posting-api/job-board/doppler,https://api.ashbyhq.com/posting-api/job-board/doppler?includeCompensation=true,GET,listed_in_PDFtoWebsite_ashby_source,2026-09-21,ashby_board_tokens_1662.csv,https://github.com/vedangvatsa/PDFtoWebsite/blob/main/.github/scripts/jobs-sync.mjs,Imported from the user-provided board-token registry.
board,ashby,dosespot,dosespot,slug,https://jobs.ashbyhq.com/dosespot,https://api.ashbyhq.com/posting-api/job-board/dosespot,https://api.ashbyhq.com/posting-api/job-board/dosespot?includeCompensation=true,GET,listed_in_PDFtoWebsite_alt_ashby_source,2026-09-21,ashby_board_tokens_1662.csv,https://github.com/vedangvatsa/PDFtoWebsite/blob/main/run-cj.mjs,Imported from the user-provided board-token registry.
board,ashby,doss,doss,slug,https://jobs.ashbyhq.com/doss,https://api.ashbyhq.com/posting-api/job-board/doss,https://api.ashbyhq.com/posting-api/job-board/doss?includeCompensation=true,GET,listed_in_PDFtoWebsite_ashby_source,2026-09-21,ashby_board_tokens_1662.csv,https://github.com/vedangvatsa/PDFtoWebsite/blob/main/.github/scripts/jobs-sync.mjs,Imported from the user-provided board-token registry.
board,ashby,dottxt,dottxt,slug,https://jobs.ashbyhq.com/dottxt,https://api.ashbyhq.com/posting-api/job-board/dottxt,https://api.ashbyhq.com/posting-api/job-board/dottxt?includeCompensation=true,GET,listed_in_PDFtoWebsite_ashby_source,2026-09-21,ashby_board_tokens_1662.csv,https://github.com/vedangvatsa/PDFtoWebsite/blob/main/.github/scripts/jobs-sync.mjs,Imported from the user-provided board-token registry.
board,ashby,double,double,slug,https://jobs.ashbyhq.com/double,https://api.ashbyhq.com/posting-api/job-board/double,https://api.ashbyhq.com/posting-api/job-board/double?includeCompensation=true,GET,listed_in_PDFtoWebsite_ashby_source,2026-09-21,ashby_board_tokens_1662.csv,https://github.com/vedangvatsa/PDFtoWebsite/blob/main/.github/scripts/jobs-sync.mjs,Imported from the user-provided board-token registry.
board,ashby,doxy.me,doxy.me,slug,https://jobs.ashbyhq.com/doxy.me,https://api.ashbyhq.com/posting-api/job-board/doxy.me,https://api.ashbyhq.com/posting-api/job-board/doxy.me?includeCompensation=true,GET,listed_in_PDFtoWebsite_ashby_source,2026-09-21,ashby_board_tokens_1662.csv,https://github.com/vedangvatsa/PDFtoWebsite/blob/main/.github/scripts/jobs-sync.mjs,Imported from the user-provided board-token registry.
board,ashby,drata,drata,slug,https://jobs.ashbyhq.com/drata,https://api.ashbyhq.com/posting-api/job-board/drata,https://api.ashbyhq.com/posting-api/job-board/drata?includeCompensation=true,GET,listed_in_PDFtoWebsite_ashby_source,2026-09-21,ashby_board_tokens_1662.csv,https://github.com/vedangvatsa/PDFtoWebsite/blob/main/.github/scripts/jobs-sync.mjs,Imported from the user-provided board-token registry.
board,ashby,dreamthree,dreamthree,slug,https://jobs.ashbyhq.com/dreamthree,https://api.ashbyhq.com/posting-api/job-board/dreamthree,https://api.ashbyhq.com/posting-api/job-board/dreamthree?includeCompensation=true,GET,listed_in_PDFtoWebsite_ashby_source,2026-09-21,ashby_board_tokens_1662.csv,https://github.com/vedangvatsa/PDFtoWebsite/blob/main/.github/scripts/jobs-sync.mjs,Imported from the user-provided board-token registry.
board,ashby,dualentry,dualentry,slug,https://jobs.ashbyhq.com/dualentry,https://api.ashbyhq.com/posting-api/job-board/dualentry,https://api.ashbyhq.com/posting-api/job-board/dualentry?includeCompensation=true,GET,listed_in_PDFtoWebsite_ashby_source,2026-09-21,ashby_board_tokens_1662.csv,https://github.com/vedangvatsa/PDFtoWebsite/blob/main/.github/scripts/jobs-sync.mjs,Imported from the user-provided board-token registry.
board,ashby,dubclub,dubclub,slug,https://jobs.ashbyhq.com/dubclub,https://api.ashbyhq.com/posting-api/job-board/dubclub,https://api.ashbyhq.com/posting-api/job-board/dubclub?includeCompensation=true,GET,listed_in_PDFtoWebsite_ashby_source,2026-09-21,ashby_board_tokens_1662.csv,https://github.com/vedangvatsa/PDFtoWebsite/blob/main/.github/scripts/jobs-sync.mjs,Imported from the user-provided board-token registry.
board,ashby,duck-duck-go,duck-duck-go,slug,https://jobs.ashbyhq.com/duck-duck-go,https://api.ashbyhq.com/posting-api/job-board/duck-duck-go,https://api.ashbyhq.com/posting-api/job-board/duck-duck-go?includeCompensation=true,GET,listed_in_PDFtoWebsite_ashby_source,2026-09-21,ashby_board_tokens_1662.csv,https://github.com/vedangvatsa/PDFtoWebsite/blob/main/.github/scripts/jobs-sync.mjs,Imported from the user-provided board-token registry.
board,ashby,duckbill,duckbill,slug,https://jobs.ashbyhq.com/duckbill,https://api.ashbyhq.com/posting-api/job-board/duckbill,https://api.ashbyhq.com/posting-api/job-board/duckbill?includeCompensation=true,GET,listed_in_PDFtoWebsite_ashby_source,2026-09-21,ashby_board_tokens_1662.csv,https://github.com/vedangvatsa/PDFtoWebsite/blob/main/.github/scripts/jobs-sync.mjs,Imported from the user-provided board-token registry.
board,ashby,duet,duet,slug,https://jobs.ashbyhq.com/duet,https://api.ashbyhq.com/posting-api/job-board/duet,https://api.ashbyhq.com/posting-api/job-board/duet?includeCompensation=true,GET,listed_in_PDFtoWebsite_ashby_source,2026-09-21,ashby_board_tokens_1662.csv,https://github.com/vedangvatsa/PDFtoWebsite/blob/main/.github/scripts/jobs-sync.mjs,Imported from the user-provided board-token registry.
board,ashby,duna,duna,slug,https://jobs.ashbyhq.com/duna,https://api.ashbyhq.com/posting-api/job-board/duna,https://api.ashbyhq.com/posting-api/job-board/duna?includeCompensation=true,GET,listed_in_PDFtoWebsite_ashby_source,2026-09-21,ashby_board_tokens_1662.csv,https://github.com/vedangvatsa/PDFtoWebsite/blob/main/.github/scripts/jobs-sync.mjs,Imported from the user-provided board-token registry.
board,ashby,dune,dune,slug,https://jobs.ashbyhq.com/dune,https://api.ashbyhq.com/posting-api/job-board/dune,https://api.ashbyhq.com/posting-api/job-board/dune?includeCompensation=true,GET,listed_in_PDFtoWebsite_ashby_source,2026-09-21,ashby_board_tokens_1662.csv,https://github.com/vedangvatsa/PDFtoWebsite/blob/main/.github/scripts/jobs-sync.mjs,Imported from the user-provided board-token registry.
board,ashby,dust,dust,slug,https://jobs.ashbyhq.com/dust,https://api.ashbyhq.com/posting-api/job-board/dust,https://api.ashbyhq.com/posting-api/job-board/dust?includeCompensation=true,GET,listed_in_PDFtoWebsite_ashby_source,2026-09-21,ashby_board_tokens_1662.csv,https://github.com/vedangvatsa/PDFtoWebsite/blob/main/.github/scripts/jobs-sync.mjs,Imported from the user-provided board-token registry.
board,ashby,dyna-robotics,dyna-robotics,slug,https://jobs.ashbyhq.com/dyna-robotics,https://api.ashbyhq.com/posting-api/job-board/dyna-robotics,https://api.ashbyhq.com/posting-api/job-board/dyna-robotics?includeCompensation=true,GET,listed_in_PDFtoWebsite_ashby_source,2026-09-21,ashby_board_tokens_1662.csv,https://github.com/vedangvatsa/PDFtoWebsite/blob/main/.github/scripts/jobs-sync.mjs,Imported from the user-provided board-token registry.
board,ashby,e2b,e2b,slug,https://jobs.ashbyhq.com/e2b,https://api.ashbyhq.com/posting-api/job-board/e2b,https://api.ashbyhq.com/posting-api/job-board/e2b?includeCompensation=true,GET,listed_in_PDFtoWebsite_ashby_source,2026-09-21,ashby_board_tokens_1662.csv,https://github.com/vedangvatsa/PDFtoWebsite/blob/main/.github/scripts/jobs-sync.mjs,Imported from the user-provided board-token registry.
board,ashby,earthforce,earthforce,slug,https://jobs.ashbyhq.com/earthforce,https://api.ashbyhq.com/posting-api/job-board/earthforce,https://api.ashbyhq.com/posting-api/job-board/earthforce?includeCompensation=true,GET,listed_in_PDFtoWebsite_ashby_source,2026-09-21,ashby_board_tokens_1662.csv,https://github.com/vedangvatsa/PDFtoWebsite/blob/main/.github/scripts/jobs-sync.mjs,Imported from the user-provided board-token registry.
board,ashby,easygenerator,easygenerator,slug,https://jobs.ashbyhq.com/easygenerator,https://api.ashbyhq.com/posting-api/job-board/easygenerator,https://api.ashbyhq.com/posting-api/job-board/easygenerator?includeCompensation=true,GET,listed_in_PDFtoWebsite_ashby_source,2026-09-21,ashby_board_tokens_1662.csv,https://github.com/vedangvatsa/PDFtoWebsite/blob/main/.github/scripts/jobs-sync.mjs,Imported from the user-provided board-token registry.
board,ashby,easyllama.com,easyllama.com,slug,https://jobs.ashbyhq.com/easyllama.com,https://api.ashbyhq.com/posting-api/job-board/easyllama.com,https://api.ashbyhq.com/posting-api/job-board/easyllama.com?includeCompensation=true,GET,listed_in_PDFtoWebsite_ashby_source,2026-09-21,ashby_board_tokens_1662.csv,https://github.com/vedangvatsa/PDFtoWebsite/blob/main/.github/scripts/jobs-sync.mjs,Imported from the user-provided board-token registry.
board,ashby,echo,echo,slug,https://jobs.ashbyhq.com/echo,https://api.ashbyhq.com/posting-api/job-board/echo,https://api.ashbyhq.com/posting-api/job-board/echo?includeCompensation=true,GET,listed_in_PDFtoWebsite_ashby_source,2026-09-21,ashby_board_tokens_1662.csv,https://github.com/vedangvatsa/PDFtoWebsite/blob/main/.github/scripts/jobs-sync.mjs,Imported from the user-provided board-token registry.
board,ashby,ecosia.org,ecosia.org,slug,https://jobs.ashbyhq.com/ecosia.org,https://api.ashbyhq.com/posting-api/job-board/ecosia.org,https://api.ashbyhq.com/posting-api/job-board/ecosia.org?includeCompensation=true,GET,listed_in_PDFtoWebsite_ashby_source,2026-09-21,ashby_board_tokens_1662.csv,https://github.com/vedangvatsa/PDFtoWebsite/blob/main/.github/scripts/jobs-sync.mjs,Imported from the user-provided board-token registry.
board,ashby,edia,edia,slug,https://jobs.ashbyhq.com/edia,https://api.ashbyhq.com/posting-api/job-board/edia,https://api.ashbyhq.com/posting-api/job-board/edia?includeCompensation=true,GET,listed_in_PDFtoWebsite_ashby_source,2026-09-21,ashby_board_tokens_1662.csv,https://github.com/vedangvatsa/PDFtoWebsite/blob/main/.github/scripts/jobs-sync.mjs,Imported from the user-provided board-token registry.
board,ashby,edra,edra,slug,https://jobs.ashbyhq.com/edra,https://api.ashbyhq.com/posting-api/job-board/edra,https://api.ashbyhq.com/posting-api/job-board/edra?includeCompensation=true,GET,listed_in_PDFtoWebsite_ashby_source,2026-09-21,ashby_board_tokens_1662.csv,https://github.com/vedangvatsa/PDFtoWebsite/blob/main/.github/scripts/jobs-sync.mjs,Imported from the user-provided board-token registry.
board,ashby,edsights,edsights,slug,https://jobs.ashbyhq.com/edsights,https://api.ashbyhq.com/posting-api/job-board/edsights,https://api.ashbyhq.com/posting-api/job-board/edsights?includeCompensation=true,GET,listed_in_PDFtoWebsite_ashby_source,2026-09-21,ashby_board_tokens_1662.csv,https://github.com/vedangvatsa/PDFtoWebsite/blob/main/.github/scripts/jobs-sync.mjs,Imported from the user-provided board-token registry.
board,ashby,edvisorly,edvisorly,slug,https://jobs.ashbyhq.com/edvisorly,https://api.ashbyhq.com/posting-api/job-board/edvisorly,https://api.ashbyhq.com/posting-api/job-board/edvisorly?includeCompensation=true,GET,listed_in_PDFtoWebsite_ashby_source,2026-09-21,ashby_board_tokens_1662.csv,https://github.com/vedangvatsa/PDFtoWebsite/blob/main/.github/scripts/jobs-sync.mjs,Imported from the user-provided board-token registry.
board,ashby,effective-ai,effective-ai,slug,https://jobs.ashbyhq.com/effective-ai,https://api.ashbyhq.com/posting-api/job-board/effective-ai,https://api.ashbyhq.com/posting-api/job-board/effective-ai?includeCompensation=true,GET,listed_in_PDFtoWebsite_ashby_source,2026-09-21,ashby_board_tokens_1662.csv,https://github.com/vedangvatsa/PDFtoWebsite/blob/main/.github/scripts/jobs-sync.mjs,Imported from the user-provided board-token registry.
board,ashby,egra,egra,slug,https://jobs.ashbyhq.com/egra,https://api.ashbyhq.com/posting-api/job-board/egra,https://api.ashbyhq.com/posting-api/job-board/egra?includeCompensation=true,GET,listed_in_PDFtoWebsite_ashby_source,2026-09-21,ashby_board_tokens_1662.csv,https://github.com/vedangvatsa/PDFtoWebsite/blob/main/.github/scripts/jobs-sync.mjs,Imported from the user-provided board-token registry.
board,ashby,eigen-labs,eigen-labs,slug,https://jobs.ashbyhq.com/eigen-labs,https://api.ashbyhq.com/posting-api/job-board/eigen-labs,https://api.ashbyhq.com/posting-api/job-board/eigen-labs?includeCompensation=true,GET,listed_in_PDFtoWebsite_ashby_source,2026-09-21,ashby_board_tokens_1662.csv,https://github.com/vedangvatsa/PDFtoWebsite/blob/main/.github/scripts/jobs-sync.mjs,Imported from the user-provided board-token registry.
board,ashby,eightsleep,eightsleep,slug,https://jobs.ashbyhq.com/eightsleep,https://api.ashbyhq.com/posting-api/job-board/eightsleep,https://api.ashbyhq.com/posting-api/job-board/eightsleep?includeCompensation=true,GET,listed_in_PDFtoWebsite_ashby_source,2026-09-21,ashby_board_tokens_1662.csv,https://github.com/vedangvatsa/PDFtoWebsite/blob/main/.github/scripts/jobs-sync.mjs,Imported from the user-provided board-token registry.
board,ashby,ekho,ekho,slug,https://jobs.ashbyhq.com/ekho,https://api.ashbyhq.com/posting-api/job-board/ekho,https://api.ashbyhq.com/posting-api/job-board/ekho?includeCompensation=true,GET,listed_in_PDFtoWebsite_ashby_source,2026-09-21,ashby_board_tokens_1662.csv,https://github.com/vedangvatsa/PDFtoWebsite/blob/main/.github/scripts/jobs-sync.mjs,Imported from the user-provided board-token registry.
board,ashby,ekumenlabs,ekumenlabs,slug,https://jobs.ashbyhq.com/ekumenlabs,https://api.ashbyhq.com/posting-api/job-board/ekumenlabs,https://api.ashbyhq.com/posting-api/job-board/ekumenlabs?includeCompensation=true,GET,listed_in_PDFtoWebsite_ashby_source,2026-09-21,ashby_board_tokens_1662.csv,https://github.com/vedangvatsa/PDFtoWebsite/blob/main/.github/scripts/jobs-sync.mjs,Imported from the user-provided board-token registry.
board,ashby,electric,electric,slug,https://jobs.ashbyhq.com/electric,https://api.ashbyhq.com/posting-api/job-board/electric,https://api.ashbyhq.com/posting-api/job-board/electric?includeCompensation=true,GET,listed_in_PDFtoWebsite_ashby_source,2026-09-21,ashby_board_tokens_1662.csv,https://github.com/vedangvatsa/PDFtoWebsite/blob/main/.github/scripts/jobs-sync.mjs,Imported from the user-provided board-token registry.
board,ashby,element451,element451,slug,https://jobs.ashbyhq.com/element451,https://api.ashbyhq.com/posting-api/job-board/element451,https://api.ashbyhq.com/posting-api/job-board/element451?includeCompensation=true,GET,listed_in_PDFtoWebsite_ashby_source,2026-09-21,ashby_board_tokens_1662.csv,https://github.com/vedangvatsa/PDFtoWebsite/blob/main/.github/scripts/jobs-sync.mjs,Imported from the user-provided board-token registry.
board,ashby,elevenlabs,elevenlabs,slug,https://jobs.ashbyhq.com/elevenlabs,https://api.ashbyhq.com/posting-api/job-board/elevenlabs,https://api.ashbyhq.com/posting-api/job-board/elevenlabs?includeCompensation=true,GET,listed_in_PDFtoWebsite_ashby_source,2026-09-21,ashby_board_tokens_1662.csv,https://github.com/vedangvatsa/PDFtoWebsite/blob/main/.github/scripts/jobs-sync.mjs,Imported from the user-provided board-token registry.
board,ashby,eliseai,eliseai,slug,https://jobs.ashbyhq.com/eliseai,https://api.ashbyhq.com/posting-api/job-board/eliseai,https://api.ashbyhq.com/posting-api/job-board/eliseai?includeCompensation=true,GET,listed_in_PDFtoWebsite_ashby_source,2026-09-21,ashby_board_tokens_1662.csv,https://github.com/vedangvatsa/PDFtoWebsite/blob/main/.github/scripts/jobs-sync.mjs,Imported from the user-provided board-token registry.
board,ashby,eliza,eliza,slug,https://jobs.ashbyhq.com/eliza,https://api.ashbyhq.com/posting-api/job-board/eliza,https://api.ashbyhq.com/posting-api/job-board/eliza?includeCompensation=true,GET,listed_in_PDFtoWebsite_ashby_source,2026-09-21,ashby_board_tokens_1662.csv,https://github.com/vedangvatsa/PDFtoWebsite/blob/main/.github/scripts/jobs-sync.mjs,Imported from the user-provided board-token registry.
board,ashby,elliptic,elliptic,slug,https://jobs.ashbyhq.com/elliptic,https://api.ashbyhq.com/posting-api/job-board/elliptic,https://api.ashbyhq.com/posting-api/job-board/elliptic?includeCompensation=true,GET,listed_in_PDFtoWebsite_ashby_source,2026-09-21,ashby_board_tokens_1662.csv,https://github.com/vedangvatsa/PDFtoWebsite/blob/main/.github/scripts/jobs-sync.mjs,Imported from the user-provided board-token registry.
board,ashby,ello,ello,slug,https://jobs.ashbyhq.com/ello,https://api.ashbyhq.com/posting-api/job-board/ello,https://api.ashbyhq.com/posting-api/job-board/ello?includeCompensation=true,GET,listed_in_PDFtoWebsite_ashby_source,2026-09-21,ashby_board_tokens_1662.csv,https://github.com/vedangvatsa/PDFtoWebsite/blob/main/.github/scripts/jobs-sync.mjs,Imported from the user-provided board-token registry.
board,ashby,eloquentai,eloquentai,slug,https://jobs.ashbyhq.com/eloquentai,https://api.ashbyhq.com/posting-api/job-board/eloquentai,https://api.ashbyhq.com/posting-api/job-board/eloquentai?includeCompensation=true,GET,listed_in_PDFtoWebsite_ashby_source,2026-09-21,ashby_board_tokens_1662.csv,https://github.com/vedangvatsa/PDFtoWebsite/blob/main/.github/scripts/jobs-sync.mjs,Imported from the user-provided board-token registry.
board,ashby,eltropyinc,eltropyinc,slug,https://jobs.ashbyhq.com/eltropyinc,https://api.ashbyhq.com/posting-api/job-board/eltropyinc,https://api.ashbyhq.com/posting-api/job-board/eltropyinc?includeCompensation=true,GET,reported_in_mherzog_recent_ashby_discovery,2026-09-21,ashby_board_tokens_1662.csv,https://github.com/mherzog4/job-boards,Imported from the user-provided board-token registry.
board,ashby,ema,ema,slug,https://jobs.ashbyhq.com/ema,https://api.ashbyhq.com/posting-api/job-board/ema,https://api.ashbyhq.com/posting-api/job-board/ema?includeCompensation=true,GET,listed_in_PDFtoWebsite_ashby_source,2026-09-21,ashby_board_tokens_1662.csv,https://github.com/vedangvatsa/PDFtoWebsite/blob/main/.github/scripts/jobs-sync.mjs,Imported from the user-provided board-token registry.
board,ashby,embedding-vc,embedding-vc,slug,https://jobs.ashbyhq.com/embedding-vc,https://api.ashbyhq.com/posting-api/job-board/embedding-vc,https://api.ashbyhq.com/posting-api/job-board/embedding-vc?includeCompensation=true,GET,listed_in_PDFtoWebsite_ashby_source,2026-09-21,ashby_board_tokens_1662.csv,https://github.com/vedangvatsa/PDFtoWebsite/blob/main/.github/scripts/jobs-sync.mjs,Imported from the user-provided board-token registry.
board,ashby,emerald-ai,emerald-ai,slug,https://jobs.ashbyhq.com/emerald-ai,https://api.ashbyhq.com/posting-api/job-board/emerald-ai,https://api.ashbyhq.com/posting-api/job-board/emerald-ai?includeCompensation=true,GET,listed_in_PDFtoWebsite_ashby_source,2026-09-21,ashby_board_tokens_1662.csv,https://github.com/vedangvatsa/PDFtoWebsite/blob/main/.github/scripts/jobs-sync.mjs,Imported from the user-provided board-token registry.
board,ashby,emora-health,emora-health,slug,https://jobs.ashbyhq.com/emora-health,https://api.ashbyhq.com/posting-api/job-board/emora-health,https://api.ashbyhq.com/posting-api/job-board/emora-health?includeCompensation=true,GET,listed_in_PDFtoWebsite_ashby_source,2026-09-21,ashby_board_tokens_1662.csv,https://github.com/vedangvatsa/PDFtoWebsite/blob/main/.github/scripts/jobs-sync.mjs,Imported from the user-provided board-token registry.
board,ashby,empirical-security,empirical-security,slug,https://jobs.ashbyhq.com/empirical-security,https://api.ashbyhq.com/posting-api/job-board/empirical-security,https://api.ashbyhq.com/posting-api/job-board/empirical-security?includeCompensation=true,GET,listed_in_PDFtoWebsite_ashby_source,2026-09-21,ashby_board_tokens_1662.csv,https://github.com/vedangvatsa/PDFtoWebsite/blob/main/.github/scripts/jobs-sync.mjs,Imported from the user-provided board-token registry.
board,ashby,empora,empora,slug,https://jobs.ashbyhq.com/empora,https://api.ashbyhq.com/posting-api/job-board/empora,https://api.ashbyhq.com/posting-api/job-board/empora?includeCompensation=true,GET,listed_in_PDFtoWebsite_ashby_source,2026-09-21,ashby_board_tokens_1662.csv,https://github.com/vedangvatsa/PDFtoWebsite/blob/main/.github/scripts/jobs-sync.mjs,Imported from the user-provided board-token registry.
board,ashby,endex,endex,slug,https://jobs.ashbyhq.com/endex,https://api.ashbyhq.com/posting-api/job-board/endex,https://api.ashbyhq.com/posting-api/job-board/endex?includeCompensation=true,GET,listed_in_PDFtoWebsite_ashby_source,2026-09-21,ashby_board_tokens_1662.csv,https://github.com/vedangvatsa/PDFtoWebsite/blob/main/.github/scripts/jobs-sync.mjs,Imported from the user-provided board-token registry.
board,ashby,endgame,endgame,slug,https://jobs.ashbyhq.com/endgame,https://api.ashbyhq.com/posting-api/job-board/endgame,https://api.ashbyhq.com/posting-api/job-board/endgame?includeCompensation=true,GET,listed_in_PDFtoWebsite_ashby_source,2026-09-21,ashby_board_tokens_1662.csv,https://github.com/vedangvatsa/PDFtoWebsite/blob/main/.github/scripts/jobs-sync.mjs,Imported from the user-provided board-token registry.
board,ashby,endurance-energy,endurance-energy,slug,https://jobs.ashbyhq.com/endurance-energy,https://api.ashbyhq.com/posting-api/job-board/endurance-energy,https://api.ashbyhq.com/posting-api/job-board/endurance-energy?includeCompensation=true,GET,listed_in_PDFtoWebsite_ashby_source,2026-09-21,ashby_board_tokens_1662.csv,https://github.com/vedangvatsa/PDFtoWebsite/blob/main/.github/scripts/jobs-sync.mjs,Imported from the user-provided board-token registry.
board,ashby,ens-labs,ens-labs,slug,https://jobs.ashbyhq.com/ens-labs,https://api.ashbyhq.com/posting-api/job-board/ens-labs,https://api.ashbyhq.com/posting-api/job-board/ens-labs?includeCompensation=true,GET,listed_in_PDFtoWebsite_ashby_source,2026-09-21,ashby_board_tokens_1662.csv,https://github.com/vedangvatsa/PDFtoWebsite/blob/main/.github/scripts/jobs-sync.mjs,Imported from the user-provided board-token registry.
board,ashby,epidemic-sound,epidemic-sound,slug,https://jobs.ashbyhq.com/epidemic-sound,https://api.ashbyhq.com/posting-api/job-board/epidemic-sound,https://api.ashbyhq.com/posting-api/job-board/epidemic-sound?includeCompensation=true,GET,listed_in_PDFtoWebsite_ashby_source,2026-09-21,ashby_board_tokens_1662.csv,https://github.com/vedangvatsa/PDFtoWebsite/blob/main/.github/scripts/jobs-sync.mjs,Imported from the user-provided board-token registry.
board,ashby,episteme,episteme,slug,https://jobs.ashbyhq.com/episteme,https://api.ashbyhq.com/posting-api/job-board/episteme,https://api.ashbyhq.com/posting-api/job-board/episteme?includeCompensation=true,GET,listed_in_PDFtoWebsite_alt_ashby_source,2026-09-21,ashby_board_tokens_1662.csv,https://github.com/vedangvatsa/PDFtoWebsite/blob/main/run-cj.mjs,Imported from the user-provided board-token registry.
board,ashby,equal-ventures,equal-ventures,slug,https://jobs.ashbyhq.com/equal-ventures,https://api.ashbyhq.com/posting-api/job-board/equal-ventures,https://api.ashbyhq.com/posting-api/job-board/equal-ventures?includeCompensation=true,GET,listed_in_PDFtoWebsite_ashby_source,2026-09-21,ashby_board_tokens_1662.csv,https://github.com/vedangvatsa/PDFtoWebsite/blob/main/.github/scripts/jobs-sync.mjs,Imported from the user-provided board-token registry.
board,ashby,equip,equip,slug,https://jobs.ashbyhq.com/equip,https://api.ashbyhq.com/posting-api/job-board/equip,https://api.ashbyhq.com/posting-api/job-board/equip?includeCompensation=true,GET,listed_in_PDFtoWebsite_ashby_source,2026-09-21,ashby_board_tokens_1662.csv,https://github.com/vedangvatsa/PDFtoWebsite/blob/main/.github/scripts/jobs-sync.mjs,Imported from the user-provided board-token registry.
board,ashby,ernest,ernest,slug,https://jobs.ashbyhq.com/ernest,https://api.ashbyhq.com/posting-api/job-board/ernest,https://api.ashbyhq.com/posting-api/job-board/ernest?includeCompensation=true,GET,listed_in_PDFtoWebsite_ashby_source,2026-09-21,ashby_board_tokens_1662.csv,https://github.com/vedangvatsa/PDFtoWebsite/blob/main/.github/scripts/jobs-sync.mjs,Imported from the user-provided board-token registry.
board,ashby,espa,espa,slug,https://jobs.ashbyhq.com/espa,https://api.ashbyhq.com/posting-api/job-board/espa,https://api.ashbyhq.com/posting-api/job-board/espa?includeCompensation=true,GET,listed_in_PDFtoWebsite_ashby_source,2026-09-21,ashby_board_tokens_1662.csv,https://github.com/vedangvatsa/PDFtoWebsite/blob/main/.github/scripts/jobs-sync.mjs,Imported from the user-provided board-token registry.
board,ashby,espresso,espresso,slug,https://jobs.ashbyhq.com/espresso,https://api.ashbyhq.com/posting-api/job-board/espresso,https://api.ashbyhq.com/posting-api/job-board/espresso?includeCompensation=true,GET,listed_in_PDFtoWebsite_ashby_source,2026-09-21,ashby_board_tokens_1662.csv,https://github.com/vedangvatsa/PDFtoWebsite/blob/main/.github/scripts/jobs-sync.mjs,Imported from the user-provided board-token registry.
board,ashby,essentialai,essentialai,slug,https://jobs.ashbyhq.com/essentialai,https://api.ashbyhq.com/posting-api/job-board/essentialai,https://api.ashbyhq.com/posting-api/job-board/essentialai?includeCompensation=true,GET,listed_in_PDFtoWebsite_ashby_source,2026-09-21,ashby_board_tokens_1662.csv,https://github.com/vedangvatsa/PDFtoWebsite/blob/main/.github/scripts/jobs-sync.mjs,Imported from the user-provided board-token registry.
board,ashby,etched,etched,slug,https://jobs.ashbyhq.com/etched,https://api.ashbyhq.com/posting-api/job-board/etched,https://api.ashbyhq.com/posting-api/job-board/etched?includeCompensation=true,GET,listed_in_PDFtoWebsite_ashby_source,2026-09-21,ashby_board_tokens_1662.csv,https://github.com/vedangvatsa/PDFtoWebsite/blob/main/.github/scripts/jobs-sync.mjs,Imported from the user-provided board-token registry.
board,ashby,ether.fi,ether.fi,slug,https://jobs.ashbyhq.com/ether.fi,https://api.ashbyhq.com/posting-api/job-board/ether.fi,https://api.ashbyhq.com/posting-api/job-board/ether.fi?includeCompensation=true,GET,listed_in_PDFtoWebsite_ashby_source,2026-09-21,ashby_board_tokens_1662.csv,https://github.com/vedangvatsa/PDFtoWebsite/blob/main/.github/scripts/jobs-sync.mjs,Imported from the user-provided board-token registry.
board,ashby,ethereum-foundation,ethereum-foundation,slug,https://jobs.ashbyhq.com/ethereum-foundation,https://api.ashbyhq.com/posting-api/job-board/ethereum-foundation,https://api.ashbyhq.com/posting-api/job-board/ethereum-foundation?includeCompensation=true,GET,listed_in_PDFtoWebsite_ashby_source,2026-09-21,ashby_board_tokens_1662.csv,https://github.com/vedangvatsa/PDFtoWebsite/blob/main/.github/scripts/jobs-sync.mjs,Imported from the user-provided board-token registry.
board,ashby,ethglobal,ethglobal,slug,https://jobs.ashbyhq.com/ethglobal,https://api.ashbyhq.com/posting-api/job-board/ethglobal,https://api.ashbyhq.com/posting-api/job-board/ethglobal?includeCompensation=true,GET,listed_in_PDFtoWebsite_ashby_source,2026-09-21,ashby_board_tokens_1662.csv,https://github.com/vedangvatsa/PDFtoWebsite/blob/main/.github/scripts/jobs-sync.mjs,Imported from the user-provided board-token registry.
board,ashby,euclid-power,euclid-power,slug,https://jobs.ashbyhq.com/euclid-power,https://api.ashbyhq.com/posting-api/job-board/euclid-power,https://api.ashbyhq.com/posting-api/job-board/euclid-power?includeCompensation=true,GET,listed_in_PDFtoWebsite_ashby_source,2026-09-21,ashby_board_tokens_1662.csv,https://github.com/vedangvatsa/PDFtoWebsite/blob/main/.github/scripts/jobs-sync.mjs,Imported from the user-provided board-token registry.
board,ashby,eventual,eventual,slug,https://jobs.ashbyhq.com/eventual,https://api.ashbyhq.com/posting-api/job-board/eventual,https://api.ashbyhq.com/posting-api/job-board/eventual?includeCompensation=true,GET,listed_in_PDFtoWebsite_ashby_source,2026-09-21,ashby_board_tokens_1662.csv,https://github.com/vedangvatsa/PDFtoWebsite/blob/main/.github/scripts/jobs-sync.mjs,Imported from the user-provided board-token registry.
board,ashby,evenup,evenup,slug,https://jobs.ashbyhq.com/evenup,https://api.ashbyhq.com/posting-api/job-board/evenup,https://api.ashbyhq.com/posting-api/job-board/evenup?includeCompensation=true,GET,listed_in_PDFtoWebsite_alt_ashby_source,2026-09-21,ashby_board_tokens_1662.csv,https://github.com/vedangvatsa/PDFtoWebsite/blob/main/run-cj.mjs,Imported from the user-provided board-token registry.
board,ashby,everai,everai,slug,https://jobs.ashbyhq.com/everai,https://api.ashbyhq.com/posting-api/job-board/everai,https://api.ashbyhq.com/posting-api/job-board/everai?includeCompensation=true,GET,listed_in_PDFtoWebsite_ashby_source,2026-09-21,ashby_board_tokens_1662.csv,https://github.com/vedangvatsa/PDFtoWebsite/blob/main/.github/scripts/jobs-sync.mjs,Imported from the user-provided board-token registry.
board,ashby,everfield,everfield,slug,https://jobs.ashbyhq.com/everfield,https://api.ashbyhq.com/posting-api/job-board/everfield,https://api.ashbyhq.com/posting-api/job-board/everfield?includeCompensation=true,GET,listed_in_PDFtoWebsite_ashby_source,2026-09-21,ashby_board_tokens_1662.csv,https://github.com/vedangvatsa/PDFtoWebsite/blob/main/.github/scripts/jobs-sync.mjs,Imported from the user-provided board-token registry.
board,ashby,everops,everops,slug,https://jobs.ashbyhq.com/everops,https://api.ashbyhq.com/posting-api/job-board/everops,https://api.ashbyhq.com/posting-api/job-board/everops?includeCompensation=true,GET,listed_in_PDFtoWebsite_ashby_source,2026-09-21,ashby_board_tokens_1662.csv,https://github.com/vedangvatsa/PDFtoWebsite/blob/main/.github/scripts/jobs-sync.mjs,Imported from the user-provided board-token registry.
board,ashby,everself,everself,slug,https://jobs.ashbyhq.com/everself,https://api.ashbyhq.com/posting-api/job-board/everself,https://api.ashbyhq.com/posting-api/job-board/everself?includeCompensation=true,GET,listed_in_PDFtoWebsite_ashby_source,2026-09-21,ashby_board_tokens_1662.csv,https://github.com/vedangvatsa/PDFtoWebsite/blob/main/.github/scripts/jobs-sync.mjs,Imported from the user-provided board-token registry.
board,ashby,everstar,everstar,slug,https://jobs.ashbyhq.com/everstar,https://api.ashbyhq.com/posting-api/job-board/everstar,https://api.ashbyhq.com/posting-api/job-board/everstar?includeCompensation=true,GET,listed_in_PDFtoWebsite_ashby_source,2026-09-21,ashby_board_tokens_1662.csv,https://github.com/vedangvatsa/PDFtoWebsite/blob/main/.github/scripts/jobs-sync.mjs,Imported from the user-provided board-token registry.
board,ashby,evertune,evertune,slug,https://jobs.ashbyhq.com/evertune,https://api.ashbyhq.com/posting-api/job-board/evertune,https://api.ashbyhq.com/posting-api/job-board/evertune?includeCompensation=true,GET,listed_in_PDFtoWebsite_ashby_source,2026-09-21,ashby_board_tokens_1662.csv,https://github.com/vedangvatsa/PDFtoWebsite/blob/main/.github/scripts/jobs-sync.mjs,Imported from the user-provided board-token registry.
board,ashby,every-io,every-io,slug,https://jobs.ashbyhq.com/every-io,https://api.ashbyhq.com/posting-api/job-board/every-io,https://api.ashbyhq.com/posting-api/job-board/every-io?includeCompensation=true,GET,listed_in_PDFtoWebsite_ashby_source,2026-09-21,ashby_board_tokens_1662.csv,https://github.com/vedangvatsa/PDFtoWebsite/blob/main/.github/scripts/jobs-sync.mjs,Imported from the user-provided board-token registry.
board,ashby,exa,exa,slug,https://jobs.ashbyhq.com/exa,https://api.ashbyhq.com/posting-api/job-board/exa,https://api.ashbyhq.com/posting-api/job-board/exa?includeCompensation=true,GET,listed_in_PDFtoWebsite_ashby_source,2026-09-21,ashby_board_tokens_1662.csv,https://github.com/vedangvatsa/PDFtoWebsite/blob/main/.github/scripts/jobs-sync.mjs,Imported from the user-provided board-token registry.
board,ashby,exegy,exegy,slug,https://jobs.ashbyhq.com/exegy,https://api.ashbyhq.com/posting-api/job-board/exegy,https://api.ashbyhq.com/posting-api/job-board/exegy?includeCompensation=true,GET,listed_in_PDFtoWebsite_ashby_source,2026-09-21,ashby_board_tokens_1662.csv,https://github.com/vedangvatsa/PDFtoWebsite/blob/main/.github/scripts/jobs-sync.mjs,Imported from the user-provided board-token registry.
board,ashby,expressable,expressable,slug,https://jobs.ashbyhq.com/expressable,https://api.ashbyhq.com/posting-api/job-board/expressable,https://api.ashbyhq.com/posting-api/job-board/expressable?includeCompensation=true,GET,listed_in_PDFtoWebsite_ashby_source,2026-09-21,ashby_board_tokens_1662.csv,https://github.com/vedangvatsa/PDFtoWebsite/blob/main/.github/scripts/jobs-sync.mjs,Imported from the user-provided board-token registry.
board,ashby,extend,extend,slug,https://jobs.ashbyhq.com/extend,https://api.ashbyhq.com/posting-api/job-board/extend,https://api.ashbyhq.com/posting-api/job-board/extend?includeCompensation=true,GET,listed_in_PDFtoWebsite_ashby_source,2026-09-21,ashby_board_tokens_1662.csv,https://github.com/vedangvatsa/PDFtoWebsite/blob/main/.github/scripts/jobs-sync.mjs,Imported from the user-provided board-token registry.
board,ashby,eyebot,eyebot,slug,https://jobs.ashbyhq.com/eyebot,https://api.ashbyhq.com/posting-api/job-board/eyebot,https://api.ashbyhq.com/posting-api/job-board/eyebot?includeCompensation=true,GET,listed_in_PDFtoWebsite_ashby_source,2026-09-21,ashby_board_tokens_1662.csv,https://github.com/vedangvatsa/PDFtoWebsite/blob/main/.github/scripts/jobs-sync.mjs,Imported from the user-provided board-token registry.
board,ashby,ezhealth,ezhealth,slug,https://jobs.ashbyhq.com/ezhealth,https://api.ashbyhq.com/posting-api/job-board/ezhealth,https://api.ashbyhq.com/posting-api/job-board/ezhealth?includeCompensation=true,GET,listed_in_PDFtoWebsite_ashby_source,2026-09-21,ashby_board_tokens_1662.csv,https://github.com/vedangvatsa/PDFtoWebsite/blob/main/.github/scripts/jobs-sync.mjs,Imported from the user-provided board-token registry.
board,ashby,eztexting,eztexting,slug,https://jobs.ashbyhq.com/eztexting,https://api.ashbyhq.com/posting-api/job-board/eztexting,https://api.ashbyhq.com/posting-api/job-board/eztexting?includeCompensation=true,GET,listed_in_PDFtoWebsite_ashby_source,2026-09-21,ashby_board_tokens_1662.csv,https://github.com/vedangvatsa/PDFtoWebsite/blob/main/.github/scripts/jobs-sync.mjs,Imported from the user-provided board-token registry.
board,ashby,factory,factory,slug,https://jobs.ashbyhq.com/factory,https://api.ashbyhq.com/posting-api/job-board/factory,https://api.ashbyhq.com/posting-api/job-board/factory?includeCompensation=true,GET,listed_in_PDFtoWebsite_ashby_source,2026-09-21,ashby_board_tokens_1662.csv,https://github.com/vedangvatsa/PDFtoWebsite/blob/main/.github/scripts/jobs-sync.mjs,Imported from the user-provided board-token registry.
board,ashby,faculty,faculty,slug,https://jobs.ashbyhq.com/faculty,https://api.ashbyhq.com/posting-api/job-board/faculty,https://api.ashbyhq.com/posting-api/job-board/faculty?includeCompensation=true,GET,listed_in_PDFtoWebsite_ashby_source,2026-09-21,ashby_board_tokens_1662.csv,https://github.com/vedangvatsa/PDFtoWebsite/blob/main/.github/scripts/jobs-sync.mjs,Imported from the user-provided board-token registry.
board,ashby,far.ai,far.ai,slug,https://jobs.ashbyhq.com/far.ai,https://api.ashbyhq.com/posting-api/job-board/far.ai,https://api.ashbyhq.com/posting-api/job-board/far.ai?includeCompensation=true,GET,listed_in_PDFtoWebsite_ashby_source,2026-09-21,ashby_board_tokens_1662.csv,https://github.com/vedangvatsa/PDFtoWebsite/blob/main/.github/scripts/jobs-sync.mjs,Imported from the user-provided board-token registry.
board,ashby,farmraise,farmraise,slug,https://jobs.ashbyhq.com/farmraise,https://api.ashbyhq.com/posting-api/job-board/farmraise,https://api.ashbyhq.com/posting-api/job-board/farmraise?includeCompensation=true,GET,listed_in_PDFtoWebsite_ashby_source,2026-09-21,ashby_board_tokens_1662.csv,https://github.com/vedangvatsa/PDFtoWebsite/blob/main/.github/scripts/jobs-sync.mjs,Imported from the user-provided board-token registry.
board,ashby,farsight,farsight,slug,https://jobs.ashbyhq.com/farsight,https://api.ashbyhq.com/posting-api/job-board/farsight,https://api.ashbyhq.com/posting-api/job-board/farsight?includeCompensation=true,GET,listed_in_PDFtoWebsite_ashby_source,2026-09-21,ashby_board_tokens_1662.csv,https://github.com/vedangvatsa/PDFtoWebsite/blob/main/.github/scripts/jobs-sync.mjs,Imported from the user-provided board-token registry.
board,ashby,fathom.video,fathom.video,slug,https://jobs.ashbyhq.com/fathom.video,https://api.ashbyhq.com/posting-api/job-board/fathom.video,https://api.ashbyhq.com/posting-api/job-board/fathom.video?includeCompensation=true,GET,listed_in_PDFtoWebsite_ashby_source,2026-09-21,ashby_board_tokens_1662.csv,https://github.com/vedangvatsa/PDFtoWebsite/blob/main/.github/scripts/jobs-sync.mjs,Imported from the user-provided board-token registry.
board,ashby,featherlessai,featherlessai,slug,https://jobs.ashbyhq.com/featherlessai,https://api.ashbyhq.com/posting-api/job-board/featherlessai,https://api.ashbyhq.com/posting-api/job-board/featherlessai?includeCompensation=true,GET,listed_in_PDFtoWebsite_ashby_source,2026-09-21,ashby_board_tokens_1662.csv,https://github.com/vedangvatsa/PDFtoWebsite/blob/main/.github/scripts/jobs-sync.mjs,Imported from the user-provided board-token registry.
board,ashby,feathr,feathr,slug,https://jobs.ashbyhq.com/feathr,https://api.ashbyhq.com/posting-api/job-board/feathr,https://api.ashbyhq.com/posting-api/job-board/feathr?includeCompensation=true,GET,listed_in_PDFtoWebsite_ashby_source,2026-09-21,ashby_board_tokens_1662.csv,https://github.com/vedangvatsa/PDFtoWebsite/blob/main/.github/scripts/jobs-sync.mjs,Imported from the user-provided board-token registry.
board,ashby,fernstone,fernstone,slug,https://jobs.ashbyhq.com/fernstone,https://api.ashbyhq.com/posting-api/job-board/fernstone,https://api.ashbyhq.com/posting-api/job-board/fernstone?includeCompensation=true,GET,listed_in_PDFtoWebsite_ashby_source,2026-09-21,ashby_board_tokens_1662.csv,https://github.com/vedangvatsa/PDFtoWebsite/blob/main/.github/scripts/jobs-sync.mjs,Imported from the user-provided board-token registry.
board,ashby,fieldguide,fieldguide,slug,https://jobs.ashbyhq.com/fieldguide,https://api.ashbyhq.com/posting-api/job-board/fieldguide,https://api.ashbyhq.com/posting-api/job-board/fieldguide?includeCompensation=true,GET,listed_in_PDFtoWebsite_ashby_source,2026-09-21,ashby_board_tokens_1662.csv,https://github.com/vedangvatsa/PDFtoWebsite/blob/main/.github/scripts/jobs-sync.mjs,Imported from the user-provided board-token registry.
board,ashby,figure,figure,slug,https://jobs.ashbyhq.com/figure,https://api.ashbyhq.com/posting-api/job-board/figure,https://api.ashbyhq.com/posting-api/job-board/figure?includeCompensation=true,GET,listed_in_PDFtoWebsite_ashby_source,2026-09-21,ashby_board_tokens_1662.csv,https://github.com/vedangvatsa/PDFtoWebsite/blob/main/.github/scripts/jobs-sync.mjs,Imported from the user-provided board-token registry.
board,ashby,filmhub,filmhub,slug,https://jobs.ashbyhq.com/filmhub,https://api.ashbyhq.com/posting-api/job-board/filmhub,https://api.ashbyhq.com/posting-api/job-board/filmhub?includeCompensation=true,GET,listed_in_PDFtoWebsite_ashby_source,2026-09-21,ashby_board_tokens_1662.csv,https://github.com/vedangvatsa/PDFtoWebsite/blob/main/.github/scripts/jobs-sync.mjs,Imported from the user-provided board-token registry.
board,ashby,fin,fin,slug,https://jobs.ashbyhq.com/fin,https://api.ashbyhq.com/posting-api/job-board/fin,https://api.ashbyhq.com/posting-api/job-board/fin?includeCompensation=true,GET,listed_in_PDFtoWebsite_ashby_source,2026-09-21,ashby_board_tokens_1662.csv,https://github.com/vedangvatsa/PDFtoWebsite/blob/main/.github/scripts/jobs-sync.mjs,Imported from the user-provided board-token registry.
board,ashby,finch,finch,slug,https://jobs.ashbyhq.com/finch,https://api.ashbyhq.com/posting-api/job-board/finch,https://api.ashbyhq.com/posting-api/job-board/finch?includeCompensation=true,GET,listed_in_PDFtoWebsite_ashby_source,2026-09-21,ashby_board_tokens_1662.csv,https://github.com/vedangvatsa/PDFtoWebsite/blob/main/.github/scripts/jobs-sync.mjs,Imported from the user-provided board-token registry.
board,ashby,finni-health,finni-health,slug,https://jobs.ashbyhq.com/finni-health,https://api.ashbyhq.com/posting-api/job-board/finni-health,https://api.ashbyhq.com/posting-api/job-board/finni-health?includeCompensation=true,GET,listed_in_PDFtoWebsite_ashby_source,2026-09-21,ashby_board_tokens_1662.csv,https://github.com/vedangvatsa/PDFtoWebsite/blob/main/.github/scripts/jobs-sync.mjs,Imported from the user-provided board-token registry.
board,ashby,firecrawl,firecrawl,slug,https://jobs.ashbyhq.com/firecrawl,https://api.ashbyhq.com/posting-api/job-board/firecrawl,https://api.ashbyhq.com/posting-api/job-board/firecrawl?includeCompensation=true,GET,listed_in_PDFtoWebsite_ashby_source,2026-09-21,ashby_board_tokens_1662.csv,https://github.com/vedangvatsa/PDFtoWebsite/blob/main/.github/scripts/jobs-sync.mjs,Imported from the user-provided board-token registry.
board,ashby,fireworks,fireworks,slug,https://jobs.ashbyhq.com/fireworks,https://api.ashbyhq.com/posting-api/job-board/fireworks,https://api.ashbyhq.com/posting-api/job-board/fireworks?includeCompensation=true,GET,verified_in_open-ats-jobs_ashby_source,2026-08-18,ashby_board_tokens_1662.csv,https://github.com/splashdeluxe/open-ats-jobs/blob/main/seeds/companies.json,Imported from the user-provided board-token registry.
board,ashby,firstbaseio,firstbaseio,slug,https://jobs.ashbyhq.com/firstbaseio,https://api.ashbyhq.com/posting-api/job-board/firstbaseio,https://api.ashbyhq.com/posting-api/job-board/firstbaseio?includeCompensation=true,GET,listed_in_PDFtoWebsite_alt_ashby_source,2026-09-21,ashby_board_tokens_1662.csv,https://github.com/vedangvatsa/PDFtoWebsite/blob/main/run-cj.mjs,Imported from the user-provided board-token registry.
board,ashby,firstmate,firstmate,slug,https://jobs.ashbyhq.com/firstmate,https://api.ashbyhq.com/posting-api/job-board/firstmate,https://api.ashbyhq.com/posting-api/job-board/firstmate?includeCompensation=true,GET,listed_in_PDFtoWebsite_ashby_source,2026-09-21,ashby_board_tokens_1662.csv,https://github.com/vedangvatsa/PDFtoWebsite/blob/main/.github/scripts/jobs-sync.mjs,Imported from the user-provided board-token registry.
board,ashby,firstround,firstround,slug,https://jobs.ashbyhq.com/firstround,https://api.ashbyhq.com/posting-api/job-board/firstround,https://api.ashbyhq.com/posting-api/job-board/firstround?includeCompensation=true,GET,listed_in_PDFtoWebsite_ashby_source,2026-09-21,ashby_board_tokens_1662.csv,https://github.com/vedangvatsa/PDFtoWebsite/blob/main/.github/scripts/jobs-sync.mjs,Imported from the user-provided board-token registry.
board,ashby,firststreet,firststreet,slug,https://jobs.ashbyhq.com/firststreet,https://api.ashbyhq.com/posting-api/job-board/firststreet,https://api.ashbyhq.com/posting-api/job-board/firststreet?includeCompensation=true,GET,listed_in_PDFtoWebsite_ashby_source,2026-09-21,ashby_board_tokens_1662.csv,https://github.com/vedangvatsa/PDFtoWebsite/blob/main/.github/scripts/jobs-sync.mjs,Imported from the user-provided board-token registry.
board,ashby,fitt,fitt,slug,https://jobs.ashbyhq.com/fitt,https://api.ashbyhq.com/posting-api/job-board/fitt,https://api.ashbyhq.com/posting-api/job-board/fitt?includeCompensation=true,GET,listed_in_PDFtoWebsite_ashby_source,2026-09-21,ashby_board_tokens_1662.csv,https://github.com/vedangvatsa/PDFtoWebsite/blob/main/.github/scripts/jobs-sync.mjs,Imported from the user-provided board-token registry.
board,ashby,fizz,fizz,slug,https://jobs.ashbyhq.com/fizz,https://api.ashbyhq.com/posting-api/job-board/fizz,https://api.ashbyhq.com/posting-api/job-board/fizz?includeCompensation=true,GET,listed_in_PDFtoWebsite_ashby_source,2026-09-21,ashby_board_tokens_1662.csv,https://github.com/vedangvatsa/PDFtoWebsite/blob/main/.github/scripts/jobs-sync.mjs,Imported from the user-provided board-token registry.
board,ashby,flagright.com,flagright.com,slug,https://jobs.ashbyhq.com/flagright.com,https://api.ashbyhq.com/posting-api/job-board/flagright.com,https://api.ashbyhq.com/posting-api/job-board/flagright.com?includeCompensation=true,GET,listed_in_PDFtoWebsite_ashby_source,2026-09-21,ashby_board_tokens_1662.csv,https://github.com/vedangvatsa/PDFtoWebsite/blob/main/.github/scripts/jobs-sync.mjs,Imported from the user-provided board-token registry.
board,ashby,flagstone,flagstone,slug,https://jobs.ashbyhq.com/flagstone,https://api.ashbyhq.com/posting-api/job-board/flagstone,https://api.ashbyhq.com/posting-api/job-board/flagstone?includeCompensation=true,GET,listed_in_PDFtoWebsite_ashby_source,2026-09-21,ashby_board_tokens_1662.csv,https://github.com/vedangvatsa/PDFtoWebsite/blob/main/.github/scripts/jobs-sync.mjs,Imported from the user-provided board-token registry.
board,ashby,flai,flai,slug,https://jobs.ashbyhq.com/flai,https://api.ashbyhq.com/posting-api/job-board/flai,https://api.ashbyhq.com/posting-api/job-board/flai?includeCompensation=true,GET,listed_in_PDFtoWebsite_ashby_source,2026-09-21,ashby_board_tokens_1662.csv,https://github.com/vedangvatsa/PDFtoWebsite/blob/main/.github/scripts/jobs-sync.mjs,Imported from the user-provided board-token registry.
board,ashby,flashbots.net,flashbots.net,slug,https://jobs.ashbyhq.com/flashbots.net,https://api.ashbyhq.com/posting-api/job-board/flashbots.net,https://api.ashbyhq.com/posting-api/job-board/flashbots.net?includeCompensation=true,GET,listed_in_PDFtoWebsite_ashby_source,2026-09-21,ashby_board_tokens_1662.csv,https://github.com/vedangvatsa/PDFtoWebsite/blob/main/.github/scripts/jobs-sync.mjs,Imported from the user-provided board-token registry.
board,ashby,fleetdm,fleetdm,slug,https://jobs.ashbyhq.com/fleetdm,https://api.ashbyhq.com/posting-api/job-board/fleetdm,https://api.ashbyhq.com/posting-api/job-board/fleetdm?includeCompensation=true,GET,listed_in_PDFtoWebsite_alt_ashby_source,2026-09-21,ashby_board_tokens_1662.csv,https://github.com/vedangvatsa/PDFtoWebsite/blob/main/run-cj.mjs,Imported from the user-provided board-token registry.
board,ashby,fleetline,fleetline,slug,https://jobs.ashbyhq.com/fleetline,https://api.ashbyhq.com/posting-api/job-board/fleetline,https://api.ashbyhq.com/posting-api/job-board/fleetline?includeCompensation=true,GET,listed_in_PDFtoWebsite_ashby_source,2026-09-21,ashby_board_tokens_1662.csv,https://github.com/vedangvatsa/PDFtoWebsite/blob/main/.github/scripts/jobs-sync.mjs,Imported from the user-provided board-token registry.
board,ashby,fleetpulse,fleetpulse,slug,https://jobs.ashbyhq.com/fleetpulse,https://api.ashbyhq.com/posting-api/job-board/fleetpulse,https://api.ashbyhq.com/posting-api/job-board/fleetpulse?includeCompensation=true,GET,listed_in_PDFtoWebsite_ashby_source,2026-09-21,ashby_board_tokens_1662.csv,https://github.com/vedangvatsa/PDFtoWebsite/blob/main/.github/scripts/jobs-sync.mjs,Imported from the user-provided board-token registry.
board,ashby,fleetworks,fleetworks,slug,https://jobs.ashbyhq.com/fleetworks,https://api.ashbyhq.com/posting-api/job-board/fleetworks,https://api.ashbyhq.com/posting-api/job-board/fleetworks?includeCompensation=true,GET,listed_in_PDFtoWebsite_ashby_source,2026-09-21,ashby_board_tokens_1662.csv,https://github.com/vedangvatsa/PDFtoWebsite/blob/main/.github/scripts/jobs-sync.mjs,Imported from the user-provided board-token registry.
board,ashby,flint,flint,slug,https://jobs.ashbyhq.com/flint,https://api.ashbyhq.com/posting-api/job-board/flint,https://api.ashbyhq.com/posting-api/job-board/flint?includeCompensation=true,GET,listed_in_PDFtoWebsite_ashby_source,2026-09-21,ashby_board_tokens_1662.csv,https://github.com/vedangvatsa/PDFtoWebsite/blob/main/.github/scripts/jobs-sync.mjs,Imported from the user-provided board-token registry.
board,ashby,flipturn,flipturn,slug,https://jobs.ashbyhq.com/flipturn,https://api.ashbyhq.com/posting-api/job-board/flipturn,https://api.ashbyhq.com/posting-api/job-board/flipturn?includeCompensation=true,GET,listed_in_PDFtoWebsite_ashby_source,2026-09-21,ashby_board_tokens_1662.csv,https://github.com/vedangvatsa/PDFtoWebsite/blob/main/.github/scripts/jobs-sync.mjs,Imported from the user-provided board-token registry.
board,ashby,floatme,floatme,slug,https://jobs.ashbyhq.com/floatme,https://api.ashbyhq.com/posting-api/job-board/floatme,https://api.ashbyhq.com/posting-api/job-board/floatme?includeCompensation=true,GET,listed_in_PDFtoWebsite_ashby_source,2026-09-21,ashby_board_tokens_1662.csv,https://github.com/vedangvatsa/PDFtoWebsite/blob/main/.github/scripts/jobs-sync.mjs,Imported from the user-provided board-token registry.
board,ashby,flocksafety,flocksafety,slug,https://jobs.ashbyhq.com/flocksafety,https://api.ashbyhq.com/posting-api/job-board/flocksafety,https://api.ashbyhq.com/posting-api/job-board/flocksafety?includeCompensation=true,GET,listed_in_PDFtoWebsite_alt_ashby_source,2026-09-21,ashby_board_tokens_1662.csv,https://github.com/vedangvatsa/PDFtoWebsite/blob/main/run-cj.mjs,Imported from the user-provided board-token registry.
board,ashby,flora,flora,slug,https://jobs.ashbyhq.com/flora,https://api.ashbyhq.com/posting-api/job-board/flora,https://api.ashbyhq.com/posting-api/job-board/flora?includeCompensation=true,GET,listed_in_PDFtoWebsite_ashby_source,2026-09-21,ashby_board_tokens_1662.csv,https://github.com/vedangvatsa/PDFtoWebsite/blob/main/.github/scripts/jobs-sync.mjs,Imported from the user-provided board-token registry.
board,ashby,flowengineering,flowengineering,slug,https://jobs.ashbyhq.com/flowengineering,https://api.ashbyhq.com/posting-api/job-board/flowengineering,https://api.ashbyhq.com/posting-api/job-board/flowengineering?includeCompensation=true,GET,listed_in_PDFtoWebsite_ashby_source,2026-09-21,ashby_board_tokens_1662.csv,https://github.com/vedangvatsa/PDFtoWebsite/blob/main/.github/scripts/jobs-sync.mjs,Imported from the user-provided board-token registry.
board,ashby,flowhub,flowhub,slug,https://jobs.ashbyhq.com/flowhub,https://api.ashbyhq.com/posting-api/job-board/flowhub,https://api.ashbyhq.com/posting-api/job-board/flowhub?includeCompensation=true,GET,listed_in_PDFtoWebsite_ashby_source,2026-09-21,ashby_board_tokens_1662.csv,https://github.com/vedangvatsa/PDFtoWebsite/blob/main/.github/scripts/jobs-sync.mjs,Imported from the user-provided board-token registry.
board,ashby,fluency,fluency,slug,https://jobs.ashbyhq.com/fluency,https://api.ashbyhq.com/posting-api/job-board/fluency,https://api.ashbyhq.com/posting-api/job-board/fluency?includeCompensation=true,GET,listed_in_PDFtoWebsite_ashby_source,2026-09-21,ashby_board_tokens_1662.csv,https://github.com/vedangvatsa/PDFtoWebsite/blob/main/.github/scripts/jobs-sync.mjs,Imported from the user-provided board-token registry.
board,ashby,flux,flux,slug,https://jobs.ashbyhq.com/flux,https://api.ashbyhq.com/posting-api/job-board/flux,https://api.ashbyhq.com/posting-api/job-board/flux?includeCompensation=true,GET,listed_in_PDFtoWebsite_ashby_source,2026-09-21,ashby_board_tokens_1662.csv,https://github.com/vedangvatsa/PDFtoWebsite/blob/main/.github/scripts/jobs-sync.mjs,Imported from the user-provided board-token registry.
board,ashby,fly,fly,slug,https://jobs.ashbyhq.com/fly,https://api.ashbyhq.com/posting-api/job-board/fly,https://api.ashbyhq.com/posting-api/job-board/fly?includeCompensation=true,GET,listed_in_PDFtoWebsite_alt_ashby_source,2026-09-21,ashby_board_tokens_1662.csv,https://github.com/vedangvatsa/PDFtoWebsite/blob/main/run-cj.mjs,Imported from the user-provided board-token registry.
board,ashby,focused,focused,slug,https://jobs.ashbyhq.com/focused,https://api.ashbyhq.com/posting-api/job-board/focused,https://api.ashbyhq.com/posting-api/job-board/focused?includeCompensation=true,GET,listed_in_PDFtoWebsite_ashby_source,2026-09-21,ashby_board_tokens_1662.csv,https://github.com/vedangvatsa/PDFtoWebsite/blob/main/.github/scripts/jobs-sync.mjs,Imported from the user-provided board-token registry.
board,ashby,fonoa,fonoa,slug,https://jobs.ashbyhq.com/fonoa,https://api.ashbyhq.com/posting-api/job-board/fonoa,https://api.ashbyhq.com/posting-api/job-board/fonoa?includeCompensation=true,GET,listed_in_PDFtoWebsite_ashby_source,2026-09-21,ashby_board_tokens_1662.csv,https://github.com/vedangvatsa/PDFtoWebsite/blob/main/.github/scripts/jobs-sync.mjs,Imported from the user-provided board-token registry.
board,ashby,forerunner,forerunner,slug,https://jobs.ashbyhq.com/forerunner,https://api.ashbyhq.com/posting-api/job-board/forerunner,https://api.ashbyhq.com/posting-api/job-board/forerunner?includeCompensation=true,GET,listed_in_PDFtoWebsite_ashby_source,2026-09-21,ashby_board_tokens_1662.csv,https://github.com/vedangvatsa/PDFtoWebsite/blob/main/.github/scripts/jobs-sync.mjs,Imported from the user-provided board-token registry.
board,ashby,formance,formance,slug,https://jobs.ashbyhq.com/formance,https://api.ashbyhq.com/posting-api/job-board/formance,https://api.ashbyhq.com/posting-api/job-board/formance?includeCompensation=true,GET,listed_in_PDFtoWebsite_ashby_source,2026-09-21,ashby_board_tokens_1662.csv,https://github.com/vedangvatsa/PDFtoWebsite/blob/main/.github/scripts/jobs-sync.mjs,Imported from the user-provided board-token registry.
board,ashby,forto,forto,slug,https://jobs.ashbyhq.com/forto,https://api.ashbyhq.com/posting-api/job-board/forto,https://api.ashbyhq.com/posting-api/job-board/forto?includeCompensation=true,GET,verified_in_open-ats-jobs_ashby_source,2026-08-18,ashby_board_tokens_1662.csv,https://github.com/splashdeluxe/open-ats-jobs/blob/main/seeds/companies.json,Imported from the user-provided board-token registry.
board,ashby,forum-ventures,forum-ventures,slug,https://jobs.ashbyhq.com/forum-ventures,https://api.ashbyhq.com/posting-api/job-board/forum-ventures,https://api.ashbyhq.com/posting-api/job-board/forum-ventures?includeCompensation=true,GET,listed_in_PDFtoWebsite_ashby_source,2026-09-21,ashby_board_tokens_1662.csv,https://github.com/vedangvatsa/PDFtoWebsite/blob/main/.github/scripts/jobs-sync.mjs,Imported from the user-provided board-token registry.
board,ashby,found,found,slug,https://jobs.ashbyhq.com/found,https://api.ashbyhq.com/posting-api/job-board/found,https://api.ashbyhq.com/posting-api/job-board/found?includeCompensation=true,GET,listed_in_PDFtoWebsite_ashby_source,2026-09-21,ashby_board_tokens_1662.csv,https://github.com/vedangvatsa/PDFtoWebsite/blob/main/.github/scripts/jobs-sync.mjs,Imported from the user-provided board-token registry.
board,ashby,foundry-for-good,foundry-for-good,slug,https://jobs.ashbyhq.com/foundry-for-good,https://api.ashbyhq.com/posting-api/job-board/foundry-for-good,https://api.ashbyhq.com/posting-api/job-board/foundry-for-good?includeCompensation=true,GET,listed_in_PDFtoWebsite_ashby_source,2026-09-21,ashby_board_tokens_1662.csv,https://github.com/vedangvatsa/PDFtoWebsite/blob/main/.github/scripts/jobs-sync.mjs,Imported from the user-provided board-token registry.
board,ashby,fourier,fourier,slug,https://jobs.ashbyhq.com/fourier,https://api.ashbyhq.com/posting-api/job-board/fourier,https://api.ashbyhq.com/posting-api/job-board/fourier?includeCompensation=true,GET,listed_in_PDFtoWebsite_ashby_source,2026-09-21,ashby_board_tokens_1662.csv,https://github.com/vedangvatsa/PDFtoWebsite/blob/main/.github/scripts/jobs-sync.mjs,Imported from the user-provided board-token registry.
board,ashby,fourth-power,fourth-power,slug,https://jobs.ashbyhq.com/fourth-power,https://api.ashbyhq.com/posting-api/job-board/fourth-power,https://api.ashbyhq.com/posting-api/job-board/fourth-power?includeCompensation=true,GET,listed_in_PDFtoWebsite_ashby_source,2026-09-21,ashby_board_tokens_1662.csv,https://github.com/vedangvatsa/PDFtoWebsite/blob/main/.github/scripts/jobs-sync.mjs,Imported from the user-provided board-token registry.
board,ashby,fractional-ai,fractional-ai,slug,https://jobs.ashbyhq.com/fractional-ai,https://api.ashbyhq.com/posting-api/job-board/fractional-ai,https://api.ashbyhq.com/posting-api/job-board/fractional-ai?includeCompensation=true,GET,listed_in_PDFtoWebsite_ashby_source,2026-09-21,ashby_board_tokens_1662.csv,https://github.com/vedangvatsa/PDFtoWebsite/blob/main/.github/scripts/jobs-sync.mjs,Imported from the user-provided board-token registry.
board,ashby,freed,freed,slug,https://jobs.ashbyhq.com/freed,https://api.ashbyhq.com/posting-api/job-board/freed,https://api.ashbyhq.com/posting-api/job-board/freed?includeCompensation=true,GET,listed_in_PDFtoWebsite_ashby_source,2026-09-21,ashby_board_tokens_1662.csv,https://github.com/vedangvatsa/PDFtoWebsite/blob/main/.github/scripts/jobs-sync.mjs,Imported from the user-provided board-token registry.
board,ashby,freeplay,freeplay,slug,https://jobs.ashbyhq.com/freeplay,https://api.ashbyhq.com/posting-api/job-board/freeplay,https://api.ashbyhq.com/posting-api/job-board/freeplay?includeCompensation=true,GET,listed_in_PDFtoWebsite_alt_ashby_source,2026-09-21,ashby_board_tokens_1662.csv,https://github.com/vedangvatsa/PDFtoWebsite/blob/main/run-cj.mjs,Imported from the user-provided board-token registry.
board,ashby,frequence,frequence,slug,https://jobs.ashbyhq.com/frequence,https://api.ashbyhq.com/posting-api/job-board/frequence,https://api.ashbyhq.com/posting-api/job-board/frequence?includeCompensation=true,GET,listed_in_PDFtoWebsite_ashby_source,2026-09-21,ashby_board_tokens_1662.csv,https://github.com/vedangvatsa/PDFtoWebsite/blob/main/.github/scripts/jobs-sync.mjs,Imported from the user-provided board-token registry.
board,ashby,freshpaint,freshpaint,slug,https://jobs.ashbyhq.com/freshpaint,https://api.ashbyhq.com/posting-api/job-board/freshpaint,https://api.ashbyhq.com/posting-api/job-board/freshpaint?includeCompensation=true,GET,listed_in_PDFtoWebsite_ashby_source,2026-09-21,ashby_board_tokens_1662.csv,https://github.com/vedangvatsa/PDFtoWebsite/blob/main/.github/scripts/jobs-sync.mjs,Imported from the user-provided board-token registry.
board,ashby,frontcareers,frontcareers,slug,https://jobs.ashbyhq.com/frontcareers,https://api.ashbyhq.com/posting-api/job-board/frontcareers,https://api.ashbyhq.com/posting-api/job-board/frontcareers?includeCompensation=true,GET,listed_in_PDFtoWebsite_ashby_source,2026-09-21,ashby_board_tokens_1662.csv,https://github.com/vedangvatsa/PDFtoWebsite/blob/main/.github/scripts/jobs-sync.mjs,Imported from the user-provided board-token registry.
board,ashby,fuel-cycle,fuel-cycle,slug,https://jobs.ashbyhq.com/fuel-cycle,https://api.ashbyhq.com/posting-api/job-board/fuel-cycle,https://api.ashbyhq.com/posting-api/job-board/fuel-cycle?includeCompensation=true,GET,listed_in_PDFtoWebsite_ashby_source,2026-09-21,ashby_board_tokens_1662.csv,https://github.com/vedangvatsa/PDFtoWebsite/blob/main/.github/scripts/jobs-sync.mjs,Imported from the user-provided board-token registry.
board,ashby,fulcrum,fulcrum,slug,https://jobs.ashbyhq.com/fulcrum,https://api.ashbyhq.com/posting-api/job-board/fulcrum,https://api.ashbyhq.com/posting-api/job-board/fulcrum?includeCompensation=true,GET,listed_in_PDFtoWebsite_ashby_source,2026-09-21,ashby_board_tokens_1662.csv,https://github.com/vedangvatsa/PDFtoWebsite/blob/main/.github/scripts/jobs-sync.mjs,Imported from the user-provided board-token registry.
board,ashby,fullstory,fullstory,slug,https://jobs.ashbyhq.com/fullstory,https://api.ashbyhq.com/posting-api/job-board/fullstory,https://api.ashbyhq.com/posting-api/job-board/fullstory?includeCompensation=true,GET,listed_in_PDFtoWebsite_ashby_source,2026-09-21,ashby_board_tokens_1662.csv,https://github.com/vedangvatsa/PDFtoWebsite/blob/main/.github/scripts/jobs-sync.mjs,Imported from the user-provided board-token registry.
board,ashby,fundamentalresearchlabs,fundamentalresearchlabs,slug,https://jobs.ashbyhq.com/fundamentalresearchlabs,https://api.ashbyhq.com/posting-api/job-board/fundamentalresearchlabs,https://api.ashbyhq.com/posting-api/job-board/fundamentalresearchlabs?includeCompensation=true,GET,listed_in_PDFtoWebsite_ashby_source,2026-09-21,ashby_board_tokens_1662.csv,https://github.com/vedangvatsa/PDFtoWebsite/blob/main/.github/scripts/jobs-sync.mjs,Imported from the user-provided board-token registry.
board,ashby,fundwell,fundwell,slug,https://jobs.ashbyhq.com/fundwell,https://api.ashbyhq.com/posting-api/job-board/fundwell,https://api.ashbyhq.com/posting-api/job-board/fundwell?includeCompensation=true,GET,listed_in_PDFtoWebsite_ashby_source,2026-09-21,ashby_board_tokens_1662.csv,https://github.com/vedangvatsa/PDFtoWebsite/blob/main/.github/scripts/jobs-sync.mjs,Imported from the user-provided board-token registry.
board,ashby,further,further,slug,https://jobs.ashbyhq.com/further,https://api.ashbyhq.com/posting-api/job-board/further,https://api.ashbyhq.com/posting-api/job-board/further?includeCompensation=true,GET,listed_in_PDFtoWebsite_ashby_source,2026-09-21,ashby_board_tokens_1662.csv,https://github.com/vedangvatsa/PDFtoWebsite/blob/main/.github/scripts/jobs-sync.mjs,Imported from the user-provided board-token registry.
board,ashby,furtherai,furtherai,slug,https://jobs.ashbyhq.com/furtherai,https://api.ashbyhq.com/posting-api/job-board/furtherai,https://api.ashbyhq.com/posting-api/job-board/furtherai?includeCompensation=true,GET,listed_in_PDFtoWebsite_ashby_source,2026-09-21,ashby_board_tokens_1662.csv,https://github.com/vedangvatsa/PDFtoWebsite/blob/main/.github/scripts/jobs-sync.mjs,Imported from the user-provided board-token registry.
board,ashby,fuse,fuse,slug,https://jobs.ashbyhq.com/fuse,https://api.ashbyhq.com/posting-api/job-board/fuse,https://api.ashbyhq.com/posting-api/job-board/fuse?includeCompensation=true,GET,listed_in_PDFtoWebsite_ashby_source,2026-09-21,ashby_board_tokens_1662.csv,https://github.com/vedangvatsa/PDFtoWebsite/blob/main/.github/scripts/jobs-sync.mjs,Imported from the user-provided board-token registry.
board,ashby,futurefitai,futurefitai,slug,https://jobs.ashbyhq.com/futurefitai,https://api.ashbyhq.com/posting-api/job-board/futurefitai,https://api.ashbyhq.com/posting-api/job-board/futurefitai?includeCompensation=true,GET,listed_in_PDFtoWebsite_ashby_source,2026-09-21,ashby_board_tokens_1662.csv,https://github.com/vedangvatsa/PDFtoWebsite/blob/main/.github/scripts/jobs-sync.mjs,Imported from the user-provided board-token registry.
board,ashby,futureproofing,futureproofing,slug,https://jobs.ashbyhq.com/futureproofing,https://api.ashbyhq.com/posting-api/job-board/futureproofing,https://api.ashbyhq.com/posting-api/job-board/futureproofing?includeCompensation=true,GET,listed_in_PDFtoWebsite_ashby_source,2026-09-21,ashby_board_tokens_1662.csv,https://github.com/vedangvatsa/PDFtoWebsite/blob/main/.github/scripts/jobs-sync.mjs,Imported from the user-provided board-token registry.
board,ashby,g2,g2,slug,https://jobs.ashbyhq.com/g2,https://api.ashbyhq.com/posting-api/job-board/g2,https://api.ashbyhq.com/posting-api/job-board/g2?includeCompensation=true,GET,listed_in_PDFtoWebsite_ashby_source,2026-09-21,ashby_board_tokens_1662.csv,https://github.com/vedangvatsa/PDFtoWebsite/blob/main/.github/scripts/jobs-sync.mjs,Imported from the user-provided board-token registry.
board,ashby,g2i,g2i,slug,https://jobs.ashbyhq.com/g2i,https://api.ashbyhq.com/posting-api/job-board/g2i,https://api.ashbyhq.com/posting-api/job-board/g2i?includeCompensation=true,GET,listed_in_PDFtoWebsite_ashby_source,2026-09-21,ashby_board_tokens_1662.csv,https://github.com/vedangvatsa/PDFtoWebsite/blob/main/.github/scripts/jobs-sync.mjs,Imported from the user-provided board-token registry.
board,ashby,gamechanger,gamechanger,slug,https://jobs.ashbyhq.com/gamechanger,https://api.ashbyhq.com/posting-api/job-board/gamechanger,https://api.ashbyhq.com/posting-api/job-board/gamechanger?includeCompensation=true,GET,listed_in_PDFtoWebsite_ashby_source,2026-09-21,ashby_board_tokens_1662.csv,https://github.com/vedangvatsa/PDFtoWebsite/blob/main/.github/scripts/jobs-sync.mjs,Imported from the user-provided board-token registry.
board,ashby,gamma,gamma,slug,https://jobs.ashbyhq.com/gamma,https://api.ashbyhq.com/posting-api/job-board/gamma,https://api.ashbyhq.com/posting-api/job-board/gamma?includeCompensation=true,GET,listed_in_PDFtoWebsite_ashby_source,2026-09-21,ashby_board_tokens_1662.csv,https://github.com/vedangvatsa/PDFtoWebsite/blob/main/.github/scripts/jobs-sync.mjs,Imported from the user-provided board-token registry.
board,ashby,garage,garage,slug,https://jobs.ashbyhq.com/garage,https://api.ashbyhq.com/posting-api/job-board/garage,https://api.ashbyhq.com/posting-api/job-board/garage?includeCompensation=true,GET,listed_in_PDFtoWebsite_ashby_source,2026-09-21,ashby_board_tokens_1662.csv,https://github.com/vedangvatsa/PDFtoWebsite/blob/main/.github/scripts/jobs-sync.mjs,Imported from the user-provided board-token registry.
board,ashby,general-medicine,general-medicine,slug,https://jobs.ashbyhq.com/general-medicine,https://api.ashbyhq.com/posting-api/job-board/general-medicine,https://api.ashbyhq.com/posting-api/job-board/general-medicine?includeCompensation=true,GET,listed_in_PDFtoWebsite_ashby_source,2026-09-21,ashby_board_tokens_1662.csv,https://github.com/vedangvatsa/PDFtoWebsite/blob/main/.github/scripts/jobs-sync.mjs,Imported from the user-provided board-token registry.
board,ashby,generalintelligencecompany,generalintelligencecompany,slug,https://jobs.ashbyhq.com/generalintelligencecompany,https://api.ashbyhq.com/posting-api/job-board/generalintelligencecompany,https://api.ashbyhq.com/posting-api/job-board/generalintelligencecompany?includeCompensation=true,GET,listed_in_PDFtoWebsite_ashby_source,2026-09-21,ashby_board_tokens_1662.csv,https://github.com/vedangvatsa/PDFtoWebsite/blob/main/.github/scripts/jobs-sync.mjs,Imported from the user-provided board-token registry.
board,ashby,generalist,generalist,slug,https://jobs.ashbyhq.com/generalist,https://api.ashbyhq.com/posting-api/job-board/generalist,https://api.ashbyhq.com/posting-api/job-board/generalist?includeCompensation=true,GET,listed_in_PDFtoWebsite_ashby_source,2026-09-21,ashby_board_tokens_1662.csv,https://github.com/vedangvatsa/PDFtoWebsite/blob/main/.github/scripts/jobs-sync.mjs,Imported from the user-provided board-token registry.
board,ashby,genies,genies,slug,https://jobs.ashbyhq.com/genies,https://api.ashbyhq.com/posting-api/job-board/genies,https://api.ashbyhq.com/posting-api/job-board/genies?includeCompensation=true,GET,listed_in_PDFtoWebsite_ashby_source,2026-09-21,ashby_board_tokens_1662.csv,https://github.com/vedangvatsa/PDFtoWebsite/blob/main/.github/scripts/jobs-sync.mjs,Imported from the user-provided board-token registry.
board,ashby,genomics,genomics,slug,https://jobs.ashbyhq.com/genomics,https://api.ashbyhq.com/posting-api/job-board/genomics,https://api.ashbyhq.com/posting-api/job-board/genomics?includeCompensation=true,GET,listed_in_PDFtoWebsite_ashby_source,2026-09-21,ashby_board_tokens_1662.csv,https://github.com/vedangvatsa/PDFtoWebsite/blob/main/.github/scripts/jobs-sync.mjs,Imported from the user-provided board-token registry.
board,ashby,geoforce,geoforce,slug,https://jobs.ashbyhq.com/geoforce,https://api.ashbyhq.com/posting-api/job-board/geoforce,https://api.ashbyhq.com/posting-api/job-board/geoforce?includeCompensation=true,GET,listed_in_PDFtoWebsite_ashby_source,2026-09-21,ashby_board_tokens_1662.csv,https://github.com/vedangvatsa/PDFtoWebsite/blob/main/.github/scripts/jobs-sync.mjs,Imported from the user-provided board-token registry.
board,ashby,get-ivy,get-ivy,slug,https://jobs.ashbyhq.com/get-ivy,https://api.ashbyhq.com/posting-api/job-board/get-ivy,https://api.ashbyhq.com/posting-api/job-board/get-ivy?includeCompensation=true,GET,listed_in_PDFtoWebsite_alt_ashby_source,2026-09-21,ashby_board_tokens_1662.csv,https://github.com/vedangvatsa/PDFtoWebsite/blob/main/run-cj.mjs,Imported from the user-provided board-token registry.
board,ashby,gigaml,gigaml,slug,https://jobs.ashbyhq.com/gigaml,https://api.ashbyhq.com/posting-api/job-board/gigaml,https://api.ashbyhq.com/posting-api/job-board/gigaml?includeCompensation=true,GET,listed_in_PDFtoWebsite_ashby_source,2026-09-21,ashby_board_tokens_1662.csv,https://github.com/vedangvatsa/PDFtoWebsite/blob/main/.github/scripts/jobs-sync.mjs,Imported from the user-provided board-token registry.
board,ashby,gitbook,gitbook,slug,https://jobs.ashbyhq.com/gitbook,https://api.ashbyhq.com/posting-api/job-board/gitbook,https://api.ashbyhq.com/posting-api/job-board/gitbook?includeCompensation=true,GET,listed_in_PDFtoWebsite_ashby_source,2026-09-21,ashby_board_tokens_1662.csv,https://github.com/vedangvatsa/PDFtoWebsite/blob/main/.github/scripts/jobs-sync.mjs,Imported from the user-provided board-token registry.
board,ashby,givebutter,givebutter,slug,https://jobs.ashbyhq.com/givebutter,https://api.ashbyhq.com/posting-api/job-board/givebutter,https://api.ashbyhq.com/posting-api/job-board/givebutter?includeCompensation=true,GET,listed_in_PDFtoWebsite_ashby_source,2026-09-21,ashby_board_tokens_1662.csv,https://github.com/vedangvatsa/PDFtoWebsite/blob/main/.github/scripts/jobs-sync.mjs,Imported from the user-provided board-token registry.
board,ashby,glacis-ai,glacis-ai,slug,https://jobs.ashbyhq.com/glacis-ai,https://api.ashbyhq.com/posting-api/job-board/glacis-ai,https://api.ashbyhq.com/posting-api/job-board/glacis-ai?includeCompensation=true,GET,listed_in_PDFtoWebsite_ashby_source,2026-09-21,ashby_board_tokens_1662.csv,https://github.com/vedangvatsa/PDFtoWebsite/blob/main/.github/scripts/jobs-sync.mjs,Imported from the user-provided board-token registry.
board,ashby,glide,glide,slug,https://jobs.ashbyhq.com/glide,https://api.ashbyhq.com/posting-api/job-board/glide,https://api.ashbyhq.com/posting-api/job-board/glide?includeCompensation=true,GET,listed_in_PDFtoWebsite_ashby_source,2026-09-21,ashby_board_tokens_1662.csv,https://github.com/vedangvatsa/PDFtoWebsite/blob/main/.github/scripts/jobs-sync.mjs,Imported from the user-provided board-token registry.
board,ashby,glimpse,glimpse,slug,https://jobs.ashbyhq.com/glimpse,https://api.ashbyhq.com/posting-api/job-board/glimpse,https://api.ashbyhq.com/posting-api/job-board/glimpse?includeCompensation=true,GET,listed_in_PDFtoWebsite_ashby_source,2026-09-21,ashby_board_tokens_1662.csv,https://github.com/vedangvatsa/PDFtoWebsite/blob/main/.github/scripts/jobs-sync.mjs,Imported from the user-provided board-token registry.
board,ashby,global-x-etfs,global-x-etfs,slug,https://jobs.ashbyhq.com/global-x-etfs,https://api.ashbyhq.com/posting-api/job-board/global-x-etfs,https://api.ashbyhq.com/posting-api/job-board/global-x-etfs?includeCompensation=true,GET,listed_in_PDFtoWebsite_ashby_source,2026-09-21,ashby_board_tokens_1662.csv,https://github.com/vedangvatsa/PDFtoWebsite/blob/main/.github/scripts/jobs-sync.mjs,Imported from the user-provided board-token registry.
board,ashby,glomo,glomo,slug,https://jobs.ashbyhq.com/glomo,https://api.ashbyhq.com/posting-api/job-board/glomo,https://api.ashbyhq.com/posting-api/job-board/glomo?includeCompensation=true,GET,listed_in_PDFtoWebsite_ashby_source,2026-09-21,ashby_board_tokens_1662.csv,https://github.com/vedangvatsa/PDFtoWebsite/blob/main/.github/scripts/jobs-sync.mjs,Imported from the user-provided board-token registry.
board,ashby,glossgenius,glossgenius,slug,https://jobs.ashbyhq.com/glossgenius,https://api.ashbyhq.com/posting-api/job-board/glossgenius,https://api.ashbyhq.com/posting-api/job-board/glossgenius?includeCompensation=true,GET,listed_in_PDFtoWebsite_ashby_source,2026-09-21,ashby_board_tokens_1662.csv,https://github.com/vedangvatsa/PDFtoWebsite/blob/main/.github/scripts/jobs-sync.mjs,Imported from the user-provided board-token registry.
board,ashby,glow25,glow25,slug,https://jobs.ashbyhq.com/glow25,https://api.ashbyhq.com/posting-api/job-board/glow25,https://api.ashbyhq.com/posting-api/job-board/glow25?includeCompensation=true,GET,listed_in_PDFtoWebsite_ashby_source,2026-09-21,ashby_board_tokens_1662.csv,https://github.com/vedangvatsa/PDFtoWebsite/blob/main/.github/scripts/jobs-sync.mjs,Imported from the user-provided board-token registry.
board,ashby,go-augment,go-augment,slug,https://jobs.ashbyhq.com/go-augment,https://api.ashbyhq.com/posting-api/job-board/go-augment,https://api.ashbyhq.com/posting-api/job-board/go-augment?includeCompensation=true,GET,listed_in_PDFtoWebsite_alt_ashby_source,2026-09-21,ashby_board_tokens_1662.csv,https://github.com/vedangvatsa/PDFtoWebsite/blob/main/run-cj.mjs,Imported from the user-provided board-token registry.
board,ashby,go-nimbly,go-nimbly,slug,https://jobs.ashbyhq.com/go-nimbly,https://api.ashbyhq.com/posting-api/job-board/go-nimbly,https://api.ashbyhq.com/posting-api/job-board/go-nimbly?includeCompensation=true,GET,listed_in_PDFtoWebsite_ashby_source,2026-09-21,ashby_board_tokens_1662.csv,https://github.com/vedangvatsa/PDFtoWebsite/blob/main/.github/scripts/jobs-sync.mjs,Imported from the user-provided board-token registry.
board,ashby,goanagram,goanagram,slug,https://jobs.ashbyhq.com/goanagram,https://api.ashbyhq.com/posting-api/job-board/goanagram,https://api.ashbyhq.com/posting-api/job-board/goanagram?includeCompensation=true,GET,listed_in_PDFtoWebsite_ashby_source,2026-09-21,ashby_board_tokens_1662.csv,https://github.com/vedangvatsa/PDFtoWebsite/blob/main/.github/scripts/jobs-sync.mjs,Imported from the user-provided board-token registry.
board,ashby,going,going,slug,https://jobs.ashbyhq.com/going,https://api.ashbyhq.com/posting-api/job-board/going,https://api.ashbyhq.com/posting-api/job-board/going?includeCompensation=true,GET,listed_in_PDFtoWebsite_ashby_source,2026-09-21,ashby_board_tokens_1662.csv,https://github.com/vedangvatsa/PDFtoWebsite/blob/main/.github/scripts/jobs-sync.mjs,Imported from the user-provided board-token registry.
board,ashby,goldsky,goldsky,slug,https://jobs.ashbyhq.com/goldsky,https://api.ashbyhq.com/posting-api/job-board/goldsky,https://api.ashbyhq.com/posting-api/job-board/goldsky?includeCompensation=true,GET,listed_in_PDFtoWebsite_ashby_source,2026-09-21,ashby_board_tokens_1662.csv,https://github.com/vedangvatsa/PDFtoWebsite/blob/main/.github/scripts/jobs-sync.mjs,Imported from the user-provided board-token registry.
board,ashby,golinks,golinks,slug,https://jobs.ashbyhq.com/golinks,https://api.ashbyhq.com/posting-api/job-board/golinks,https://api.ashbyhq.com/posting-api/job-board/golinks?includeCompensation=true,GET,listed_in_PDFtoWebsite_ashby_source,2026-09-21,ashby_board_tokens_1662.csv,https://github.com/vedangvatsa/PDFtoWebsite/blob/main/.github/scripts/jobs-sync.mjs,Imported from the user-provided board-token registry.
board,ashby,gong,gong,slug,https://jobs.ashbyhq.com/gong,https://api.ashbyhq.com/posting-api/job-board/gong,https://api.ashbyhq.com/posting-api/job-board/gong?includeCompensation=true,GET,listed_in_PDFtoWebsite_alt_ashby_source,2026-09-21,ashby_board_tokens_1662.csv,https://github.com/vedangvatsa/PDFtoWebsite/blob/main/run-cj.mjs,Imported from the user-provided board-token registry.
board,ashby,goodship,goodship,slug,https://jobs.ashbyhq.com/goodship,https://api.ashbyhq.com/posting-api/job-board/goodship,https://api.ashbyhq.com/posting-api/job-board/goodship?includeCompensation=true,GET,listed_in_PDFtoWebsite_ashby_source,2026-09-21,ashby_board_tokens_1662.csv,https://github.com/vedangvatsa/PDFtoWebsite/blob/main/.github/scripts/jobs-sync.mjs,Imported from the user-provided board-token registry.
board,ashby,goodstack,goodstack,slug,https://jobs.ashbyhq.com/goodstack,https://api.ashbyhq.com/posting-api/job-board/goodstack,https://api.ashbyhq.com/posting-api/job-board/goodstack?includeCompensation=true,GET,listed_in_PDFtoWebsite_ashby_source,2026-09-21,ashby_board_tokens_1662.csv,https://github.com/vedangvatsa/PDFtoWebsite/blob/main/.github/scripts/jobs-sync.mjs,Imported from the user-provided board-token registry.
board,ashby,goody,goody,slug,https://jobs.ashbyhq.com/goody,https://api.ashbyhq.com/posting-api/job-board/goody,https://api.ashbyhq.com/posting-api/job-board/goody?includeCompensation=true,GET,listed_in_PDFtoWebsite_ashby_source,2026-09-21,ashby_board_tokens_1662.csv,https://github.com/vedangvatsa/PDFtoWebsite/blob/main/.github/scripts/jobs-sync.mjs,Imported from the user-provided board-token registry.
board,ashby,gorgias,gorgias,slug,https://jobs.ashbyhq.com/gorgias,https://api.ashbyhq.com/posting-api/job-board/gorgias,https://api.ashbyhq.com/posting-api/job-board/gorgias?includeCompensation=true,GET,listed_in_PDFtoWebsite_ashby_source,2026-09-21,ashby_board_tokens_1662.csv,https://github.com/vedangvatsa/PDFtoWebsite/blob/main/.github/scripts/jobs-sync.mjs,Imported from the user-provided board-token registry.
board,ashby,gotphoto,gotphoto,slug,https://jobs.ashbyhq.com/gotphoto,https://api.ashbyhq.com/posting-api/job-board/gotphoto,https://api.ashbyhq.com/posting-api/job-board/gotphoto?includeCompensation=true,GET,listed_in_PDFtoWebsite_ashby_source,2026-09-21,ashby_board_tokens_1662.csv,https://github.com/vedangvatsa/PDFtoWebsite/blob/main/.github/scripts/jobs-sync.mjs,Imported from the user-provided board-token registry.
board,ashby,govdash,govdash,slug,https://jobs.ashbyhq.com/govdash,https://api.ashbyhq.com/posting-api/job-board/govdash,https://api.ashbyhq.com/posting-api/job-board/govdash?includeCompensation=true,GET,listed_in_PDFtoWebsite_ashby_source,2026-09-21,ashby_board_tokens_1662.csv,https://github.com/vedangvatsa/PDFtoWebsite/blob/main/.github/scripts/jobs-sync.mjs,Imported from the user-provided board-token registry.
board,ashby,goveagle,goveagle,slug,https://jobs.ashbyhq.com/goveagle,https://api.ashbyhq.com/posting-api/job-board/goveagle,https://api.ashbyhq.com/posting-api/job-board/goveagle?includeCompensation=true,GET,listed_in_PDFtoWebsite_ashby_source,2026-09-21,ashby_board_tokens_1662.csv,https://github.com/vedangvatsa/PDFtoWebsite/blob/main/.github/scripts/jobs-sync.mjs,Imported from the user-provided board-token registry.
board,ashby,govsignals,govsignals,slug,https://jobs.ashbyhq.com/govsignals,https://api.ashbyhq.com/posting-api/job-board/govsignals,https://api.ashbyhq.com/posting-api/job-board/govsignals?includeCompensation=true,GET,listed_in_PDFtoWebsite_ashby_source,2026-09-21,ashby_board_tokens_1662.csv,https://github.com/vedangvatsa/PDFtoWebsite/blob/main/.github/scripts/jobs-sync.mjs,Imported from the user-provided board-token registry.
board,ashby,govwell,govwell,slug,https://jobs.ashbyhq.com/govwell,https://api.ashbyhq.com/posting-api/job-board/govwell,https://api.ashbyhq.com/posting-api/job-board/govwell?includeCompensation=true,GET,listed_in_PDFtoWebsite_ashby_source,2026-09-21,ashby_board_tokens_1662.csv,https://github.com/vedangvatsa/PDFtoWebsite/blob/main/.github/scripts/jobs-sync.mjs,Imported from the user-provided board-token registry.
board,ashby,gptzero,gptzero,slug,https://jobs.ashbyhq.com/gptzero,https://api.ashbyhq.com/posting-api/job-board/gptzero,https://api.ashbyhq.com/posting-api/job-board/gptzero?includeCompensation=true,GET,listed_in_PDFtoWebsite_ashby_source,2026-09-21,ashby_board_tokens_1662.csv,https://github.com/vedangvatsa/PDFtoWebsite/blob/main/.github/scripts/jobs-sync.mjs,Imported from the user-provided board-token registry.
board,ashby,granica,granica,slug,https://jobs.ashbyhq.com/granica,https://api.ashbyhq.com/posting-api/job-board/granica,https://api.ashbyhq.com/posting-api/job-board/granica?includeCompensation=true,GET,listed_in_PDFtoWebsite_ashby_source,2026-09-21,ashby_board_tokens_1662.csv,https://github.com/vedangvatsa/PDFtoWebsite/blob/main/.github/scripts/jobs-sync.mjs,Imported from the user-provided board-token registry.
board,ashby,granola,granola,slug,https://jobs.ashbyhq.com/granola,https://api.ashbyhq.com/posting-api/job-board/granola,https://api.ashbyhq.com/posting-api/job-board/granola?includeCompensation=true,GET,listed_in_PDFtoWebsite_ashby_source,2026-09-21,ashby_board_tokens_1662.csv,https://github.com/vedangvatsa/PDFtoWebsite/blob/main/.github/scripts/jobs-sync.mjs,Imported from the user-provided board-token registry.
board,ashby,granted,granted,slug,https://jobs.ashbyhq.com/granted,https://api.ashbyhq.com/posting-api/job-board/granted,https://api.ashbyhq.com/posting-api/job-board/granted?includeCompensation=true,GET,listed_in_PDFtoWebsite_ashby_source,2026-09-21,ashby_board_tokens_1662.csv,https://github.com/vedangvatsa/PDFtoWebsite/blob/main/.github/scripts/jobs-sync.mjs,Imported from the user-provided board-token registry.
board,ashby,graphite,graphite,slug,https://jobs.ashbyhq.com/graphite,https://api.ashbyhq.com/posting-api/job-board/graphite,https://api.ashbyhq.com/posting-api/job-board/graphite?includeCompensation=true,GET,listed_in_PDFtoWebsite_ashby_source,2026-09-21,ashby_board_tokens_1662.csv,https://github.com/vedangvatsa/PDFtoWebsite/blob/main/.github/scripts/jobs-sync.mjs,Imported from the user-provided board-token registry.
board,ashby,graphitehq,graphitehq,slug,https://jobs.ashbyhq.com/graphitehq,https://api.ashbyhq.com/posting-api/job-board/graphitehq,https://api.ashbyhq.com/posting-api/job-board/graphitehq?includeCompensation=true,GET,listed_in_PDFtoWebsite_ashby_source,2026-09-21,ashby_board_tokens_1662.csv,https://github.com/vedangvatsa/PDFtoWebsite/blob/main/.github/scripts/jobs-sync.mjs,Imported from the user-provided board-token registry.
board,ashby,gravityclimate,gravityclimate,slug,https://jobs.ashbyhq.com/gravityclimate,https://api.ashbyhq.com/posting-api/job-board/gravityclimate,https://api.ashbyhq.com/posting-api/job-board/gravityclimate?includeCompensation=true,GET,listed_in_PDFtoWebsite_ashby_source,2026-09-21,ashby_board_tokens_1662.csv,https://github.com/vedangvatsa/PDFtoWebsite/blob/main/.github/scripts/jobs-sync.mjs,Imported from the user-provided board-token registry.
board,ashby,graymatter-robotics,graymatter-robotics,slug,https://jobs.ashbyhq.com/graymatter-robotics,https://api.ashbyhq.com/posting-api/job-board/graymatter-robotics,https://api.ashbyhq.com/posting-api/job-board/graymatter-robotics?includeCompensation=true,GET,listed_in_PDFtoWebsite_ashby_source,2026-09-21,ashby_board_tokens_1662.csv,https://github.com/vedangvatsa/PDFtoWebsite/blob/main/.github/scripts/jobs-sync.mjs,Imported from the user-provided board-token registry.
board,ashby,greatquestion,greatquestion,slug,https://jobs.ashbyhq.com/greatquestion,https://api.ashbyhq.com/posting-api/job-board/greatquestion,https://api.ashbyhq.com/posting-api/job-board/greatquestion?includeCompensation=true,GET,listed_in_PDFtoWebsite_ashby_source,2026-09-21,ashby_board_tokens_1662.csv,https://github.com/vedangvatsa/PDFtoWebsite/blob/main/.github/scripts/jobs-sync.mjs,Imported from the user-provided board-token registry.
board,ashby,green-tree-school-and-services,green-tree-school-and-services,slug,https://jobs.ashbyhq.com/green-tree-school-and-services,https://api.ashbyhq.com/posting-api/job-board/green-tree-school-and-services,https://api.ashbyhq.com/posting-api/job-board/green-tree-school-and-services?includeCompensation=true,GET,listed_in_PDFtoWebsite_ashby_source,2026-09-21,ashby_board_tokens_1662.csv,https://github.com/vedangvatsa/PDFtoWebsite/blob/main/.github/scripts/jobs-sync.mjs,Imported from the user-provided board-token registry.
board,ashby,greenlitecareers,greenlitecareers,slug,https://jobs.ashbyhq.com/greenlitecareers,https://api.ashbyhq.com/posting-api/job-board/greenlitecareers,https://api.ashbyhq.com/posting-api/job-board/greenlitecareers?includeCompensation=true,GET,listed_in_PDFtoWebsite_ashby_source,2026-09-21,ashby_board_tokens_1662.csv,https://github.com/vedangvatsa/PDFtoWebsite/blob/main/.github/scripts/jobs-sync.mjs,Imported from the user-provided board-token registry.
board,ashby,gridcare,gridcare,slug,https://jobs.ashbyhq.com/gridcare,https://api.ashbyhq.com/posting-api/job-board/gridcare,https://api.ashbyhq.com/posting-api/job-board/gridcare?includeCompensation=true,GET,listed_in_PDFtoWebsite_ashby_source,2026-09-21,ashby_board_tokens_1662.csv,https://github.com/vedangvatsa/PDFtoWebsite/blob/main/.github/scripts/jobs-sync.mjs,Imported from the user-provided board-token registry.
board,ashby,gridunity,gridunity,slug,https://jobs.ashbyhq.com/gridunity,https://api.ashbyhq.com/posting-api/job-board/gridunity,https://api.ashbyhq.com/posting-api/job-board/gridunity?includeCompensation=true,GET,listed_in_PDFtoWebsite_ashby_source,2026-09-21,ashby_board_tokens_1662.csv,https://github.com/vedangvatsa/PDFtoWebsite/blob/main/.github/scripts/jobs-sync.mjs,Imported from the user-provided board-token registry.
board,ashby,gruntwork,gruntwork,slug,https://jobs.ashbyhq.com/gruntwork,https://api.ashbyhq.com/posting-api/job-board/gruntwork,https://api.ashbyhq.com/posting-api/job-board/gruntwork?includeCompensation=true,GET,listed_in_PDFtoWebsite_ashby_source,2026-09-21,ashby_board_tokens_1662.csv,https://github.com/vedangvatsa/PDFtoWebsite/blob/main/.github/scripts/jobs-sync.mjs,Imported from the user-provided board-token registry.
board,ashby,grvt,grvt,slug,https://jobs.ashbyhq.com/grvt,https://api.ashbyhq.com/posting-api/job-board/grvt,https://api.ashbyhq.com/posting-api/job-board/grvt?includeCompensation=true,GET,listed_in_PDFtoWebsite_ashby_source,2026-09-21,ashby_board_tokens_1662.csv,https://github.com/vedangvatsa/PDFtoWebsite/blob/main/.github/scripts/jobs-sync.mjs,Imported from the user-provided board-token registry.
board,ashby,gt-bio,gt-bio,slug,https://jobs.ashbyhq.com/gt-bio,https://api.ashbyhq.com/posting-api/job-board/gt-bio,https://api.ashbyhq.com/posting-api/job-board/gt-bio?includeCompensation=true,GET,listed_in_PDFtoWebsite_ashby_source,2026-09-21,ashby_board_tokens_1662.csv,https://github.com/vedangvatsa/PDFtoWebsite/blob/main/.github/scripts/jobs-sync.mjs,Imported from the user-provided board-token registry.
board,ashby,haast,haast,slug,https://jobs.ashbyhq.com/haast,https://api.ashbyhq.com/posting-api/job-board/haast,https://api.ashbyhq.com/posting-api/job-board/haast?includeCompensation=true,GET,listed_in_PDFtoWebsite_ashby_source,2026-09-21,ashby_board_tokens_1662.csv,https://github.com/vedangvatsa/PDFtoWebsite/blob/main/.github/scripts/jobs-sync.mjs,Imported from the user-provided board-token registry.
board,ashby,hackerone,hackerone,slug,https://jobs.ashbyhq.com/hackerone,https://api.ashbyhq.com/posting-api/job-board/hackerone,https://api.ashbyhq.com/posting-api/job-board/hackerone?includeCompensation=true,GET,listed_in_PDFtoWebsite_ashby_source,2026-09-21,ashby_board_tokens_1662.csv,https://github.com/vedangvatsa/PDFtoWebsite/blob/main/.github/scripts/jobs-sync.mjs,Imported from the user-provided board-token registry.
board,ashby,hadrian-automation,hadrian-automation,slug,https://jobs.ashbyhq.com/hadrian-automation,https://api.ashbyhq.com/posting-api/job-board/hadrian-automation,https://api.ashbyhq.com/posting-api/job-board/hadrian-automation?includeCompensation=true,GET,listed_in_PDFtoWebsite_ashby_source,2026-09-21,ashby_board_tokens_1662.csv,https://github.com/vedangvatsa/PDFtoWebsite/blob/main/.github/scripts/jobs-sync.mjs,Imported from the user-provided board-token registry.
board,ashby,halliday,halliday,slug,https://jobs.ashbyhq.com/halliday,https://api.ashbyhq.com/posting-api/job-board/halliday,https://api.ashbyhq.com/posting-api/job-board/halliday?includeCompensation=true,GET,listed_in_PDFtoWebsite_ashby_source,2026-09-21,ashby_board_tokens_1662.csv,https://github.com/vedangvatsa/PDFtoWebsite/blob/main/.github/scripts/jobs-sync.mjs,Imported from the user-provided board-token registry.
board,ashby,halter,halter,slug,https://jobs.ashbyhq.com/halter,https://api.ashbyhq.com/posting-api/job-board/halter,https://api.ashbyhq.com/posting-api/job-board/halter?includeCompensation=true,GET,listed_in_PDFtoWebsite_ashby_source,2026-09-21,ashby_board_tokens_1662.csv,https://github.com/vedangvatsa/PDFtoWebsite/blob/main/.github/scripts/jobs-sync.mjs,Imported from the user-provided board-token registry.
board,ashby,handshake,handshake,slug,https://jobs.ashbyhq.com/handshake,https://api.ashbyhq.com/posting-api/job-board/handshake,https://api.ashbyhq.com/posting-api/job-board/handshake?includeCompensation=true,GET,listed_in_PDFtoWebsite_ashby_source,2026-09-21,ashby_board_tokens_1662.csv,https://github.com/vedangvatsa/PDFtoWebsite/blob/main/.github/scripts/jobs-sync.mjs,Imported from the user-provided board-token registry.
board,ashby,handspring,handspring,slug,https://jobs.ashbyhq.com/handspring,https://api.ashbyhq.com/posting-api/job-board/handspring,https://api.ashbyhq.com/posting-api/job-board/handspring?includeCompensation=true,GET,listed_in_PDFtoWebsite_ashby_source,2026-09-21,ashby_board_tokens_1662.csv,https://github.com/vedangvatsa/PDFtoWebsite/blob/main/.github/scripts/jobs-sync.mjs,Imported from the user-provided board-token registry.
board,ashby,hang,hang,slug,https://jobs.ashbyhq.com/hang,https://api.ashbyhq.com/posting-api/job-board/hang,https://api.ashbyhq.com/posting-api/job-board/hang?includeCompensation=true,GET,listed_in_PDFtoWebsite_ashby_source,2026-09-21,ashby_board_tokens_1662.csv,https://github.com/vedangvatsa/PDFtoWebsite/blob/main/.github/scripts/jobs-sync.mjs,Imported from the user-provided board-token registry.
board,ashby,hanover-park,hanover-park,slug,https://jobs.ashbyhq.com/hanover-park,https://api.ashbyhq.com/posting-api/job-board/hanover-park,https://api.ashbyhq.com/posting-api/job-board/hanover-park?includeCompensation=true,GET,listed_in_PDFtoWebsite_ashby_source,2026-09-21,ashby_board_tokens_1662.csv,https://github.com/vedangvatsa/PDFtoWebsite/blob/main/.github/scripts/jobs-sync.mjs,Imported from the user-provided board-token registry.
board,ashby,happyrobot.ai,happyrobot.ai,slug,https://jobs.ashbyhq.com/happyrobot.ai,https://api.ashbyhq.com/posting-api/job-board/happyrobot.ai,https://api.ashbyhq.com/posting-api/job-board/happyrobot.ai?includeCompensation=true,GET,listed_in_PDFtoWebsite_ashby_source,2026-09-21,ashby_board_tokens_1662.csv,https://github.com/vedangvatsa/PDFtoWebsite/blob/main/.github/scripts/jobs-sync.mjs,Imported from the user-provided board-token registry.
board,ashby,harmonic,harmonic,slug,https://jobs.ashbyhq.com/harmonic,https://api.ashbyhq.com/posting-api/job-board/harmonic,https://api.ashbyhq.com/posting-api/job-board/harmonic?includeCompensation=true,GET,listed_in_PDFtoWebsite_ashby_source,2026-09-21,ashby_board_tokens_1662.csv,https://github.com/vedangvatsa/PDFtoWebsite/blob/main/.github/scripts/jobs-sync.mjs,Imported from the user-provided board-token registry.
board,ashby,harvey,harvey,slug,https://jobs.ashbyhq.com/harvey,https://api.ashbyhq.com/posting-api/job-board/harvey,https://api.ashbyhq.com/posting-api/job-board/harvey?includeCompensation=true,GET,listed_in_PDFtoWebsite_ashby_source,2026-09-21,ashby_board_tokens_1662.csv,https://github.com/vedangvatsa/PDFtoWebsite/blob/main/.github/scripts/jobs-sync.mjs,Imported from the user-provided board-token registry.
board,ashby,hasura,hasura,slug,https://jobs.ashbyhq.com/hasura,https://api.ashbyhq.com/posting-api/job-board/hasura,https://api.ashbyhq.com/posting-api/job-board/hasura?includeCompensation=true,GET,listed_in_PDFtoWebsite_alt_ashby_source,2026-09-21,ashby_board_tokens_1662.csv,https://github.com/vedangvatsa/PDFtoWebsite/blob/main/run-cj.mjs,Imported from the user-provided board-token registry.
board,ashby,hatch,hatch,slug,https://jobs.ashbyhq.com/hatch,https://api.ashbyhq.com/posting-api/job-board/hatch,https://api.ashbyhq.com/posting-api/job-board/hatch?includeCompensation=true,GET,listed_in_PDFtoWebsite_ashby_source,2026-09-21,ashby_board_tokens_1662.csv,https://github.com/vedangvatsa/PDFtoWebsite/blob/main/.github/scripts/jobs-sync.mjs,Imported from the user-provided board-token registry.
board,ashby,haus,haus,slug,https://jobs.ashbyhq.com/haus,https://api.ashbyhq.com/posting-api/job-board/haus,https://api.ashbyhq.com/posting-api/job-board/haus?includeCompensation=true,GET,listed_in_PDFtoWebsite_ashby_source,2026-09-21,ashby_board_tokens_1662.csv,https://github.com/vedangvatsa/PDFtoWebsite/blob/main/.github/scripts/jobs-sync.mjs,Imported from the user-provided board-token registry.
board,ashby,hawk,hawk,slug,https://jobs.ashbyhq.com/hawk,https://api.ashbyhq.com/posting-api/job-board/hawk,https://api.ashbyhq.com/posting-api/job-board/hawk?includeCompensation=true,GET,listed_in_PDFtoWebsite_ashby_source,2026-09-21,ashby_board_tokens_1662.csv,https://github.com/vedangvatsa/PDFtoWebsite/blob/main/.github/scripts/jobs-sync.mjs,Imported from the user-provided board-token registry.
board,ashby,hawkeyeinnovations,hawkeyeinnovations,slug,https://jobs.ashbyhq.com/hawkeyeinnovations,https://api.ashbyhq.com/posting-api/job-board/hawkeyeinnovations,https://api.ashbyhq.com/posting-api/job-board/hawkeyeinnovations?includeCompensation=true,GET,listed_in_PDFtoWebsite_ashby_source,2026-09-21,ashby_board_tokens_1662.csv,https://github.com/vedangvatsa/PDFtoWebsite/blob/main/.github/scripts/jobs-sync.mjs,Imported from the user-provided board-token registry.
board,ashby,haydenai,haydenai,slug,https://jobs.ashbyhq.com/haydenai,https://api.ashbyhq.com/posting-api/job-board/haydenai,https://api.ashbyhq.com/posting-api/job-board/haydenai?includeCompensation=true,GET,listed_in_PDFtoWebsite_ashby_source,2026-09-21,ashby_board_tokens_1662.csv,https://github.com/vedangvatsa/PDFtoWebsite/blob/main/.github/scripts/jobs-sync.mjs,Imported from the user-provided board-token registry.
board,ashby,haystacknews,haystacknews,slug,https://jobs.ashbyhq.com/haystacknews,https://api.ashbyhq.com/posting-api/job-board/haystacknews,https://api.ashbyhq.com/posting-api/job-board/haystacknews?includeCompensation=true,GET,listed_in_PDFtoWebsite_ashby_source,2026-09-21,ashby_board_tokens_1662.csv,https://github.com/vedangvatsa/PDFtoWebsite/blob/main/.github/scripts/jobs-sync.mjs,Imported from the user-provided board-token registry.
board,ashby,hcompany,hcompany,slug,https://jobs.ashbyhq.com/hcompany,https://api.ashbyhq.com/posting-api/job-board/hcompany,https://api.ashbyhq.com/posting-api/job-board/hcompany?includeCompensation=true,GET,listed_in_PDFtoWebsite_ashby_source,2026-09-21,ashby_board_tokens_1662.csv,https://github.com/vedangvatsa/PDFtoWebsite/blob/main/.github/scripts/jobs-sync.mjs,Imported from the user-provided board-token registry.
board,ashby,headway,headway,slug,https://jobs.ashbyhq.com/headway,https://api.ashbyhq.com/posting-api/job-board/headway,https://api.ashbyhq.com/posting-api/job-board/headway?includeCompensation=true,GET,reported_in_mherzog_recent_ashby_discovery,2026-09-21,ashby_board_tokens_1662.csv,https://github.com/mherzog4/job-boards,Imported from the user-provided board-token registry.
board,ashby,healthaxis,healthaxis,slug,https://jobs.ashbyhq.com/healthaxis,https://api.ashbyhq.com/posting-api/job-board/healthaxis,https://api.ashbyhq.com/posting-api/job-board/healthaxis?includeCompensation=true,GET,listed_in_PDFtoWebsite_ashby_source,2026-09-21,ashby_board_tokens_1662.csv,https://github.com/vedangvatsa/PDFtoWebsite/blob/main/.github/scripts/jobs-sync.mjs,Imported from the user-provided board-token registry.
board,ashby,healthprogresshub,healthprogresshub,slug,https://jobs.ashbyhq.com/healthprogresshub,https://api.ashbyhq.com/posting-api/job-board/healthprogresshub,https://api.ashbyhq.com/posting-api/job-board/healthprogresshub?includeCompensation=true,GET,listed_in_PDFtoWebsite_ashby_source,2026-09-21,ashby_board_tokens_1662.csv,https://github.com/vedangvatsa/PDFtoWebsite/blob/main/.github/scripts/jobs-sync.mjs,Imported from the user-provided board-token registry.
board,ashby,healthsherpa,healthsherpa,slug,https://jobs.ashbyhq.com/healthsherpa,https://api.ashbyhq.com/posting-api/job-board/healthsherpa,https://api.ashbyhq.com/posting-api/job-board/healthsherpa?includeCompensation=true,GET,listed_in_PDFtoWebsite_ashby_source,2026-09-21,ashby_board_tokens_1662.csv,https://github.com/vedangvatsa/PDFtoWebsite/blob/main/.github/scripts/jobs-sync.mjs,Imported from the user-provided board-token registry.
board,ashby,hebbia-ai,hebbia-ai,slug,https://jobs.ashbyhq.com/hebbia-ai,https://api.ashbyhq.com/posting-api/job-board/hebbia-ai,https://api.ashbyhq.com/posting-api/job-board/hebbia-ai?includeCompensation=true,GET,listed_in_PDFtoWebsite_ashby_source,2026-09-21,ashby_board_tokens_1662.csv,https://github.com/vedangvatsa/PDFtoWebsite/blob/main/.github/scripts/jobs-sync.mjs,Imported from the user-provided board-token registry.
board,ashby,hedra,hedra,slug,https://jobs.ashbyhq.com/hedra,https://api.ashbyhq.com/posting-api/job-board/hedra,https://api.ashbyhq.com/posting-api/job-board/hedra?includeCompensation=true,GET,listed_in_PDFtoWebsite_ashby_source,2026-09-21,ashby_board_tokens_1662.csv,https://github.com/vedangvatsa/PDFtoWebsite/blob/main/.github/scripts/jobs-sync.mjs,Imported from the user-provided board-token registry.
board,ashby,heidihealth.com.au,heidihealth.com.au,slug,https://jobs.ashbyhq.com/heidihealth.com.au,https://api.ashbyhq.com/posting-api/job-board/heidihealth.com.au,https://api.ashbyhq.com/posting-api/job-board/heidihealth.com.au?includeCompensation=true,GET,listed_in_PDFtoWebsite_ashby_source,2026-09-21,ashby_board_tokens_1662.csv,https://github.com/vedangvatsa/PDFtoWebsite/blob/main/.github/scripts/jobs-sync.mjs,Imported from the user-provided board-token registry.
board,ashby,height,height,slug,https://jobs.ashbyhq.com/height,https://api.ashbyhq.com/posting-api/job-board/height,https://api.ashbyhq.com/posting-api/job-board/height?includeCompensation=true,GET,listed_in_PDFtoWebsite_alt_ashby_source,2026-09-21,ashby_board_tokens_1662.csv,https://github.com/vedangvatsa/PDFtoWebsite/blob/main/run-cj.mjs,Imported from the user-provided board-token registry.
board,ashby,heirloomcarbon,heirloomcarbon,slug,https://jobs.ashbyhq.com/heirloomcarbon,https://api.ashbyhq.com/posting-api/job-board/heirloomcarbon,https://api.ashbyhq.com/posting-api/job-board/heirloomcarbon?includeCompensation=true,GET,listed_in_PDFtoWebsite_ashby_source,2026-09-21,ashby_board_tokens_1662.csv,https://github.com/vedangvatsa/PDFtoWebsite/blob/main/.github/scripts/jobs-sync.mjs,Imported from the user-provided board-token registry.
board,ashby,helion,helion,slug,https://jobs.ashbyhq.com/helion,https://api.ashbyhq.com/posting-api/job-board/helion,https://api.ashbyhq.com/posting-api/job-board/helion?includeCompensation=true,GET,listed_in_PDFtoWebsite_ashby_source,2026-09-21,ashby_board_tokens_1662.csv,https://github.com/vedangvatsa/PDFtoWebsite/blob/main/.github/scripts/jobs-sync.mjs,Imported from the user-provided board-token registry.
board,ashby,helius,helius,slug,https://jobs.ashbyhq.com/helius,https://api.ashbyhq.com/posting-api/job-board/helius,https://api.ashbyhq.com/posting-api/job-board/helius?includeCompensation=true,GET,listed_in_PDFtoWebsite_ashby_source,2026-09-21,ashby_board_tokens_1662.csv,https://github.com/vedangvatsa/PDFtoWebsite/blob/main/.github/scripts/jobs-sync.mjs,Imported from the user-provided board-token registry.
board,ashby,hellobrightline,hellobrightline,slug,https://jobs.ashbyhq.com/hellobrightline,https://api.ashbyhq.com/posting-api/job-board/hellobrightline,https://api.ashbyhq.com/posting-api/job-board/hellobrightline?includeCompensation=true,GET,listed_in_PDFtoWebsite_ashby_source,2026-09-21,ashby_board_tokens_1662.csv,https://github.com/vedangvatsa/PDFtoWebsite/blob/main/.github/scripts/jobs-sync.mjs,Imported from the user-provided board-token registry.
board,ashby,hellohera,hellohera,slug,https://jobs.ashbyhq.com/hellohera,https://api.ashbyhq.com/posting-api/job-board/hellohera,https://api.ashbyhq.com/posting-api/job-board/hellohera?includeCompensation=true,GET,listed_in_PDFtoWebsite_ashby_source,2026-09-21,ashby_board_tokens_1662.csv,https://github.com/vedangvatsa/PDFtoWebsite/blob/main/.github/scripts/jobs-sync.mjs,Imported from the user-provided board-token registry.
board,ashby,hellopatient,hellopatient,slug,https://jobs.ashbyhq.com/hellopatient,https://api.ashbyhq.com/posting-api/job-board/hellopatient,https://api.ashbyhq.com/posting-api/job-board/hellopatient?includeCompensation=true,GET,listed_in_PDFtoWebsite_ashby_source,2026-09-21,ashby_board_tokens_1662.csv,https://github.com/vedangvatsa/PDFtoWebsite/blob/main/.github/scripts/jobs-sync.mjs,Imported from the user-provided board-token registry.
board,ashby,helm-ai,helm-ai,slug,https://jobs.ashbyhq.com/helm-ai,https://api.ashbyhq.com/posting-api/job-board/helm-ai,https://api.ashbyhq.com/posting-api/job-board/helm-ai?includeCompensation=true,GET,listed_in_PDFtoWebsite_ashby_source,2026-09-21,ashby_board_tokens_1662.csv,https://github.com/vedangvatsa/PDFtoWebsite/blob/main/.github/scripts/jobs-sync.mjs,Imported from the user-provided board-token registry.
board,ashby,helpscout,helpscout,slug,https://jobs.ashbyhq.com/helpscout,https://api.ashbyhq.com/posting-api/job-board/helpscout,https://api.ashbyhq.com/posting-api/job-board/helpscout?includeCompensation=true,GET,listed_in_PDFtoWebsite_ashby_source,2026-09-21,ashby_board_tokens_1662.csv,https://github.com/vedangvatsa/PDFtoWebsite/blob/main/.github/scripts/jobs-sync.mjs,Imported from the user-provided board-token registry.
board,ashby,heron-power,heron-power,slug,https://jobs.ashbyhq.com/heron-power,https://api.ashbyhq.com/posting-api/job-board/heron-power,https://api.ashbyhq.com/posting-api/job-board/heron-power?includeCompensation=true,GET,listed_in_PDFtoWebsite_ashby_source,2026-09-21,ashby_board_tokens_1662.csv,https://github.com/vedangvatsa/PDFtoWebsite/blob/main/.github/scripts/jobs-sync.mjs,Imported from the user-provided board-token registry.
board,ashby,hex,hex,slug,https://jobs.ashbyhq.com/hex,https://api.ashbyhq.com/posting-api/job-board/hex,https://api.ashbyhq.com/posting-api/job-board/hex?includeCompensation=true,GET,listed_in_mherzog_ashby_seed,2026-09-21,ashby_board_tokens_1662.csv,https://github.com/mherzog4/job-boards/blob/main/boards.seed.json,Imported from the user-provided board-token registry.
board,ashby,heyjobs,heyjobs,slug,https://jobs.ashbyhq.com/heyjobs,https://api.ashbyhq.com/posting-api/job-board/heyjobs,https://api.ashbyhq.com/posting-api/job-board/heyjobs?includeCompensation=true,GET,listed_in_PDFtoWebsite_ashby_source,2026-09-21,ashby_board_tokens_1662.csv,https://github.com/vedangvatsa/PDFtoWebsite/blob/main/.github/scripts/jobs-sync.mjs,Imported from the user-provided board-token registry.
board,ashby,higharc,higharc,slug,https://jobs.ashbyhq.com/higharc,https://api.ashbyhq.com/posting-api/job-board/higharc,https://api.ashbyhq.com/posting-api/job-board/higharc?includeCompensation=true,GET,listed_in_PDFtoWebsite_ashby_source,2026-09-21,ashby_board_tokens_1662.csv,https://github.com/vedangvatsa/PDFtoWebsite/blob/main/.github/scripts/jobs-sync.mjs,Imported from the user-provided board-token registry.
board,ashby,highbeam,highbeam,slug,https://jobs.ashbyhq.com/highbeam,https://api.ashbyhq.com/posting-api/job-board/highbeam,https://api.ashbyhq.com/posting-api/job-board/highbeam?includeCompensation=true,GET,listed_in_PDFtoWebsite_ashby_source,2026-09-21,ashby_board_tokens_1662.csv,https://github.com/vedangvatsa/PDFtoWebsite/blob/main/.github/scripts/jobs-sync.mjs,Imported from the user-provided board-token registry.
board,ashby,highlightai,highlightai,slug,https://jobs.ashbyhq.com/highlightai,https://api.ashbyhq.com/posting-api/job-board/highlightai,https://api.ashbyhq.com/posting-api/job-board/highlightai?includeCompensation=true,GET,listed_in_PDFtoWebsite_ashby_source,2026-09-21,ashby_board_tokens_1662.csv,https://github.com/vedangvatsa/PDFtoWebsite/blob/main/.github/scripts/jobs-sync.mjs,Imported from the user-provided board-token registry.
board,ashby,hightouch,hightouch,slug,https://jobs.ashbyhq.com/hightouch,https://api.ashbyhq.com/posting-api/job-board/hightouch,https://api.ashbyhq.com/posting-api/job-board/hightouch?includeCompensation=true,GET,listed_in_PDFtoWebsite_ashby_source,2026-09-21,ashby_board_tokens_1662.csv,https://github.com/vedangvatsa/PDFtoWebsite/blob/main/.github/scripts/jobs-sync.mjs,Imported from the user-provided board-token registry.
board,ashby,hiive,hiive,slug,https://jobs.ashbyhq.com/hiive,https://api.ashbyhq.com/posting-api/job-board/hiive,https://api.ashbyhq.com/posting-api/job-board/hiive?includeCompensation=true,GET,listed_in_PDFtoWebsite_ashby_source,2026-09-21,ashby_board_tokens_1662.csv,https://github.com/vedangvatsa/PDFtoWebsite/blob/main/.github/scripts/jobs-sync.mjs,Imported from the user-provided board-token registry.
board,ashby,hims-and-hers,hims-and-hers,slug,https://jobs.ashbyhq.com/hims-and-hers,https://api.ashbyhq.com/posting-api/job-board/hims-and-hers,https://api.ashbyhq.com/posting-api/job-board/hims-and-hers?includeCompensation=true,GET,listed_in_PDFtoWebsite_ashby_source,2026-09-21,ashby_board_tokens_1662.csv,https://github.com/vedangvatsa/PDFtoWebsite/blob/main/.github/scripts/jobs-sync.mjs,Imported from the user-provided board-token registry.
board,ashby,hirehangar,hirehangar,slug,https://jobs.ashbyhq.com/hirehangar,https://api.ashbyhq.com/posting-api/job-board/hirehangar,https://api.ashbyhq.com/posting-api/job-board/hirehangar?includeCompensation=true,GET,listed_in_PDFtoWebsite_ashby_source,2026-09-21,ashby_board_tokens_1662.csv,https://github.com/vedangvatsa/PDFtoWebsite/blob/main/.github/scripts/jobs-sync.mjs,Imported from the user-provided board-token registry.
board,ashby,hive.co,hive.co,slug,https://jobs.ashbyhq.com/hive.co,https://api.ashbyhq.com/posting-api/job-board/hive.co,https://api.ashbyhq.com/posting-api/job-board/hive.co?includeCompensation=true,GET,listed_in_PDFtoWebsite_ashby_source,2026-09-21,ashby_board_tokens_1662.csv,https://github.com/vedangvatsa/PDFtoWebsite/blob/main/.github/scripts/jobs-sync.mjs,Imported from the user-provided board-token registry.
board,ashby,hivehealth,hivehealth,slug,https://jobs.ashbyhq.com/hivehealth,https://api.ashbyhq.com/posting-api/job-board/hivehealth,https://api.ashbyhq.com/posting-api/job-board/hivehealth?includeCompensation=true,GET,listed_in_PDFtoWebsite_ashby_source,2026-09-21,ashby_board_tokens_1662.csv,https://github.com/vedangvatsa/PDFtoWebsite/blob/main/.github/scripts/jobs-sync.mjs,Imported from the user-provided board-token registry.
board,ashby,hivesmart-consulting,hivesmart-consulting,slug,https://jobs.ashbyhq.com/hivesmart-consulting,https://api.ashbyhq.com/posting-api/job-board/hivesmart-consulting,https://api.ashbyhq.com/posting-api/job-board/hivesmart-consulting?includeCompensation=true,GET,listed_in_PDFtoWebsite_ashby_source,2026-09-21,ashby_board_tokens_1662.csv,https://github.com/vedangvatsa/PDFtoWebsite/blob/main/.github/scripts/jobs-sync.mjs,Imported from the user-provided board-token registry.
board,ashby,hiya,hiya,slug,https://jobs.ashbyhq.com/hiya,https://api.ashbyhq.com/posting-api/job-board/hiya,https://api.ashbyhq.com/posting-api/job-board/hiya?includeCompensation=true,GET,listed_in_PDFtoWebsite_ashby_source,2026-09-21,ashby_board_tokens_1662.csv,https://github.com/vedangvatsa/PDFtoWebsite/blob/main/.github/scripts/jobs-sync.mjs,Imported from the user-provided board-token registry.
board,ashby,hockeystack,hockeystack,slug,https://jobs.ashbyhq.com/hockeystack,https://api.ashbyhq.com/posting-api/job-board/hockeystack,https://api.ashbyhq.com/posting-api/job-board/hockeystack?includeCompensation=true,GET,listed_in_PDFtoWebsite_ashby_source,2026-09-21,ashby_board_tokens_1662.csv,https://github.com/vedangvatsa/PDFtoWebsite/blob/main/.github/scripts/jobs-sync.mjs,Imported from the user-provided board-token registry.
board,ashby,homebase,homebase,slug,https://jobs.ashbyhq.com/homebase,https://api.ashbyhq.com/posting-api/job-board/homebase,https://api.ashbyhq.com/posting-api/job-board/homebase?includeCompensation=true,GET,listed_in_PDFtoWebsite_ashby_source,2026-09-21,ashby_board_tokens_1662.csv,https://github.com/vedangvatsa/PDFtoWebsite/blob/main/.github/scripts/jobs-sync.mjs,Imported from the user-provided board-token registry.
board,ashby,homebot,homebot,slug,https://jobs.ashbyhq.com/homebot,https://api.ashbyhq.com/posting-api/job-board/homebot,https://api.ashbyhq.com/posting-api/job-board/homebot?includeCompensation=true,GET,listed_in_PDFtoWebsite_ashby_source,2026-09-21,ashby_board_tokens_1662.csv,https://github.com/vedangvatsa/PDFtoWebsite/blob/main/.github/scripts/jobs-sync.mjs,Imported from the user-provided board-token registry.
board,ashby,homebound,homebound,slug,https://jobs.ashbyhq.com/homebound,https://api.ashbyhq.com/posting-api/job-board/homebound,https://api.ashbyhq.com/posting-api/job-board/homebound?includeCompensation=true,GET,listed_in_PDFtoWebsite_ashby_source,2026-09-21,ashby_board_tokens_1662.csv,https://github.com/vedangvatsa/PDFtoWebsite/blob/main/.github/scripts/jobs-sync.mjs,Imported from the user-provided board-token registry.
board,ashby,homevision,homevision,slug,https://jobs.ashbyhq.com/homevision,https://api.ashbyhq.com/posting-api/job-board/homevision,https://api.ashbyhq.com/posting-api/job-board/homevision?includeCompensation=true,GET,listed_in_PDFtoWebsite_ashby_source,2026-09-21,ashby_board_tokens_1662.csv,https://github.com/vedangvatsa/PDFtoWebsite/blob/main/.github/scripts/jobs-sync.mjs,Imported from the user-provided board-token registry.
board,ashby,honeybook,honeybook,slug,https://jobs.ashbyhq.com/honeybook,https://api.ashbyhq.com/posting-api/job-board/honeybook,https://api.ashbyhq.com/posting-api/job-board/honeybook?includeCompensation=true,GET,listed_in_PDFtoWebsite_ashby_source,2026-09-21,ashby_board_tokens_1662.csv,https://github.com/vedangvatsa/PDFtoWebsite/blob/main/.github/scripts/jobs-sync.mjs,Imported from the user-provided board-token registry.
board,ashby,honeydew,honeydew,slug,https://jobs.ashbyhq.com/honeydew,https://api.ashbyhq.com/posting-api/job-board/honeydew,https://api.ashbyhq.com/posting-api/job-board/honeydew?includeCompensation=true,GET,listed_in_PDFtoWebsite_ashby_source,2026-09-21,ashby_board_tokens_1662.csv,https://github.com/vedangvatsa/PDFtoWebsite/blob/main/.github/scripts/jobs-sync.mjs,Imported from the user-provided board-token registry.
board,ashby,hopper,hopper,slug,https://jobs.ashbyhq.com/hopper,https://api.ashbyhq.com/posting-api/job-board/hopper,https://api.ashbyhq.com/posting-api/job-board/hopper?includeCompensation=true,GET,listed_in_PDFtoWebsite_ashby_source,2026-09-21,ashby_board_tokens_1662.csv,https://github.com/vedangvatsa/PDFtoWebsite/blob/main/.github/scripts/jobs-sync.mjs,Imported from the user-provided board-token registry.
board,ashby,horizon3ai,horizon3ai,slug,https://jobs.ashbyhq.com/horizon3ai,https://api.ashbyhq.com/posting-api/job-board/horizon3ai,https://api.ashbyhq.com/posting-api/job-board/horizon3ai?includeCompensation=true,GET,listed_in_PDFtoWebsite_ashby_source,2026-09-21,ashby_board_tokens_1662.csv,https://github.com/vedangvatsa/PDFtoWebsite/blob/main/.github/scripts/jobs-sync.mjs,Imported from the user-provided board-token registry.
board,ashby,hotspexmedia,hotspexmedia,slug,https://jobs.ashbyhq.com/hotspexmedia,https://api.ashbyhq.com/posting-api/job-board/hotspexmedia,https://api.ashbyhq.com/posting-api/job-board/hotspexmedia?includeCompensation=true,GET,listed_in_PDFtoWebsite_ashby_source,2026-09-21,ashby_board_tokens_1662.csv,https://github.com/vedangvatsa/PDFtoWebsite/blob/main/.github/scripts/jobs-sync.mjs,Imported from the user-provided board-token registry.
board,ashby,hoxtonfarms,hoxtonfarms,slug,https://jobs.ashbyhq.com/hoxtonfarms,https://api.ashbyhq.com/posting-api/job-board/hoxtonfarms,https://api.ashbyhq.com/posting-api/job-board/hoxtonfarms?includeCompensation=true,GET,listed_in_PDFtoWebsite_ashby_source,2026-09-21,ashby_board_tokens_1662.csv,https://github.com/vedangvatsa/PDFtoWebsite/blob/main/.github/scripts/jobs-sync.mjs,Imported from the user-provided board-token registry.
board,ashby,hubstaff,hubstaff,slug,https://jobs.ashbyhq.com/hubstaff,https://api.ashbyhq.com/posting-api/job-board/hubstaff,https://api.ashbyhq.com/posting-api/job-board/hubstaff?includeCompensation=true,GET,listed_in_PDFtoWebsite_ashby_source,2026-09-21,ashby_board_tokens_1662.csv,https://github.com/vedangvatsa/PDFtoWebsite/blob/main/.github/scripts/jobs-sync.mjs,Imported from the user-provided board-token registry.
board,ashby,hud,hud,slug,https://jobs.ashbyhq.com/hud,https://api.ashbyhq.com/posting-api/job-board/hud,https://api.ashbyhq.com/posting-api/job-board/hud?includeCompensation=true,GET,listed_in_PDFtoWebsite_ashby_source,2026-09-21,ashby_board_tokens_1662.csv,https://github.com/vedangvatsa/PDFtoWebsite/blob/main/.github/scripts/jobs-sync.mjs,Imported from the user-provided board-token registry.
board,ashby,hudu,hudu,slug,https://jobs.ashbyhq.com/hudu,https://api.ashbyhq.com/posting-api/job-board/hudu,https://api.ashbyhq.com/posting-api/job-board/hudu?includeCompensation=true,GET,listed_in_PDFtoWebsite_ashby_source,2026-09-21,ashby_board_tokens_1662.csv,https://github.com/vedangvatsa/PDFtoWebsite/blob/main/.github/scripts/jobs-sync.mjs,Imported from the user-provided board-token registry.
board,ashby,humaans,humaans,slug,https://jobs.ashbyhq.com/humaans,https://api.ashbyhq.com/posting-api/job-board/humaans,https://api.ashbyhq.com/posting-api/job-board/humaans?includeCompensation=true,GET,listed_in_PDFtoWebsite_ashby_source,2026-09-21,ashby_board_tokens_1662.csv,https://github.com/vedangvatsa/PDFtoWebsite/blob/main/.github/scripts/jobs-sync.mjs,Imported from the user-provided board-token registry.
board,ashby,human,human,slug,https://jobs.ashbyhq.com/human,https://api.ashbyhq.com/posting-api/job-board/human,https://api.ashbyhq.com/posting-api/job-board/human?includeCompensation=true,GET,listed_in_PDFtoWebsite_ashby_source,2026-09-21,ashby_board_tokens_1662.csv,https://github.com/vedangvatsa/PDFtoWebsite/blob/main/.github/scripts/jobs-sync.mjs,Imported from the user-provided board-token registry.
board,ashby,human-computer-lab,human-computer-lab,slug,https://jobs.ashbyhq.com/human-computer-lab,https://api.ashbyhq.com/posting-api/job-board/human-computer-lab,https://api.ashbyhq.com/posting-api/job-board/human-computer-lab?includeCompensation=true,GET,listed_in_PDFtoWebsite_ashby_source,2026-09-21,ashby_board_tokens_1662.csv,https://github.com/vedangvatsa/PDFtoWebsite/blob/main/.github/scripts/jobs-sync.mjs,Imported from the user-provided board-token registry.
board,ashby,humandelta,humandelta,slug,https://jobs.ashbyhq.com/humandelta,https://api.ashbyhq.com/posting-api/job-board/humandelta,https://api.ashbyhq.com/posting-api/job-board/humandelta?includeCompensation=true,GET,listed_in_PDFtoWebsite_alt_ashby_source,2026-09-21,ashby_board_tokens_1662.csv,https://github.com/vedangvatsa/PDFtoWebsite/blob/main/run-cj.mjs,Imported from the user-provided board-token registry.
board,ashby,humans-and,humans-and,slug,https://jobs.ashbyhq.com/humans-and,https://api.ashbyhq.com/posting-api/job-board/humans-and,https://api.ashbyhq.com/posting-api/job-board/humans-and?includeCompensation=true,GET,listed_in_PDFtoWebsite_ashby_source,2026-09-21,ashby_board_tokens_1662.csv,https://github.com/vedangvatsa/PDFtoWebsite/blob/main/.github/scripts/jobs-sync.mjs,Imported from the user-provided board-token registry.
board,ashby,humatahealth,humatahealth,slug,https://jobs.ashbyhq.com/humatahealth,https://api.ashbyhq.com/posting-api/job-board/humatahealth,https://api.ashbyhq.com/posting-api/job-board/humatahealth?includeCompensation=true,GET,listed_in_PDFtoWebsite_ashby_source,2026-09-21,ashby_board_tokens_1662.csv,https://github.com/vedangvatsa/PDFtoWebsite/blob/main/.github/scripts/jobs-sync.mjs,Imported from the user-provided board-token registry.
board,ashby,hyperbolic,hyperbolic,slug,https://jobs.ashbyhq.com/hyperbolic,https://api.ashbyhq.com/posting-api/job-board/hyperbolic,https://api.ashbyhq.com/posting-api/job-board/hyperbolic?includeCompensation=true,GET,listed_in_PDFtoWebsite_ashby_source,2026-09-21,ashby_board_tokens_1662.csv,https://github.com/vedangvatsa/PDFtoWebsite/blob/main/.github/scripts/jobs-sync.mjs,Imported from the user-provided board-token registry.
board,ashby,hypercubic,hypercubic,slug,https://jobs.ashbyhq.com/hypercubic,https://api.ashbyhq.com/posting-api/job-board/hypercubic,https://api.ashbyhq.com/posting-api/job-board/hypercubic?includeCompensation=true,GET,listed_in_PDFtoWebsite_ashby_source,2026-09-21,ashby_board_tokens_1662.csv,https://github.com/vedangvatsa/PDFtoWebsite/blob/main/.github/scripts/jobs-sync.mjs,Imported from the user-provided board-token registry.
board,ashby,hyperexponential,hyperexponential,slug,https://jobs.ashbyhq.com/hyperexponential,https://api.ashbyhq.com/posting-api/job-board/hyperexponential,https://api.ashbyhq.com/posting-api/job-board/hyperexponential?includeCompensation=true,GET,listed_in_PDFtoWebsite_ashby_source,2026-09-21,ashby_board_tokens_1662.csv,https://github.com/vedangvatsa/PDFtoWebsite/blob/main/.github/scripts/jobs-sync.mjs,Imported from the user-provided board-token registry.
board,ashby,hyperhug,hyperhug,slug,https://jobs.ashbyhq.com/hyperhug,https://api.ashbyhq.com/posting-api/job-board/hyperhug,https://api.ashbyhq.com/posting-api/job-board/hyperhug?includeCompensation=true,GET,listed_in_PDFtoWebsite_ashby_source,2026-09-21,ashby_board_tokens_1662.csv,https://github.com/vedangvatsa/PDFtoWebsite/blob/main/.github/scripts/jobs-sync.mjs,Imported from the user-provided board-token registry.
board,ashby,ibbx,ibbx,slug,https://jobs.ashbyhq.com/ibbx,https://api.ashbyhq.com/posting-api/job-board/ibbx,https://api.ashbyhq.com/posting-api/job-board/ibbx?includeCompensation=true,GET,listed_in_PDFtoWebsite_alt_ashby_source,2026-09-21,ashby_board_tokens_1662.csv,https://github.com/vedangvatsa/PDFtoWebsite/blob/main/run-cj.mjs,Imported from the user-provided board-token registry.
board,ashby,ibotta,ibotta,slug,https://jobs.ashbyhq.com/ibotta,https://api.ashbyhq.com/posting-api/job-board/ibotta,https://api.ashbyhq.com/posting-api/job-board/ibotta?includeCompensation=true,GET,listed_in_PDFtoWebsite_ashby_source,2026-09-21,ashby_board_tokens_1662.csv,https://github.com/vedangvatsa/PDFtoWebsite/blob/main/.github/scripts/jobs-sync.mjs,Imported from the user-provided board-token registry.
board,ashby,ideals,ideals,slug,https://jobs.ashbyhq.com/ideals,https://api.ashbyhq.com/posting-api/job-board/ideals,https://api.ashbyhq.com/posting-api/job-board/ideals?includeCompensation=true,GET,listed_in_PDFtoWebsite_ashby_source,2026-09-21,ashby_board_tokens_1662.csv,https://github.com/vedangvatsa/PDFtoWebsite/blob/main/.github/scripts/jobs-sync.mjs,Imported from the user-provided board-token registry.
board,ashby,ideogram,ideogram,slug,https://jobs.ashbyhq.com/ideogram,https://api.ashbyhq.com/posting-api/job-board/ideogram,https://api.ashbyhq.com/posting-api/job-board/ideogram?includeCompensation=true,GET,listed_in_PDFtoWebsite_ashby_source,2026-09-21,ashby_board_tokens_1662.csv,https://github.com/vedangvatsa/PDFtoWebsite/blob/main/.github/scripts/jobs-sync.mjs,Imported from the user-provided board-token registry.
board,ashby,idler,idler,slug,https://jobs.ashbyhq.com/idler,https://api.ashbyhq.com/posting-api/job-board/idler,https://api.ashbyhq.com/posting-api/job-board/idler?includeCompensation=true,GET,listed_in_PDFtoWebsite_ashby_source,2026-09-21,ashby_board_tokens_1662.csv,https://github.com/vedangvatsa/PDFtoWebsite/blob/main/.github/scripts/jobs-sync.mjs,Imported from the user-provided board-token registry.
board,ashby,illumio,illumio,slug,https://jobs.ashbyhq.com/illumio,https://api.ashbyhq.com/posting-api/job-board/illumio,https://api.ashbyhq.com/posting-api/job-board/illumio?includeCompensation=true,GET,listed_in_PDFtoWebsite_ashby_source,2026-09-21,ashby_board_tokens_1662.csv,https://github.com/vedangvatsa/PDFtoWebsite/blob/main/.github/scripts/jobs-sync.mjs,Imported from the user-provided board-token registry.
board,ashby,immersivelabs,immersivelabs,slug,https://jobs.ashbyhq.com/immersivelabs,https://api.ashbyhq.com/posting-api/job-board/immersivelabs,https://api.ashbyhq.com/posting-api/job-board/immersivelabs?includeCompensation=true,GET,listed_in_PDFtoWebsite_ashby_source,2026-09-21,ashby_board_tokens_1662.csv,https://github.com/vedangvatsa/PDFtoWebsite/blob/main/.github/scripts/jobs-sync.mjs,Imported from the user-provided board-token registry.
board,ashby,imprint,imprint,slug,https://jobs.ashbyhq.com/imprint,https://api.ashbyhq.com/posting-api/job-board/imprint,https://api.ashbyhq.com/posting-api/job-board/imprint?includeCompensation=true,GET,listed_in_PDFtoWebsite_ashby_source,2026-09-21,ashby_board_tokens_1662.csv,https://github.com/vedangvatsa/PDFtoWebsite/blob/main/.github/scripts/jobs-sync.mjs,Imported from the user-provided board-token registry.
board,ashby,improbable,improbable,slug,https://jobs.ashbyhq.com/improbable,https://api.ashbyhq.com/posting-api/job-board/improbable,https://api.ashbyhq.com/posting-api/job-board/improbable?includeCompensation=true,GET,listed_in_PDFtoWebsite_ashby_source,2026-09-21,ashby_board_tokens_1662.csv,https://github.com/vedangvatsa/PDFtoWebsite/blob/main/.github/scripts/jobs-sync.mjs,Imported from the user-provided board-token registry.
board,ashby,impulse,impulse,slug,https://jobs.ashbyhq.com/impulse,https://api.ashbyhq.com/posting-api/job-board/impulse,https://api.ashbyhq.com/posting-api/job-board/impulse?includeCompensation=true,GET,listed_in_PDFtoWebsite_ashby_source,2026-09-21,ashby_board_tokens_1662.csv,https://github.com/vedangvatsa/PDFtoWebsite/blob/main/.github/scripts/jobs-sync.mjs,Imported from the user-provided board-token registry.
board,ashby,inato,inato,slug,https://jobs.ashbyhq.com/inato,https://api.ashbyhq.com/posting-api/job-board/inato,https://api.ashbyhq.com/posting-api/job-board/inato?includeCompensation=true,GET,listed_in_PDFtoWebsite_ashby_source,2026-09-21,ashby_board_tokens_1662.csv,https://github.com/vedangvatsa/PDFtoWebsite/blob/main/.github/scripts/jobs-sync.mjs,Imported from the user-provided board-token registry.
board,ashby,inertia,inertia,slug,https://jobs.ashbyhq.com/inertia,https://api.ashbyhq.com/posting-api/job-board/inertia,https://api.ashbyhq.com/posting-api/job-board/inertia?includeCompensation=true,GET,listed_in_PDFtoWebsite_ashby_source,2026-09-21,ashby_board_tokens_1662.csv,https://github.com/vedangvatsa/PDFtoWebsite/blob/main/.github/scripts/jobs-sync.mjs,Imported from the user-provided board-token registry.
board,ashby,inference,inference,slug,https://jobs.ashbyhq.com/inference,https://api.ashbyhq.com/posting-api/job-board/inference,https://api.ashbyhq.com/posting-api/job-board/inference?includeCompensation=true,GET,listed_in_PDFtoWebsite_ashby_source,2026-09-21,ashby_board_tokens_1662.csv,https://github.com/vedangvatsa/PDFtoWebsite/blob/main/.github/scripts/jobs-sync.mjs,Imported from the user-provided board-token registry.
board,ashby,infinite,infinite,slug,https://jobs.ashbyhq.com/infinite,https://api.ashbyhq.com/posting-api/job-board/infinite,https://api.ashbyhq.com/posting-api/job-board/infinite?includeCompensation=true,GET,listed_in_PDFtoWebsite_ashby_source,2026-09-21,ashby_board_tokens_1662.csv,https://github.com/vedangvatsa/PDFtoWebsite/blob/main/.github/scripts/jobs-sync.mjs,Imported from the user-provided board-token registry.
board,ashby,infinity-constellation,infinity-constellation,slug,https://jobs.ashbyhq.com/infinity-constellation,https://api.ashbyhq.com/posting-api/job-board/infinity-constellation,https://api.ashbyhq.com/posting-api/job-board/infinity-constellation?includeCompensation=true,GET,listed_in_PDFtoWebsite_ashby_source,2026-09-21,ashby_board_tokens_1662.csv,https://github.com/vedangvatsa/PDFtoWebsite/blob/main/.github/scripts/jobs-sync.mjs,Imported from the user-provided board-token registry.
board,ashby,infisical,infisical,slug,https://jobs.ashbyhq.com/infisical,https://api.ashbyhq.com/posting-api/job-board/infisical,https://api.ashbyhq.com/posting-api/job-board/infisical?includeCompensation=true,GET,listed_in_PDFtoWebsite_ashby_source,2026-09-21,ashby_board_tokens_1662.csv,https://github.com/vedangvatsa/PDFtoWebsite/blob/main/.github/scripts/jobs-sync.mjs,Imported from the user-provided board-token registry.
board,ashby,influxdata,influxdata,slug,https://jobs.ashbyhq.com/influxdata,https://api.ashbyhq.com/posting-api/job-board/influxdata,https://api.ashbyhq.com/posting-api/job-board/influxdata?includeCompensation=true,GET,listed_in_PDFtoWebsite_ashby_source,2026-09-21,ashby_board_tokens_1662.csv,https://github.com/vedangvatsa/PDFtoWebsite/blob/main/.github/scripts/jobs-sync.mjs,Imported from the user-provided board-token registry.
board,ashby,injective,injective,slug,https://jobs.ashbyhq.com/injective,https://api.ashbyhq.com/posting-api/job-board/injective,https://api.ashbyhq.com/posting-api/job-board/injective?includeCompensation=true,GET,listed_in_PDFtoWebsite_ashby_source,2026-09-21,ashby_board_tokens_1662.csv,https://github.com/vedangvatsa/PDFtoWebsite/blob/main/.github/scripts/jobs-sync.mjs,Imported from the user-provided board-token registry.
board,ashby,innate,innate,slug,https://jobs.ashbyhq.com/innate,https://api.ashbyhq.com/posting-api/job-board/innate,https://api.ashbyhq.com/posting-api/job-board/innate?includeCompensation=true,GET,listed_in_PDFtoWebsite_ashby_source,2026-09-21,ashby_board_tokens_1662.csv,https://github.com/vedangvatsa/PDFtoWebsite/blob/main/.github/scripts/jobs-sync.mjs,Imported from the user-provided board-token registry.
board,ashby,inngest,inngest,slug,https://jobs.ashbyhq.com/inngest,https://api.ashbyhq.com/posting-api/job-board/inngest,https://api.ashbyhq.com/posting-api/job-board/inngest?includeCompensation=true,GET,listed_in_PDFtoWebsite_ashby_source,2026-09-21,ashby_board_tokens_1662.csv,https://github.com/vedangvatsa/PDFtoWebsite/blob/main/.github/scripts/jobs-sync.mjs,Imported from the user-provided board-token registry.
board,ashby,insitro,insitro,slug,https://jobs.ashbyhq.com/insitro,https://api.ashbyhq.com/posting-api/job-board/insitro,https://api.ashbyhq.com/posting-api/job-board/insitro?includeCompensation=true,GET,listed_in_PDFtoWebsite_ashby_source,2026-09-21,ashby_board_tokens_1662.csv,https://github.com/vedangvatsa/PDFtoWebsite/blob/main/.github/scripts/jobs-sync.mjs,Imported from the user-provided board-token registry.
board,ashby,inspectiv,inspectiv,slug,https://jobs.ashbyhq.com/inspectiv,https://api.ashbyhq.com/posting-api/job-board/inspectiv,https://api.ashbyhq.com/posting-api/job-board/inspectiv?includeCompensation=true,GET,listed_in_PDFtoWebsite_ashby_source,2026-09-21,ashby_board_tokens_1662.csv,https://github.com/vedangvatsa/PDFtoWebsite/blob/main/.github/scripts/jobs-sync.mjs,Imported from the user-provided board-token registry.
board,ashby,inspiren,inspiren,slug,https://jobs.ashbyhq.com/inspiren,https://api.ashbyhq.com/posting-api/job-board/inspiren,https://api.ashbyhq.com/posting-api/job-board/inspiren?includeCompensation=true,GET,listed_in_PDFtoWebsite_ashby_source,2026-09-21,ashby_board_tokens_1662.csv,https://github.com/vedangvatsa/PDFtoWebsite/blob/main/.github/scripts/jobs-sync.mjs,Imported from the user-provided board-token registry.
board,ashby,instructure,instructure,slug,https://jobs.ashbyhq.com/instructure,https://api.ashbyhq.com/posting-api/job-board/instructure,https://api.ashbyhq.com/posting-api/job-board/instructure?includeCompensation=true,GET,listed_in_PDFtoWebsite_ashby_source,2026-09-21,ashby_board_tokens_1662.csv,https://github.com/vedangvatsa/PDFtoWebsite/blob/main/.github/scripts/jobs-sync.mjs,Imported from the user-provided board-token registry.
board,ashby,intellistack,intellistack,slug,https://jobs.ashbyhq.com/intellistack,https://api.ashbyhq.com/posting-api/job-board/intellistack,https://api.ashbyhq.com/posting-api/job-board/intellistack?includeCompensation=true,GET,listed_in_PDFtoWebsite_ashby_source,2026-09-21,ashby_board_tokens_1662.csv,https://github.com/vedangvatsa/PDFtoWebsite/blob/main/.github/scripts/jobs-sync.mjs,Imported from the user-provided board-token registry.
board,ashby,interaction,interaction,slug,https://jobs.ashbyhq.com/interaction,https://api.ashbyhq.com/posting-api/job-board/interaction,https://api.ashbyhq.com/posting-api/job-board/interaction?includeCompensation=true,GET,listed_in_PDFtoWebsite_ashby_source,2026-09-21,ashby_board_tokens_1662.csv,https://github.com/vedangvatsa/PDFtoWebsite/blob/main/.github/scripts/jobs-sync.mjs,Imported from the user-provided board-token registry.
board,ashby,interface,interface,slug,https://jobs.ashbyhq.com/interface,https://api.ashbyhq.com/posting-api/job-board/interface,https://api.ashbyhq.com/posting-api/job-board/interface?includeCompensation=true,GET,listed_in_PDFtoWebsite_ashby_source,2026-09-21,ashby_board_tokens_1662.csv,https://github.com/vedangvatsa/PDFtoWebsite/blob/main/.github/scripts/jobs-sync.mjs,Imported from the user-provided board-token registry.
board,ashby,interplay,interplay,slug,https://jobs.ashbyhq.com/interplay,https://api.ashbyhq.com/posting-api/job-board/interplay,https://api.ashbyhq.com/posting-api/job-board/interplay?includeCompensation=true,GET,listed_in_PDFtoWebsite_ashby_source,2026-09-21,ashby_board_tokens_1662.csv,https://github.com/vedangvatsa/PDFtoWebsite/blob/main/.github/scripts/jobs-sync.mjs,Imported from the user-provided board-token registry.
board,ashby,interrahealth,interrahealth,slug,https://jobs.ashbyhq.com/interrahealth,https://api.ashbyhq.com/posting-api/job-board/interrahealth,https://api.ashbyhq.com/posting-api/job-board/interrahealth?includeCompensation=true,GET,listed_in_PDFtoWebsite_ashby_source,2026-09-21,ashby_board_tokens_1662.csv,https://github.com/vedangvatsa/PDFtoWebsite/blob/main/.github/scripts/jobs-sync.mjs,Imported from the user-provided board-token registry.
board,ashby,intro,intro,slug,https://jobs.ashbyhq.com/intro,https://api.ashbyhq.com/posting-api/job-board/intro,https://api.ashbyhq.com/posting-api/job-board/intro?includeCompensation=true,GET,listed_in_PDFtoWebsite_ashby_source,2026-09-21,ashby_board_tokens_1662.csv,https://github.com/vedangvatsa/PDFtoWebsite/blob/main/.github/scripts/jobs-sync.mjs,Imported from the user-provided board-token registry.
board,ashby,intus,intus,slug,https://jobs.ashbyhq.com/intus,https://api.ashbyhq.com/posting-api/job-board/intus,https://api.ashbyhq.com/posting-api/job-board/intus?includeCompensation=true,GET,listed_in_PDFtoWebsite_ashby_source,2026-09-21,ashby_board_tokens_1662.csv,https://github.com/vedangvatsa/PDFtoWebsite/blob/main/.github/scripts/jobs-sync.mjs,Imported from the user-provided board-token registry.
board,ashby,invisionapp,invisionapp,slug,https://jobs.ashbyhq.com/invisionapp,https://api.ashbyhq.com/posting-api/job-board/invisionapp,https://api.ashbyhq.com/posting-api/job-board/invisionapp?includeCompensation=true,GET,listed_in_PDFtoWebsite_alt_ashby_source,2026-09-21,ashby_board_tokens_1662.csv,https://github.com/vedangvatsa/PDFtoWebsite/blob/main/run-cj.mjs,Imported from the user-provided board-token registry.
board,ashby,ironcladhq,ironcladhq,slug,https://jobs.ashbyhq.com/ironcladhq,https://api.ashbyhq.com/posting-api/job-board/ironcladhq,https://api.ashbyhq.com/posting-api/job-board/ironcladhq?includeCompensation=true,GET,listed_in_PDFtoWebsite_ashby_source,2026-09-21,ashby_board_tokens_1662.csv,https://github.com/vedangvatsa/PDFtoWebsite/blob/main/.github/scripts/jobs-sync.mjs,Imported from the user-provided board-token registry.
board,ashby,iterable,iterable,slug,https://jobs.ashbyhq.com/iterable,https://api.ashbyhq.com/posting-api/job-board/iterable,https://api.ashbyhq.com/posting-api/job-board/iterable?includeCompensation=true,GET,verified_in_open-ats-jobs_ashby_source,2026-08-18,ashby_board_tokens_1662.csv,https://github.com/splashdeluxe/open-ats-jobs/blob/main/seeds/companies.json,Imported from the user-provided board-token registry.
board,ashby,iverify,iverify,slug,https://jobs.ashbyhq.com/iverify,https://api.ashbyhq.com/posting-api/job-board/iverify,https://api.ashbyhq.com/posting-api/job-board/iverify?includeCompensation=true,GET,listed_in_PDFtoWebsite_ashby_source,2026-09-21,ashby_board_tokens_1662.csv,https://github.com/vedangvatsa/PDFtoWebsite/blob/main/.github/scripts/jobs-sync.mjs,Imported from the user-provided board-token registry.
board,ashby,jampack-ai,jampack-ai,slug,https://jobs.ashbyhq.com/jampack-ai,https://api.ashbyhq.com/posting-api/job-board/jampack-ai,https://api.ashbyhq.com/posting-api/job-board/jampack-ai?includeCompensation=true,GET,listed_in_PDFtoWebsite_ashby_source,2026-09-21,ashby_board_tokens_1662.csv,https://github.com/vedangvatsa/PDFtoWebsite/blob/main/.github/scripts/jobs-sync.mjs,Imported from the user-provided board-token registry.
board,ashby,january,january,slug,https://jobs.ashbyhq.com/january,https://api.ashbyhq.com/posting-api/job-board/january,https://api.ashbyhq.com/posting-api/job-board/january?includeCompensation=true,GET,listed_in_PDFtoWebsite_ashby_source,2026-09-21,ashby_board_tokens_1662.csv,https://github.com/vedangvatsa/PDFtoWebsite/blob/main/.github/scripts/jobs-sync.mjs,Imported from the user-provided board-token registry.
board,ashby,jbs-dev,jbs-dev,slug,https://jobs.ashbyhq.com/jbs-dev,https://api.ashbyhq.com/posting-api/job-board/jbs-dev,https://api.ashbyhq.com/posting-api/job-board/jbs-dev?includeCompensation=true,GET,listed_in_PDFtoWebsite_ashby_source,2026-09-21,ashby_board_tokens_1662.csv,https://github.com/vedangvatsa/PDFtoWebsite/blob/main/.github/scripts/jobs-sync.mjs,Imported from the user-provided board-token registry.
board,ashby,jellyfish,jellyfish,slug,https://jobs.ashbyhq.com/jellyfish,https://api.ashbyhq.com/posting-api/job-board/jellyfish,https://api.ashbyhq.com/posting-api/job-board/jellyfish?includeCompensation=true,GET,listed_in_PDFtoWebsite_ashby_source,2026-09-21,ashby_board_tokens_1662.csv,https://github.com/vedangvatsa/PDFtoWebsite/blob/main/.github/scripts/jobs-sync.mjs,Imported from the user-provided board-token registry.
board,ashby,jellyfishcareers,jellyfishcareers,slug,https://jobs.ashbyhq.com/jellyfishcareers,https://api.ashbyhq.com/posting-api/job-board/jellyfishcareers,https://api.ashbyhq.com/posting-api/job-board/jellyfishcareers?includeCompensation=true,GET,listed_in_PDFtoWebsite_ashby_source,2026-09-21,ashby_board_tokens_1662.csv,https://github.com/vedangvatsa/PDFtoWebsite/blob/main/.github/scripts/jobs-sync.mjs,Imported from the user-provided board-token registry.
board,ashby,jerry.ai,jerry.ai,slug,https://jobs.ashbyhq.com/jerry.ai,https://api.ashbyhq.com/posting-api/job-board/jerry.ai,https://api.ashbyhq.com/posting-api/job-board/jerry.ai?includeCompensation=true,GET,listed_in_PDFtoWebsite_ashby_source,2026-09-21,ashby_board_tokens_1662.csv,https://github.com/vedangvatsa/PDFtoWebsite/blob/main/.github/scripts/jobs-sync.mjs,Imported from the user-provided board-token registry.
board,ashby,jigsaw,jigsaw,slug,https://jobs.ashbyhq.com/jigsaw,https://api.ashbyhq.com/posting-api/job-board/jigsaw,https://api.ashbyhq.com/posting-api/job-board/jigsaw?includeCompensation=true,GET,listed_in_PDFtoWebsite_ashby_source,2026-09-21,ashby_board_tokens_1662.csv,https://github.com/vedangvatsa/PDFtoWebsite/blob/main/.github/scripts/jobs-sync.mjs,Imported from the user-provided board-token registry.
board,ashby,jimdo.com,jimdo.com,slug,https://jobs.ashbyhq.com/jimdo.com,https://api.ashbyhq.com/posting-api/job-board/jimdo.com,https://api.ashbyhq.com/posting-api/job-board/jimdo.com?includeCompensation=true,GET,listed_in_PDFtoWebsite_ashby_source,2026-09-21,ashby_board_tokens_1662.csv,https://github.com/vedangvatsa/PDFtoWebsite/blob/main/.github/scripts/jobs-sync.mjs,Imported from the user-provided board-token registry.
board,ashby,join9am,join9am,slug,https://jobs.ashbyhq.com/join9am,https://api.ashbyhq.com/posting-api/job-board/join9am,https://api.ashbyhq.com/posting-api/job-board/join9am?includeCompensation=true,GET,listed_in_PDFtoWebsite_ashby_source,2026-09-21,ashby_board_tokens_1662.csv,https://github.com/vedangvatsa/PDFtoWebsite/blob/main/.github/scripts/jobs-sync.mjs,Imported from the user-provided board-token registry.
board,ashby,joinbetter,joinbetter,slug,https://jobs.ashbyhq.com/joinbetter,https://api.ashbyhq.com/posting-api/job-board/joinbetter,https://api.ashbyhq.com/posting-api/job-board/joinbetter?includeCompensation=true,GET,listed_in_PDFtoWebsite_ashby_source,2026-09-21,ashby_board_tokens_1662.csv,https://github.com/vedangvatsa/PDFtoWebsite/blob/main/.github/scripts/jobs-sync.mjs,Imported from the user-provided board-token registry.
board,ashby,joinsherpa,joinsherpa,slug,https://jobs.ashbyhq.com/joinsherpa,https://api.ashbyhq.com/posting-api/job-board/joinsherpa,https://api.ashbyhq.com/posting-api/job-board/joinsherpa?includeCompensation=true,GET,listed_in_PDFtoWebsite_ashby_source,2026-09-21,ashby_board_tokens_1662.csv,https://github.com/vedangvatsa/PDFtoWebsite/blob/main/.github/scripts/jobs-sync.mjs,Imported from the user-provided board-token registry.
board,ashby,joor,joor,slug,https://jobs.ashbyhq.com/joor,https://api.ashbyhq.com/posting-api/job-board/joor,https://api.ashbyhq.com/posting-api/job-board/joor?includeCompensation=true,GET,listed_in_PDFtoWebsite_ashby_source,2026-09-21,ashby_board_tokens_1662.csv,https://github.com/vedangvatsa/PDFtoWebsite/blob/main/.github/scripts/jobs-sync.mjs,Imported from the user-provided board-token registry.
board,ashby,joyfulhealth,joyfulhealth,slug,https://jobs.ashbyhq.com/joyfulhealth,https://api.ashbyhq.com/posting-api/job-board/joyfulhealth,https://api.ashbyhq.com/posting-api/job-board/joyfulhealth?includeCompensation=true,GET,listed_in_PDFtoWebsite_ashby_source,2026-09-21,ashby_board_tokens_1662.csv,https://github.com/vedangvatsa/PDFtoWebsite/blob/main/.github/scripts/jobs-sync.mjs,Imported from the user-provided board-token registry.
board,ashby,judgmentlabs,judgmentlabs,slug,https://jobs.ashbyhq.com/judgmentlabs,https://api.ashbyhq.com/posting-api/job-board/judgmentlabs,https://api.ashbyhq.com/posting-api/job-board/judgmentlabs?includeCompensation=true,GET,listed_in_PDFtoWebsite_ashby_source,2026-09-21,ashby_board_tokens_1662.csv,https://github.com/vedangvatsa/PDFtoWebsite/blob/main/.github/scripts/jobs-sync.mjs,Imported from the user-provided board-token registry.
board,ashby,juicebox,juicebox,slug,https://jobs.ashbyhq.com/juicebox,https://api.ashbyhq.com/posting-api/job-board/juicebox,https://api.ashbyhq.com/posting-api/job-board/juicebox?includeCompensation=true,GET,listed_in_PDFtoWebsite_ashby_source,2026-09-21,ashby_board_tokens_1662.csv,https://github.com/vedangvatsa/PDFtoWebsite/blob/main/.github/scripts/jobs-sync.mjs,Imported from the user-provided board-token registry.
board,ashby,julius,julius,slug,https://jobs.ashbyhq.com/julius,https://api.ashbyhq.com/posting-api/job-board/julius,https://api.ashbyhq.com/posting-api/job-board/julius?includeCompensation=true,GET,listed_in_PDFtoWebsite_ashby_source,2026-09-21,ashby_board_tokens_1662.csv,https://github.com/vedangvatsa/PDFtoWebsite/blob/main/.github/scripts/jobs-sync.mjs,Imported from the user-provided board-token registry.
board,ashby,jump,jump,slug,https://jobs.ashbyhq.com/jump,https://api.ashbyhq.com/posting-api/job-board/jump,https://api.ashbyhq.com/posting-api/job-board/jump?includeCompensation=true,GET,listed_in_PDFtoWebsite_ashby_source,2026-09-21,ashby_board_tokens_1662.csv,https://github.com/vedangvatsa/PDFtoWebsite/blob/main/.github/scripts/jobs-sync.mjs,Imported from the user-provided board-token registry.
board,ashby,jump-app,jump-app,slug,https://jobs.ashbyhq.com/jump-app,https://api.ashbyhq.com/posting-api/job-board/jump-app,https://api.ashbyhq.com/posting-api/job-board/jump-app?includeCompensation=true,GET,listed_in_PDFtoWebsite_ashby_source,2026-09-21,ashby_board_tokens_1662.csv,https://github.com/vedangvatsa/PDFtoWebsite/blob/main/.github/scripts/jobs-sync.mjs,Imported from the user-provided board-token registry.
board,ashby,junction,junction,slug,https://jobs.ashbyhq.com/junction,https://api.ashbyhq.com/posting-api/job-board/junction,https://api.ashbyhq.com/posting-api/job-board/junction?includeCompensation=true,GET,listed_in_PDFtoWebsite_ashby_source,2026-09-21,ashby_board_tokens_1662.csv,https://github.com/vedangvatsa/PDFtoWebsite/blob/main/.github/scripts/jobs-sync.mjs,Imported from the user-provided board-token registry.
board,ashby,junior,junior,slug,https://jobs.ashbyhq.com/junior,https://api.ashbyhq.com/posting-api/job-board/junior,https://api.ashbyhq.com/posting-api/job-board/junior?includeCompensation=true,GET,listed_in_PDFtoWebsite_ashby_source,2026-09-21,ashby_board_tokens_1662.csv,https://github.com/vedangvatsa/PDFtoWebsite/blob/main/.github/scripts/jobs-sync.mjs,Imported from the user-provided board-token registry.
board,ashby,junipersquare,junipersquare,slug,https://jobs.ashbyhq.com/junipersquare,https://api.ashbyhq.com/posting-api/job-board/junipersquare,https://api.ashbyhq.com/posting-api/job-board/junipersquare?includeCompensation=true,GET,listed_in_PDFtoWebsite_ashby_source,2026-09-21,ashby_board_tokens_1662.csv,https://github.com/vedangvatsa/PDFtoWebsite/blob/main/.github/scripts/jobs-sync.mjs,Imported from the user-provided board-token registry.
board,ashby,justplay-gmbh,justplay-gmbh,slug,https://jobs.ashbyhq.com/justplay-gmbh,https://api.ashbyhq.com/posting-api/job-board/justplay-gmbh,https://api.ashbyhq.com/posting-api/job-board/justplay-gmbh?includeCompensation=true,GET,listed_in_PDFtoWebsite_ashby_source,2026-09-21,ashby_board_tokens_1662.csv,https://github.com/vedangvatsa/PDFtoWebsite/blob/main/.github/scripts/jobs-sync.mjs,Imported from the user-provided board-token registry.
board,ashby,justwin,justwin,slug,https://jobs.ashbyhq.com/justwin,https://api.ashbyhq.com/posting-api/job-board/justwin,https://api.ashbyhq.com/posting-api/job-board/justwin?includeCompensation=true,GET,listed_in_PDFtoWebsite_alt_ashby_source,2026-09-21,ashby_board_tokens_1662.csv,https://github.com/vedangvatsa/PDFtoWebsite/blob/main/run-cj.mjs,Imported from the user-provided board-token registry.
board,ashby,k-id,k-id,slug,https://jobs.ashbyhq.com/k-id,https://api.ashbyhq.com/posting-api/job-board/k-id,https://api.ashbyhq.com/posting-api/job-board/k-id?includeCompensation=true,GET,listed_in_PDFtoWebsite_ashby_source,2026-09-21,ashby_board_tokens_1662.csv,https://github.com/vedangvatsa/PDFtoWebsite/blob/main/.github/scripts/jobs-sync.mjs,Imported from the user-provided board-token registry.
board,ashby,kale,kale,slug,https://jobs.ashbyhq.com/kale,https://api.ashbyhq.com/posting-api/job-board/kale,https://api.ashbyhq.com/posting-api/job-board/kale?includeCompensation=true,GET,listed_in_PDFtoWebsite_ashby_source,2026-09-21,ashby_board_tokens_1662.csv,https://github.com/vedangvatsa/PDFtoWebsite/blob/main/.github/scripts/jobs-sync.mjs,Imported from the user-provided board-token registry.
board,ashby,kalibri-labs,kalibri-labs,slug,https://jobs.ashbyhq.com/kalibri-labs,https://api.ashbyhq.com/posting-api/job-board/kalibri-labs,https://api.ashbyhq.com/posting-api/job-board/kalibri-labs?includeCompensation=true,GET,listed_in_PDFtoWebsite_ashby_source,2026-09-21,ashby_board_tokens_1662.csv,https://github.com/vedangvatsa/PDFtoWebsite/blob/main/.github/scripts/jobs-sync.mjs,Imported from the user-provided board-token registry.
board,ashby,kalshi,kalshi,slug,https://jobs.ashbyhq.com/kalshi,https://api.ashbyhq.com/posting-api/job-board/kalshi,https://api.ashbyhq.com/posting-api/job-board/kalshi?includeCompensation=true,GET,listed_in_PDFtoWebsite_ashby_source,2026-09-21,ashby_board_tokens_1662.csv,https://github.com/vedangvatsa/PDFtoWebsite/blob/main/.github/scripts/jobs-sync.mjs,Imported from the user-provided board-token registry.
board,ashby,kamiwaza,kamiwaza,slug,https://jobs.ashbyhq.com/kamiwaza,https://api.ashbyhq.com/posting-api/job-board/kamiwaza,https://api.ashbyhq.com/posting-api/job-board/kamiwaza?includeCompensation=true,GET,listed_in_PDFtoWebsite_ashby_source,2026-09-21,ashby_board_tokens_1662.csv,https://github.com/vedangvatsa/PDFtoWebsite/blob/main/.github/scripts/jobs-sync.mjs,Imported from the user-provided board-token registry.
board,ashby,kayak,kayak,slug,https://jobs.ashbyhq.com/kayak,https://api.ashbyhq.com/posting-api/job-board/kayak,https://api.ashbyhq.com/posting-api/job-board/kayak?includeCompensation=true,GET,listed_in_PDFtoWebsite_ashby_source,2026-09-21,ashby_board_tokens_1662.csv,https://github.com/vedangvatsa/PDFtoWebsite/blob/main/.github/scripts/jobs-sync.mjs,Imported from the user-provided board-token registry.
board,ashby,keep,keep,slug,https://jobs.ashbyhq.com/keep,https://api.ashbyhq.com/posting-api/job-board/keep,https://api.ashbyhq.com/posting-api/job-board/keep?includeCompensation=true,GET,listed_in_PDFtoWebsite_ashby_source,2026-09-21,ashby_board_tokens_1662.csv,https://github.com/vedangvatsa/PDFtoWebsite/blob/main/.github/scripts/jobs-sync.mjs,Imported from the user-provided board-token registry.
board,ashby,kepler-ai,kepler-ai,slug,https://jobs.ashbyhq.com/kepler-ai,https://api.ashbyhq.com/posting-api/job-board/kepler-ai,https://api.ashbyhq.com/posting-api/job-board/kepler-ai?includeCompensation=true,GET,listed_in_PDFtoWebsite_ashby_source,2026-09-21,ashby_board_tokens_1662.csv,https://github.com/vedangvatsa/PDFtoWebsite/blob/main/.github/scripts/jobs-sync.mjs,Imported from the user-provided board-token registry.
board,ashby,kernel,kernel,slug,https://jobs.ashbyhq.com/kernel,https://api.ashbyhq.com/posting-api/job-board/kernel,https://api.ashbyhq.com/posting-api/job-board/kernel?includeCompensation=true,GET,listed_in_PDFtoWebsite_ashby_source,2026-09-21,ashby_board_tokens_1662.csv,https://github.com/vedangvatsa/PDFtoWebsite/blob/main/.github/scripts/jobs-sync.mjs,Imported from the user-provided board-token registry.
board,ashby,keyrock,keyrock,slug,https://jobs.ashbyhq.com/keyrock,https://api.ashbyhq.com/posting-api/job-board/keyrock,https://api.ashbyhq.com/posting-api/job-board/keyrock?includeCompensation=true,GET,listed_in_PDFtoWebsite_ashby_source,2026-09-21,ashby_board_tokens_1662.csv,https://github.com/vedangvatsa/PDFtoWebsite/blob/main/.github/scripts/jobs-sync.mjs,Imported from the user-provided board-token registry.
board,ashby,kilocode,kilocode,slug,https://jobs.ashbyhq.com/kilocode,https://api.ashbyhq.com/posting-api/job-board/kilocode,https://api.ashbyhq.com/posting-api/job-board/kilocode?includeCompensation=true,GET,listed_in_PDFtoWebsite_ashby_source,2026-09-21,ashby_board_tokens_1662.csv,https://github.com/vedangvatsa/PDFtoWebsite/blob/main/.github/scripts/jobs-sync.mjs,Imported from the user-provided board-token registry.
board,ashby,kin,kin,slug,https://jobs.ashbyhq.com/kin,https://api.ashbyhq.com/posting-api/job-board/kin,https://api.ashbyhq.com/posting-api/job-board/kin?includeCompensation=true,GET,listed_in_PDFtoWebsite_ashby_source,2026-09-21,ashby_board_tokens_1662.csv,https://github.com/vedangvatsa/PDFtoWebsite/blob/main/.github/scripts/jobs-sync.mjs,Imported from the user-provided board-token registry.
board,ashby,kindred,kindred,slug,https://jobs.ashbyhq.com/kindred,https://api.ashbyhq.com/posting-api/job-board/kindred,https://api.ashbyhq.com/posting-api/job-board/kindred?includeCompensation=true,GET,listed_in_PDFtoWebsite_ashby_source,2026-09-21,ashby_board_tokens_1662.csv,https://github.com/vedangvatsa/PDFtoWebsite/blob/main/.github/scripts/jobs-sync.mjs,Imported from the user-provided board-token registry.
board,ashby,kirin,kirin,slug,https://jobs.ashbyhq.com/kirin,https://api.ashbyhq.com/posting-api/job-board/kirin,https://api.ashbyhq.com/posting-api/job-board/kirin?includeCompensation=true,GET,listed_in_PDFtoWebsite_ashby_source,2026-09-21,ashby_board_tokens_1662.csv,https://github.com/vedangvatsa/PDFtoWebsite/blob/main/.github/scripts/jobs-sync.mjs,Imported from the user-provided board-token registry.
board,ashby,kit,kit,slug,https://jobs.ashbyhq.com/kit,https://api.ashbyhq.com/posting-api/job-board/kit,https://api.ashbyhq.com/posting-api/job-board/kit?includeCompensation=true,GET,listed_in_PDFtoWebsite_ashby_source,2026-09-21,ashby_board_tokens_1662.csv,https://github.com/vedangvatsa/PDFtoWebsite/blob/main/.github/scripts/jobs-sync.mjs,Imported from the user-provided board-token registry.
board,ashby,kiwi,kiwi,slug,https://jobs.ashbyhq.com/kiwi,https://api.ashbyhq.com/posting-api/job-board/kiwi,https://api.ashbyhq.com/posting-api/job-board/kiwi?includeCompensation=true,GET,listed_in_PDFtoWebsite_ashby_source,2026-09-21,ashby_board_tokens_1662.csv,https://github.com/vedangvatsa/PDFtoWebsite/blob/main/.github/scripts/jobs-sync.mjs,Imported from the user-provided board-token registry.
board,ashby,knock,knock,slug,https://jobs.ashbyhq.com/knock,https://api.ashbyhq.com/posting-api/job-board/knock,https://api.ashbyhq.com/posting-api/job-board/knock?includeCompensation=true,GET,verified_in_open-ats-jobs_ashby_source,2026-08-18,ashby_board_tokens_1662.csv,https://github.com/splashdeluxe/open-ats-jobs/blob/main/seeds/companies.json,Imported from the user-provided board-token registry.
board,ashby,known,known,slug,https://jobs.ashbyhq.com/known,https://api.ashbyhq.com/posting-api/job-board/known,https://api.ashbyhq.com/posting-api/job-board/known?includeCompensation=true,GET,listed_in_PDFtoWebsite_ashby_source,2026-09-21,ashby_board_tokens_1662.csv,https://github.com/vedangvatsa/PDFtoWebsite/blob/main/.github/scripts/jobs-sync.mjs,Imported from the user-provided board-token registry.
board,ashby,knox-systems,knox-systems,slug,https://jobs.ashbyhq.com/knox-systems,https://api.ashbyhq.com/posting-api/job-board/knox-systems,https://api.ashbyhq.com/posting-api/job-board/knox-systems?includeCompensation=true,GET,listed_in_PDFtoWebsite_ashby_source,2026-09-21,ashby_board_tokens_1662.csv,https://github.com/vedangvatsa/PDFtoWebsite/blob/main/.github/scripts/jobs-sync.mjs,Imported from the user-provided board-token registry.
board,ashby,kodex,kodex,slug,https://jobs.ashbyhq.com/kodex,https://api.ashbyhq.com/posting-api/job-board/kodex,https://api.ashbyhq.com/posting-api/job-board/kodex?includeCompensation=true,GET,listed_in_PDFtoWebsite_ashby_source,2026-09-21,ashby_board_tokens_1662.csv,https://github.com/vedangvatsa/PDFtoWebsite/blob/main/.github/scripts/jobs-sync.mjs,Imported from the user-provided board-token registry.
board,ashby,kognitos,kognitos,slug,https://jobs.ashbyhq.com/kognitos,https://api.ashbyhq.com/posting-api/job-board/kognitos,https://api.ashbyhq.com/posting-api/job-board/kognitos?includeCompensation=true,GET,listed_in_PDFtoWebsite_ashby_source,2026-09-21,ashby_board_tokens_1662.csv,https://github.com/vedangvatsa/PDFtoWebsite/blob/main/.github/scripts/jobs-sync.mjs,Imported from the user-provided board-token registry.
board,ashby,kognity,kognity,slug,https://jobs.ashbyhq.com/kognity,https://api.ashbyhq.com/posting-api/job-board/kognity,https://api.ashbyhq.com/posting-api/job-board/kognity?includeCompensation=true,GET,listed_in_PDFtoWebsite_ashby_source,2026-09-21,ashby_board_tokens_1662.csv,https://github.com/vedangvatsa/PDFtoWebsite/blob/main/.github/scripts/jobs-sync.mjs,Imported from the user-provided board-token registry.
board,ashby,kojo,kojo,slug,https://jobs.ashbyhq.com/kojo,https://api.ashbyhq.com/posting-api/job-board/kojo,https://api.ashbyhq.com/posting-api/job-board/kojo?includeCompensation=true,GET,listed_in_PDFtoWebsite_ashby_source,2026-09-21,ashby_board_tokens_1662.csv,https://github.com/vedangvatsa/PDFtoWebsite/blob/main/.github/scripts/jobs-sync.mjs,Imported from the user-provided board-token registry.
board,ashby,kombo,kombo,slug,https://jobs.ashbyhq.com/kombo,https://api.ashbyhq.com/posting-api/job-board/kombo,https://api.ashbyhq.com/posting-api/job-board/kombo?includeCompensation=true,GET,listed_in_PDFtoWebsite_ashby_source,2026-09-21,ashby_board_tokens_1662.csv,https://github.com/vedangvatsa/PDFtoWebsite/blob/main/.github/scripts/jobs-sync.mjs,Imported from the user-provided board-token registry.
board,ashby,kong,kong,slug,https://jobs.ashbyhq.com/kong,https://api.ashbyhq.com/posting-api/job-board/kong,https://api.ashbyhq.com/posting-api/job-board/kong?includeCompensation=true,GET,listed_in_PDFtoWebsite_ashby_source,2026-09-21,ashby_board_tokens_1662.csv,https://github.com/vedangvatsa/PDFtoWebsite/blob/main/.github/scripts/jobs-sync.mjs,Imported from the user-provided board-token registry.
board,ashby,kraken.com,kraken.com,slug,https://jobs.ashbyhq.com/kraken.com,https://api.ashbyhq.com/posting-api/job-board/kraken.com,https://api.ashbyhq.com/posting-api/job-board/kraken.com?includeCompensation=true,GET,listed_in_PDFtoWebsite_ashby_source,2026-09-21,ashby_board_tokens_1662.csv,https://github.com/vedangvatsa/PDFtoWebsite/blob/main/.github/scripts/jobs-sync.mjs,Imported from the user-provided board-token registry.
board,ashby,krea,krea,slug,https://jobs.ashbyhq.com/krea,https://api.ashbyhq.com/posting-api/job-board/krea,https://api.ashbyhq.com/posting-api/job-board/krea?includeCompensation=true,GET,listed_in_PDFtoWebsite_ashby_source,2026-09-21,ashby_board_tokens_1662.csv,https://github.com/vedangvatsa/PDFtoWebsite/blob/main/.github/scripts/jobs-sync.mjs,Imported from the user-provided board-token registry.
board,ashby,kueski,kueski,slug,https://jobs.ashbyhq.com/kueski,https://api.ashbyhq.com/posting-api/job-board/kueski,https://api.ashbyhq.com/posting-api/job-board/kueski?includeCompensation=true,GET,listed_in_PDFtoWebsite_ashby_source,2026-09-21,ashby_board_tokens_1662.csv,https://github.com/vedangvatsa/PDFtoWebsite/blob/main/.github/scripts/jobs-sync.mjs,Imported from the user-provided board-token registry.
board,ashby,kustomer,kustomer,slug,https://jobs.ashbyhq.com/kustomer,https://api.ashbyhq.com/posting-api/job-board/kustomer,https://api.ashbyhq.com/posting-api/job-board/kustomer?includeCompensation=true,GET,listed_in_PDFtoWebsite_ashby_source,2026-09-21,ashby_board_tokens_1662.csv,https://github.com/vedangvatsa/PDFtoWebsite/blob/main/.github/scripts/jobs-sync.mjs,Imported from the user-provided board-token registry.
board,ashby,lab37,lab37,slug,https://jobs.ashbyhq.com/lab37,https://api.ashbyhq.com/posting-api/job-board/lab37,https://api.ashbyhq.com/posting-api/job-board/lab37?includeCompensation=true,GET,reported_in_mherzog_recent_ashby_discovery,2026-09-21,ashby_board_tokens_1662.csv,https://github.com/mherzog4/job-boards,Imported from the user-provided board-token registry.
board,ashby,ladder,ladder,slug,https://jobs.ashbyhq.com/ladder,https://api.ashbyhq.com/posting-api/job-board/ladder,https://api.ashbyhq.com/posting-api/job-board/ladder?includeCompensation=true,GET,listed_in_PDFtoWebsite_ashby_source,2026-09-21,ashby_board_tokens_1662.csv,https://github.com/vedangvatsa/PDFtoWebsite/blob/main/.github/scripts/jobs-sync.mjs,Imported from the user-provided board-token registry.
board,ashby,lambda,lambda,slug,https://jobs.ashbyhq.com/lambda,https://api.ashbyhq.com/posting-api/job-board/lambda,https://api.ashbyhq.com/posting-api/job-board/lambda?includeCompensation=true,GET,listed_in_PDFtoWebsite_ashby_source,2026-09-21,ashby_board_tokens_1662.csv,https://github.com/vedangvatsa/PDFtoWebsite/blob/main/.github/scripts/jobs-sync.mjs,Imported from the user-provided board-token registry.
board,ashby,lancedb,lancedb,slug,https://jobs.ashbyhq.com/lancedb,https://api.ashbyhq.com/posting-api/job-board/lancedb,https://api.ashbyhq.com/posting-api/job-board/lancedb?includeCompensation=true,GET,listed_in_PDFtoWebsite_ashby_source,2026-09-21,ashby_board_tokens_1662.csv,https://github.com/vedangvatsa/PDFtoWebsite/blob/main/.github/scripts/jobs-sync.mjs,Imported from the user-provided board-token registry.
board,ashby,langchain,langchain,slug,https://jobs.ashbyhq.com/langchain,https://api.ashbyhq.com/posting-api/job-board/langchain,https://api.ashbyhq.com/posting-api/job-board/langchain?includeCompensation=true,GET,listed_in_PDFtoWebsite_ashby_source,2026-09-21,ashby_board_tokens_1662.csv,https://github.com/vedangvatsa/PDFtoWebsite/blob/main/.github/scripts/jobs-sync.mjs,Imported from the user-provided board-token registry.
board,ashby,lap,lap,slug,https://jobs.ashbyhq.com/lap,https://api.ashbyhq.com/posting-api/job-board/lap,https://api.ashbyhq.com/posting-api/job-board/lap?includeCompensation=true,GET,listed_in_PDFtoWebsite_ashby_source,2026-09-21,ashby_board_tokens_1662.csv,https://github.com/vedangvatsa/PDFtoWebsite/blob/main/.github/scripts/jobs-sync.mjs,Imported from the user-provided board-token registry.
board,ashby,lark,lark,slug,https://jobs.ashbyhq.com/lark,https://api.ashbyhq.com/posting-api/job-board/lark,https://api.ashbyhq.com/posting-api/job-board/lark?includeCompensation=true,GET,listed_in_PDFtoWebsite_ashby_source,2026-09-21,ashby_board_tokens_1662.csv,https://github.com/vedangvatsa/PDFtoWebsite/blob/main/.github/scripts/jobs-sync.mjs,Imported from the user-provided board-token registry.
board,ashby,latamcent,latamcent,slug,https://jobs.ashbyhq.com/latamcent,https://api.ashbyhq.com/posting-api/job-board/latamcent,https://api.ashbyhq.com/posting-api/job-board/latamcent?includeCompensation=true,GET,listed_in_PDFtoWebsite_ashby_source,2026-09-21,ashby_board_tokens_1662.csv,https://github.com/vedangvatsa/PDFtoWebsite/blob/main/.github/scripts/jobs-sync.mjs,Imported from the user-provided board-token registry.
board,ashby,latchbio,latchbio,slug,https://jobs.ashbyhq.com/latchbio,https://api.ashbyhq.com/posting-api/job-board/latchbio,https://api.ashbyhq.com/posting-api/job-board/latchbio?includeCompensation=true,GET,listed_in_PDFtoWebsite_ashby_source,2026-09-21,ashby_board_tokens_1662.csv,https://github.com/vedangvatsa/PDFtoWebsite/blob/main/.github/scripts/jobs-sync.mjs,Imported from the user-provided board-token registry.
board,ashby,latitudecareers,latitudecareers,slug,https://jobs.ashbyhq.com/latitudecareers,https://api.ashbyhq.com/posting-api/job-board/latitudecareers,https://api.ashbyhq.com/posting-api/job-board/latitudecareers?includeCompensation=true,GET,listed_in_PDFtoWebsite_ashby_source,2026-09-21,ashby_board_tokens_1662.csv,https://github.com/vedangvatsa/PDFtoWebsite/blob/main/.github/scripts/jobs-sync.mjs,Imported from the user-provided board-token registry.
board,ashby,laurel,laurel,slug,https://jobs.ashbyhq.com/laurel,https://api.ashbyhq.com/posting-api/job-board/laurel,https://api.ashbyhq.com/posting-api/job-board/laurel?includeCompensation=true,GET,listed_in_PDFtoWebsite_ashby_source,2026-09-21,ashby_board_tokens_1662.csv,https://github.com/vedangvatsa/PDFtoWebsite/blob/main/.github/scripts/jobs-sync.mjs,Imported from the user-provided board-token registry.
board,ashby,lawhive,lawhive,slug,https://jobs.ashbyhq.com/lawhive,https://api.ashbyhq.com/posting-api/job-board/lawhive,https://api.ashbyhq.com/posting-api/job-board/lawhive?includeCompensation=true,GET,listed_in_PDFtoWebsite_ashby_source,2026-09-21,ashby_board_tokens_1662.csv,https://github.com/vedangvatsa/PDFtoWebsite/blob/main/.github/scripts/jobs-sync.mjs,Imported from the user-provided board-token registry.
board,ashby,layerfi,layerfi,slug,https://jobs.ashbyhq.com/layerfi,https://api.ashbyhq.com/posting-api/job-board/layerfi,https://api.ashbyhq.com/posting-api/job-board/layerfi?includeCompensation=true,GET,listed_in_PDFtoWebsite_ashby_source,2026-09-21,ashby_board_tokens_1662.csv,https://github.com/vedangvatsa/PDFtoWebsite/blob/main/.github/scripts/jobs-sync.mjs,Imported from the user-provided board-token registry.
board,ashby,leadbank,leadbank,slug,https://jobs.ashbyhq.com/leadbank,https://api.ashbyhq.com/posting-api/job-board/leadbank,https://api.ashbyhq.com/posting-api/job-board/leadbank?includeCompensation=true,GET,listed_in_PDFtoWebsite_ashby_source,2026-09-21,ashby_board_tokens_1662.csv,https://github.com/vedangvatsa/PDFtoWebsite/blob/main/.github/scripts/jobs-sync.mjs,Imported from the user-provided board-token registry.
board,ashby,leandata,leandata,slug,https://jobs.ashbyhq.com/leandata,https://api.ashbyhq.com/posting-api/job-board/leandata,https://api.ashbyhq.com/posting-api/job-board/leandata?includeCompensation=true,GET,listed_in_PDFtoWebsite_ashby_source,2026-09-21,ashby_board_tokens_1662.csv,https://github.com/vedangvatsa/PDFtoWebsite/blob/main/.github/scripts/jobs-sync.mjs,Imported from the user-provided board-token registry.
board,ashby,leantechniques,leantechniques,slug,https://jobs.ashbyhq.com/leantechniques,https://api.ashbyhq.com/posting-api/job-board/leantechniques,https://api.ashbyhq.com/posting-api/job-board/leantechniques?includeCompensation=true,GET,listed_in_PDFtoWebsite_ashby_source,2026-09-21,ashby_board_tokens_1662.csv,https://github.com/vedangvatsa/PDFtoWebsite/blob/main/.github/scripts/jobs-sync.mjs,Imported from the user-provided board-token registry.
board,ashby,leap,leap,slug,https://jobs.ashbyhq.com/leap,https://api.ashbyhq.com/posting-api/job-board/leap,https://api.ashbyhq.com/posting-api/job-board/leap?includeCompensation=true,GET,listed_in_PDFtoWebsite_ashby_source,2026-09-21,ashby_board_tokens_1662.csv,https://github.com/vedangvatsa/PDFtoWebsite/blob/main/.github/scripts/jobs-sync.mjs,Imported from the user-provided board-token registry.
board,ashby,leapsome,leapsome,slug,https://jobs.ashbyhq.com/leapsome,https://api.ashbyhq.com/posting-api/job-board/leapsome,https://api.ashbyhq.com/posting-api/job-board/leapsome?includeCompensation=true,GET,listed_in_PDFtoWebsite_ashby_source,2026-09-21,ashby_board_tokens_1662.csv,https://github.com/vedangvatsa/PDFtoWebsite/blob/main/.github/scripts/jobs-sync.mjs,Imported from the user-provided board-token registry.
board,ashby,ledger,ledger,slug,https://jobs.ashbyhq.com/ledger,https://api.ashbyhq.com/posting-api/job-board/ledger,https://api.ashbyhq.com/posting-api/job-board/ledger?includeCompensation=true,GET,listed_in_PDFtoWebsite_ashby_source,2026-09-21,ashby_board_tokens_1662.csv,https://github.com/vedangvatsa/PDFtoWebsite/blob/main/.github/scripts/jobs-sync.mjs,Imported from the user-provided board-token registry.
board,ashby,legionhealth,legionhealth,slug,https://jobs.ashbyhq.com/legionhealth,https://api.ashbyhq.com/posting-api/job-board/legionhealth,https://api.ashbyhq.com/posting-api/job-board/legionhealth?includeCompensation=true,GET,listed_in_PDFtoWebsite_ashby_source,2026-09-21,ashby_board_tokens_1662.csv,https://github.com/vedangvatsa/PDFtoWebsite/blob/main/.github/scripts/jobs-sync.mjs,Imported from the user-provided board-token registry.
board,ashby,leland,leland,slug,https://jobs.ashbyhq.com/leland,https://api.ashbyhq.com/posting-api/job-board/leland,https://api.ashbyhq.com/posting-api/job-board/leland?includeCompensation=true,GET,listed_in_PDFtoWebsite_ashby_source,2026-09-21,ashby_board_tokens_1662.csv,https://github.com/vedangvatsa/PDFtoWebsite/blob/main/.github/scripts/jobs-sync.mjs,Imported from the user-provided board-token registry.
board,ashby,lemlist,lemlist,slug,https://jobs.ashbyhq.com/lemlist,https://api.ashbyhq.com/posting-api/job-board/lemlist,https://api.ashbyhq.com/posting-api/job-board/lemlist?includeCompensation=true,GET,listed_in_PDFtoWebsite_ashby_source,2026-09-21,ashby_board_tokens_1662.csv,https://github.com/vedangvatsa/PDFtoWebsite/blob/main/.github/scripts/jobs-sync.mjs,Imported from the user-provided board-token registry.
board,ashby,lemonade,lemonade,slug,https://jobs.ashbyhq.com/lemonade,https://api.ashbyhq.com/posting-api/job-board/lemonade,https://api.ashbyhq.com/posting-api/job-board/lemonade?includeCompensation=true,GET,listed_in_PDFtoWebsite_ashby_source,2026-09-21,ashby_board_tokens_1662.csv,https://github.com/vedangvatsa/PDFtoWebsite/blob/main/.github/scripts/jobs-sync.mjs,Imported from the user-provided board-token registry.
board,ashby,lendable,lendable,slug,https://jobs.ashbyhq.com/lendable,https://api.ashbyhq.com/posting-api/job-board/lendable,https://api.ashbyhq.com/posting-api/job-board/lendable?includeCompensation=true,GET,listed_in_PDFtoWebsite_ashby_source,2026-09-21,ashby_board_tokens_1662.csv,https://github.com/vedangvatsa/PDFtoWebsite/blob/main/.github/scripts/jobs-sync.mjs,Imported from the user-provided board-token registry.
board,ashby,leona,leona,slug,https://jobs.ashbyhq.com/leona,https://api.ashbyhq.com/posting-api/job-board/leona,https://api.ashbyhq.com/posting-api/job-board/leona?includeCompensation=true,GET,listed_in_PDFtoWebsite_ashby_source,2026-09-21,ashby_board_tokens_1662.csv,https://github.com/vedangvatsa/PDFtoWebsite/blob/main/.github/scripts/jobs-sync.mjs,Imported from the user-provided board-token registry.
board,ashby,level,level,slug,https://jobs.ashbyhq.com/level,https://api.ashbyhq.com/posting-api/job-board/level,https://api.ashbyhq.com/posting-api/job-board/level?includeCompensation=true,GET,listed_in_PDFtoWebsite_ashby_source,2026-09-21,ashby_board_tokens_1662.csv,https://github.com/vedangvatsa/PDFtoWebsite/blob/main/.github/scripts/jobs-sync.mjs,Imported from the user-provided board-token registry.
board,ashby,levelpath,levelpath,slug,https://jobs.ashbyhq.com/levelpath,https://api.ashbyhq.com/posting-api/job-board/levelpath,https://api.ashbyhq.com/posting-api/job-board/levelpath?includeCompensation=true,GET,listed_in_PDFtoWebsite_ashby_source,2026-09-21,ashby_board_tokens_1662.csv,https://github.com/vedangvatsa/PDFtoWebsite/blob/main/.github/scripts/jobs-sync.mjs,Imported from the user-provided board-token registry.
board,ashby,lgads,lgads,slug,https://jobs.ashbyhq.com/lgads,https://api.ashbyhq.com/posting-api/job-board/lgads,https://api.ashbyhq.com/posting-api/job-board/lgads?includeCompensation=true,GET,listed_in_PDFtoWebsite_ashby_source,2026-09-21,ashby_board_tokens_1662.csv,https://github.com/vedangvatsa/PDFtoWebsite/blob/main/.github/scripts/jobs-sync.mjs,Imported from the user-provided board-token registry.
board,ashby,li.fi,li.fi,slug,https://jobs.ashbyhq.com/li.fi,https://api.ashbyhq.com/posting-api/job-board/li.fi,https://api.ashbyhq.com/posting-api/job-board/li.fi?includeCompensation=true,GET,listed_in_PDFtoWebsite_ashby_source,2026-09-21,ashby_board_tokens_1662.csv,https://github.com/vedangvatsa/PDFtoWebsite/blob/main/.github/scripts/jobs-sync.mjs,Imported from the user-provided board-token registry.
board,ashby,libra,libra,slug,https://jobs.ashbyhq.com/libra,https://api.ashbyhq.com/posting-api/job-board/libra,https://api.ashbyhq.com/posting-api/job-board/libra?includeCompensation=true,GET,listed_in_PDFtoWebsite_ashby_source,2026-09-21,ashby_board_tokens_1662.csv,https://github.com/vedangvatsa/PDFtoWebsite/blob/main/.github/scripts/jobs-sync.mjs,Imported from the user-provided board-token registry.
board,ashby,lido.fi,lido.fi,slug,https://jobs.ashbyhq.com/lido.fi,https://api.ashbyhq.com/posting-api/job-board/lido.fi,https://api.ashbyhq.com/posting-api/job-board/lido.fi?includeCompensation=true,GET,listed_in_PDFtoWebsite_ashby_source,2026-09-21,ashby_board_tokens_1662.csv,https://github.com/vedangvatsa/PDFtoWebsite/blob/main/.github/scripts/jobs-sync.mjs,Imported from the user-provided board-token registry.
board,ashby,life-space-digital,life-space-digital,slug,https://jobs.ashbyhq.com/life-space-digital,https://api.ashbyhq.com/posting-api/job-board/life-space-digital,https://api.ashbyhq.com/posting-api/job-board/life-space-digital?includeCompensation=true,GET,listed_in_PDFtoWebsite_ashby_source,2026-09-21,ashby_board_tokens_1662.csv,https://github.com/vedangvatsa/PDFtoWebsite/blob/main/.github/scripts/jobs-sync.mjs,Imported from the user-provided board-token registry.
board,ashby,lightdash,lightdash,slug,https://jobs.ashbyhq.com/lightdash,https://api.ashbyhq.com/posting-api/job-board/lightdash,https://api.ashbyhq.com/posting-api/job-board/lightdash?includeCompensation=true,GET,listed_in_PDFtoWebsite_ashby_source,2026-09-21,ashby_board_tokens_1662.csv,https://github.com/vedangvatsa/PDFtoWebsite/blob/main/.github/scripts/jobs-sync.mjs,Imported from the user-provided board-token registry.
board,ashby,lightning,lightning,slug,https://jobs.ashbyhq.com/lightning,https://api.ashbyhq.com/posting-api/job-board/lightning,https://api.ashbyhq.com/posting-api/job-board/lightning?includeCompensation=true,GET,listed_in_PDFtoWebsite_ashby_source,2026-09-21,ashby_board_tokens_1662.csv,https://github.com/vedangvatsa/PDFtoWebsite/blob/main/.github/scripts/jobs-sync.mjs,Imported from the user-provided board-token registry.
board,ashby,lightspark,lightspark,slug,https://jobs.ashbyhq.com/lightspark,https://api.ashbyhq.com/posting-api/job-board/lightspark,https://api.ashbyhq.com/posting-api/job-board/lightspark?includeCompensation=true,GET,listed_in_PDFtoWebsite_ashby_source,2026-09-21,ashby_board_tokens_1662.csv,https://github.com/vedangvatsa/PDFtoWebsite/blob/main/.github/scripts/jobs-sync.mjs,Imported from the user-provided board-token registry.
board,ashby,lightstep,lightstep,slug,https://jobs.ashbyhq.com/lightstep,https://api.ashbyhq.com/posting-api/job-board/lightstep,https://api.ashbyhq.com/posting-api/job-board/lightstep?includeCompensation=true,GET,listed_in_PDFtoWebsite_alt_ashby_source,2026-09-21,ashby_board_tokens_1662.csv,https://github.com/vedangvatsa/PDFtoWebsite/blob/main/run-cj.mjs,Imported from the user-provided board-token registry.
board,ashby,lilt-corporate,lilt-corporate,slug,https://jobs.ashbyhq.com/lilt-corporate,https://api.ashbyhq.com/posting-api/job-board/lilt-corporate,https://api.ashbyhq.com/posting-api/job-board/lilt-corporate?includeCompensation=true,GET,listed_in_PDFtoWebsite_ashby_source,2026-09-21,ashby_board_tokens_1662.csv,https://github.com/vedangvatsa/PDFtoWebsite/blob/main/.github/scripts/jobs-sync.mjs,Imported from the user-provided board-token registry.
board,ashby,limble,limble,slug,https://jobs.ashbyhq.com/limble,https://api.ashbyhq.com/posting-api/job-board/limble,https://api.ashbyhq.com/posting-api/job-board/limble?includeCompensation=true,GET,listed_in_PDFtoWebsite_ashby_source,2026-09-21,ashby_board_tokens_1662.csv,https://github.com/vedangvatsa/PDFtoWebsite/blob/main/.github/scripts/jobs-sync.mjs,Imported from the user-provided board-token registry.
board,ashby,lime,lime,slug,https://jobs.ashbyhq.com/lime,https://api.ashbyhq.com/posting-api/job-board/lime,https://api.ashbyhq.com/posting-api/job-board/lime?includeCompensation=true,GET,listed_in_PDFtoWebsite_alt_ashby_source,2026-09-21,ashby_board_tokens_1662.csv,https://github.com/vedangvatsa/PDFtoWebsite/blob/main/run-cj.mjs,Imported from the user-provided board-token registry.
board,ashby,linda,linda,slug,https://jobs.ashbyhq.com/linda,https://api.ashbyhq.com/posting-api/job-board/linda,https://api.ashbyhq.com/posting-api/job-board/linda?includeCompensation=true,GET,listed_in_PDFtoWebsite_ashby_source,2026-09-21,ashby_board_tokens_1662.csv,https://github.com/vedangvatsa/PDFtoWebsite/blob/main/.github/scripts/jobs-sync.mjs,Imported from the user-provided board-token registry.
board,ashby,lindushealth,lindushealth,slug,https://jobs.ashbyhq.com/lindushealth,https://api.ashbyhq.com/posting-api/job-board/lindushealth,https://api.ashbyhq.com/posting-api/job-board/lindushealth?includeCompensation=true,GET,listed_in_PDFtoWebsite_alt_ashby_source,2026-09-21,ashby_board_tokens_1662.csv,https://github.com/vedangvatsa/PDFtoWebsite/blob/main/run-cj.mjs,Imported from the user-provided board-token registry.
board,ashby,lindy,lindy,slug,https://jobs.ashbyhq.com/lindy,https://api.ashbyhq.com/posting-api/job-board/lindy,https://api.ashbyhq.com/posting-api/job-board/lindy?includeCompensation=true,GET,listed_in_PDFtoWebsite_ashby_source,2026-09-21,ashby_board_tokens_1662.csv,https://github.com/vedangvatsa/PDFtoWebsite/blob/main/.github/scripts/jobs-sync.mjs,Imported from the user-provided board-token registry.
board,ashby,linear,linear,slug,https://jobs.ashbyhq.com/linear,https://api.ashbyhq.com/posting-api/job-board/linear,https://api.ashbyhq.com/posting-api/job-board/linear?includeCompensation=true,GET,listed_in_PDFtoWebsite_ashby_source,2026-09-21,ashby_board_tokens_1662.csv,https://github.com/vedangvatsa/PDFtoWebsite/blob/main/.github/scripts/jobs-sync.mjs,Imported from the user-provided board-token registry.
board,ashby,linera.io,linera.io,slug,https://jobs.ashbyhq.com/linera.io,https://api.ashbyhq.com/posting-api/job-board/linera.io,https://api.ashbyhq.com/posting-api/job-board/linera.io?includeCompensation=true,GET,listed_in_PDFtoWebsite_ashby_source,2026-09-21,ashby_board_tokens_1662.csv,https://github.com/vedangvatsa/PDFtoWebsite/blob/main/.github/scripts/jobs-sync.mjs,Imported from the user-provided board-token registry.
board,ashby,linqapp,linqapp,slug,https://jobs.ashbyhq.com/linqapp,https://api.ashbyhq.com/posting-api/job-board/linqapp,https://api.ashbyhq.com/posting-api/job-board/linqapp?includeCompensation=true,GET,listed_in_PDFtoWebsite_ashby_source,2026-09-21,ashby_board_tokens_1662.csv,https://github.com/vedangvatsa/PDFtoWebsite/blob/main/.github/scripts/jobs-sync.mjs,Imported from the user-provided board-token registry.
board,ashby,liquid-ai,liquid-ai,slug,https://jobs.ashbyhq.com/liquid-ai,https://api.ashbyhq.com/posting-api/job-board/liquid-ai,https://api.ashbyhq.com/posting-api/job-board/liquid-ai?includeCompensation=true,GET,listed_in_PDFtoWebsite_ashby_source,2026-09-21,ashby_board_tokens_1662.csv,https://github.com/vedangvatsa/PDFtoWebsite/blob/main/.github/scripts/jobs-sync.mjs,Imported from the user-provided board-token registry.
board,ashby,listenlabs,listenlabs,slug,https://jobs.ashbyhq.com/listenlabs,https://api.ashbyhq.com/posting-api/job-board/listenlabs,https://api.ashbyhq.com/posting-api/job-board/listenlabs?includeCompensation=true,GET,listed_in_PDFtoWebsite_ashby_source,2026-09-21,ashby_board_tokens_1662.csv,https://github.com/vedangvatsa/PDFtoWebsite/blob/main/.github/scripts/jobs-sync.mjs,Imported from the user-provided board-token registry.
board,ashby,lithosquare,lithosquare,slug,https://jobs.ashbyhq.com/lithosquare,https://api.ashbyhq.com/posting-api/job-board/lithosquare,https://api.ashbyhq.com/posting-api/job-board/lithosquare?includeCompensation=true,GET,listed_in_PDFtoWebsite_ashby_source,2026-09-21,ashby_board_tokens_1662.csv,https://github.com/vedangvatsa/PDFtoWebsite/blob/main/.github/scripts/jobs-sync.mjs,Imported from the user-provided board-token registry.
board,ashby,liv-golf,liv-golf,slug,https://jobs.ashbyhq.com/liv-golf,https://api.ashbyhq.com/posting-api/job-board/liv-golf,https://api.ashbyhq.com/posting-api/job-board/liv-golf?includeCompensation=true,GET,listed_in_PDFtoWebsite_ashby_source,2026-09-21,ashby_board_tokens_1662.csv,https://github.com/vedangvatsa/PDFtoWebsite/blob/main/.github/scripts/jobs-sync.mjs,Imported from the user-provided board-token registry.
board,ashby,liveblocks,liveblocks,slug,https://jobs.ashbyhq.com/liveblocks,https://api.ashbyhq.com/posting-api/job-board/liveblocks,https://api.ashbyhq.com/posting-api/job-board/liveblocks?includeCompensation=true,GET,listed_in_PDFtoWebsite_alt_ashby_source,2026-09-21,ashby_board_tokens_1662.csv,https://github.com/vedangvatsa/PDFtoWebsite/blob/main/run-cj.mjs,Imported from the user-provided board-token registry.
board,ashby,livekit,livekit,slug,https://jobs.ashbyhq.com/livekit,https://api.ashbyhq.com/posting-api/job-board/livekit,https://api.ashbyhq.com/posting-api/job-board/livekit?includeCompensation=true,GET,listed_in_PDFtoWebsite_ashby_source,2026-09-21,ashby_board_tokens_1662.csv,https://github.com/vedangvatsa/PDFtoWebsite/blob/main/.github/scripts/jobs-sync.mjs,Imported from the user-provided board-token registry.
board,ashby,livinghr,livinghr,slug,https://jobs.ashbyhq.com/livinghr,https://api.ashbyhq.com/posting-api/job-board/livinghr,https://api.ashbyhq.com/posting-api/job-board/livinghr?includeCompensation=true,GET,listed_in_PDFtoWebsite_ashby_source,2026-09-21,ashby_board_tokens_1662.csv,https://github.com/vedangvatsa/PDFtoWebsite/blob/main/.github/scripts/jobs-sync.mjs,Imported from the user-provided board-token registry.
board,ashby,llamaindex,llamaindex,slug,https://jobs.ashbyhq.com/llamaindex,https://api.ashbyhq.com/posting-api/job-board/llamaindex,https://api.ashbyhq.com/posting-api/job-board/llamaindex?includeCompensation=true,GET,verified_in_open-ats-jobs_ashby_source,2026-08-18,ashby_board_tokens_1662.csv,https://github.com/splashdeluxe/open-ats-jobs/blob/main/seeds/companies.json,Imported from the user-provided board-token registry.
board,ashby,lm-studio,lm-studio,slug,https://jobs.ashbyhq.com/lm-studio,https://api.ashbyhq.com/posting-api/job-board/lm-studio,https://api.ashbyhq.com/posting-api/job-board/lm-studio?includeCompensation=true,GET,listed_in_PDFtoWebsite_ashby_source,2026-09-21,ashby_board_tokens_1662.csv,https://github.com/vedangvatsa/PDFtoWebsite/blob/main/.github/scripts/jobs-sync.mjs,Imported from the user-provided board-token registry.
board,ashby,loancrate,loancrate,slug,https://jobs.ashbyhq.com/loancrate,https://api.ashbyhq.com/posting-api/job-board/loancrate,https://api.ashbyhq.com/posting-api/job-board/loancrate?includeCompensation=true,GET,listed_in_PDFtoWebsite_ashby_source,2026-09-21,ashby_board_tokens_1662.csv,https://github.com/vedangvatsa/PDFtoWebsite/blob/main/.github/scripts/jobs-sync.mjs,Imported from the user-provided board-token registry.
board,ashby,logiqal,logiqal,slug,https://jobs.ashbyhq.com/logiqal,https://api.ashbyhq.com/posting-api/job-board/logiqal,https://api.ashbyhq.com/posting-api/job-board/logiqal?includeCompensation=true,GET,listed_in_PDFtoWebsite_ashby_source,2026-09-21,ashby_board_tokens_1662.csv,https://github.com/vedangvatsa/PDFtoWebsite/blob/main/.github/scripts/jobs-sync.mjs,Imported from the user-provided board-token registry.
board,ashby,loom,loom,slug,https://jobs.ashbyhq.com/loom,https://api.ashbyhq.com/posting-api/job-board/loom,https://api.ashbyhq.com/posting-api/job-board/loom?includeCompensation=true,GET,listed_in_PDFtoWebsite_ashby_source,2026-09-21,ashby_board_tokens_1662.csv,https://github.com/vedangvatsa/PDFtoWebsite/blob/main/.github/scripts/jobs-sync.mjs,Imported from the user-provided board-token registry.
board,ashby,loopio,loopio,slug,https://jobs.ashbyhq.com/loopio,https://api.ashbyhq.com/posting-api/job-board/loopio,https://api.ashbyhq.com/posting-api/job-board/loopio?includeCompensation=true,GET,listed_in_PDFtoWebsite_ashby_source,2026-09-21,ashby_board_tokens_1662.csv,https://github.com/vedangvatsa/PDFtoWebsite/blob/main/.github/scripts/jobs-sync.mjs,Imported from the user-provided board-token registry.
board,ashby,loora,loora,slug,https://jobs.ashbyhq.com/loora,https://api.ashbyhq.com/posting-api/job-board/loora,https://api.ashbyhq.com/posting-api/job-board/loora?includeCompensation=true,GET,listed_in_PDFtoWebsite_ashby_source,2026-09-21,ashby_board_tokens_1662.csv,https://github.com/vedangvatsa/PDFtoWebsite/blob/main/.github/scripts/jobs-sync.mjs,Imported from the user-provided board-token registry.
board,ashby,loot-labs,loot-labs,slug,https://jobs.ashbyhq.com/loot-labs,https://api.ashbyhq.com/posting-api/job-board/loot-labs,https://api.ashbyhq.com/posting-api/job-board/loot-labs?includeCompensation=true,GET,listed_in_PDFtoWebsite_ashby_source,2026-09-21,ashby_board_tokens_1662.csv,https://github.com/vedangvatsa/PDFtoWebsite/blob/main/.github/scripts/jobs-sync.mjs,Imported from the user-provided board-token registry.
board,ashby,lottie,lottie,slug,https://jobs.ashbyhq.com/lottie,https://api.ashbyhq.com/posting-api/job-board/lottie,https://api.ashbyhq.com/posting-api/job-board/lottie?includeCompensation=true,GET,listed_in_PDFtoWebsite_ashby_source,2026-09-21,ashby_board_tokens_1662.csv,https://github.com/vedangvatsa/PDFtoWebsite/blob/main/.github/scripts/jobs-sync.mjs,Imported from the user-provided board-token registry.
board,ashby,loula,loula,slug,https://jobs.ashbyhq.com/loula,https://api.ashbyhq.com/posting-api/job-board/loula,https://api.ashbyhq.com/posting-api/job-board/loula?includeCompensation=true,GET,listed_in_PDFtoWebsite_ashby_source,2026-09-21,ashby_board_tokens_1662.csv,https://github.com/vedangvatsa/PDFtoWebsite/blob/main/.github/scripts/jobs-sync.mjs,Imported from the user-provided board-token registry.
board,ashby,lovable,lovable,slug,https://jobs.ashbyhq.com/lovable,https://api.ashbyhq.com/posting-api/job-board/lovable,https://api.ashbyhq.com/posting-api/job-board/lovable?includeCompensation=true,GET,listed_in_PDFtoWebsite_ashby_source,2026-09-21,ashby_board_tokens_1662.csv,https://github.com/vedangvatsa/PDFtoWebsite/blob/main/.github/scripts/jobs-sync.mjs,Imported from the user-provided board-token registry.
board,ashby,loveholidays,loveholidays,slug,https://jobs.ashbyhq.com/loveholidays,https://api.ashbyhq.com/posting-api/job-board/loveholidays,https://api.ashbyhq.com/posting-api/job-board/loveholidays?includeCompensation=true,GET,listed_in_PDFtoWebsite_ashby_source,2026-09-21,ashby_board_tokens_1662.csv,https://github.com/vedangvatsa/PDFtoWebsite/blob/main/.github/scripts/jobs-sync.mjs,Imported from the user-provided board-token registry.
board,ashby,lpadesignstudios,lpadesignstudios,slug,https://jobs.ashbyhq.com/lpadesignstudios,https://api.ashbyhq.com/posting-api/job-board/lpadesignstudios,https://api.ashbyhq.com/posting-api/job-board/lpadesignstudios?includeCompensation=true,GET,listed_in_PDFtoWebsite_ashby_source,2026-09-21,ashby_board_tokens_1662.csv,https://github.com/vedangvatsa/PDFtoWebsite/blob/main/.github/scripts/jobs-sync.mjs,Imported from the user-provided board-token registry.
board,ashby,luminai,luminai,slug,https://jobs.ashbyhq.com/luminai,https://api.ashbyhq.com/posting-api/job-board/luminai,https://api.ashbyhq.com/posting-api/job-board/luminai?includeCompensation=true,GET,listed_in_PDFtoWebsite_ashby_source,2026-09-21,ashby_board_tokens_1662.csv,https://github.com/vedangvatsa/PDFtoWebsite/blob/main/.github/scripts/jobs-sync.mjs,Imported from the user-provided board-token registry.
board,ashby,luminary,luminary,slug,https://jobs.ashbyhq.com/luminary,https://api.ashbyhq.com/posting-api/job-board/luminary,https://api.ashbyhq.com/posting-api/job-board/luminary?includeCompensation=true,GET,listed_in_PDFtoWebsite_ashby_source,2026-09-21,ashby_board_tokens_1662.csv,https://github.com/vedangvatsa/PDFtoWebsite/blob/main/.github/scripts/jobs-sync.mjs,Imported from the user-provided board-token registry.
board,ashby,luminovo,luminovo,slug,https://jobs.ashbyhq.com/luminovo,https://api.ashbyhq.com/posting-api/job-board/luminovo,https://api.ashbyhq.com/posting-api/job-board/luminovo?includeCompensation=true,GET,listed_in_PDFtoWebsite_ashby_source,2026-09-21,ashby_board_tokens_1662.csv,https://github.com/vedangvatsa/PDFtoWebsite/blob/main/.github/scripts/jobs-sync.mjs,Imported from the user-provided board-token registry.
board,ashby,lunar,lunar,slug,https://jobs.ashbyhq.com/lunar,https://api.ashbyhq.com/posting-api/job-board/lunar,https://api.ashbyhq.com/posting-api/job-board/lunar?includeCompensation=true,GET,listed_in_PDFtoWebsite_ashby_source,2026-09-21,ashby_board_tokens_1662.csv,https://github.com/vedangvatsa/PDFtoWebsite/blob/main/.github/scripts/jobs-sync.mjs,Imported from the user-provided board-token registry.
board,ashby,lydian,lydian,slug,https://jobs.ashbyhq.com/lydian,https://api.ashbyhq.com/posting-api/job-board/lydian,https://api.ashbyhq.com/posting-api/job-board/lydian?includeCompensation=true,GET,listed_in_PDFtoWebsite_ashby_source,2026-09-21,ashby_board_tokens_1662.csv,https://github.com/vedangvatsa/PDFtoWebsite/blob/main/.github/scripts/jobs-sync.mjs,Imported from the user-provided board-token registry.
board,ashby,lynk,lynk,slug,https://jobs.ashbyhq.com/lynk,https://api.ashbyhq.com/posting-api/job-board/lynk,https://api.ashbyhq.com/posting-api/job-board/lynk?includeCompensation=true,GET,listed_in_PDFtoWebsite_ashby_source,2026-09-21,ashby_board_tokens_1662.csv,https://github.com/vedangvatsa/PDFtoWebsite/blob/main/.github/scripts/jobs-sync.mjs,Imported from the user-provided board-token registry.
board,ashby,lyric,lyric,slug,https://jobs.ashbyhq.com/lyric,https://api.ashbyhq.com/posting-api/job-board/lyric,https://api.ashbyhq.com/posting-api/job-board/lyric?includeCompensation=true,GET,listed_in_PDFtoWebsite_ashby_source,2026-09-21,ashby_board_tokens_1662.csv,https://github.com/vedangvatsa/PDFtoWebsite/blob/main/.github/scripts/jobs-sync.mjs,Imported from the user-provided board-token registry.
board,ashby,M-KOPA,m-kopa,slug,https://jobs.ashbyhq.com/m-kopa,https://api.ashbyhq.com/posting-api/job-board/m-kopa,https://api.ashbyhq.com/posting-api/job-board/m-kopa?includeCompensation=true,GET,africa_directory_active,2026-09-22,Thelastpoet/africa-ats-directory,https://github.com/Thelastpoet/africa-ats-directory,Curated Africa ATS directory; country=KE; source status=active. Revalidate live status during crawl.
board,ashby,m13,m13,slug,https://jobs.ashbyhq.com/m13,https://api.ashbyhq.com/posting-api/job-board/m13,https://api.ashbyhq.com/posting-api/job-board/m13?includeCompensation=true,GET,listed_in_PDFtoWebsite_ashby_source,2026-09-21,ashby_board_tokens_1662.csv,https://github.com/vedangvatsa/PDFtoWebsite/blob/main/.github/scripts/jobs-sync.mjs,Imported from the user-provided board-token registry.
board,ashby,mach,mach,slug,https://jobs.ashbyhq.com/mach,https://api.ashbyhq.com/posting-api/job-board/mach,https://api.ashbyhq.com/posting-api/job-board/mach?includeCompensation=true,GET,listed_in_PDFtoWebsite_ashby_source,2026-09-21,ashby_board_tokens_1662.csv,https://github.com/vedangvatsa/PDFtoWebsite/blob/main/.github/scripts/jobs-sync.mjs,Imported from the user-provided board-token registry.
board,ashby,mach9,mach9,slug,https://jobs.ashbyhq.com/mach9,https://api.ashbyhq.com/posting-api/job-board/mach9,https://api.ashbyhq.com/posting-api/job-board/mach9?includeCompensation=true,GET,listed_in_PDFtoWebsite_ashby_source,2026-09-21,ashby_board_tokens_1662.csv,https://github.com/vedangvatsa/PDFtoWebsite/blob/main/.github/scripts/jobs-sync.mjs,Imported from the user-provided board-token registry.
board,ashby,machinify,machinify,slug,https://jobs.ashbyhq.com/machinify,https://api.ashbyhq.com/posting-api/job-board/machinify,https://api.ashbyhq.com/posting-api/job-board/machinify?includeCompensation=true,GET,listed_in_PDFtoWebsite_alt_ashby_source,2026-09-21,ashby_board_tokens_1662.csv,https://github.com/vedangvatsa/PDFtoWebsite/blob/main/run-cj.mjs,Imported from the user-provided board-token registry.
board,ashby,macroscopic,macroscopic,slug,https://jobs.ashbyhq.com/macroscopic,https://api.ashbyhq.com/posting-api/job-board/macroscopic,https://api.ashbyhq.com/posting-api/job-board/macroscopic?includeCompensation=true,GET,listed_in_PDFtoWebsite_ashby_source,2026-09-21,ashby_board_tokens_1662.csv,https://github.com/vedangvatsa/PDFtoWebsite/blob/main/.github/scripts/jobs-sync.mjs,Imported from the user-provided board-token registry.
board,ashby,madhive,madhive,slug,https://jobs.ashbyhq.com/madhive,https://api.ashbyhq.com/posting-api/job-board/madhive,https://api.ashbyhq.com/posting-api/job-board/madhive?includeCompensation=true,GET,listed_in_PDFtoWebsite_ashby_source,2026-09-21,ashby_board_tokens_1662.csv,https://github.com/vedangvatsa/PDFtoWebsite/blob/main/.github/scripts/jobs-sync.mjs,Imported from the user-provided board-token registry.
board,ashby,magic,magic,slug,https://jobs.ashbyhq.com/magic,https://api.ashbyhq.com/posting-api/job-board/magic,https://api.ashbyhq.com/posting-api/job-board/magic?includeCompensation=true,GET,listed_in_PDFtoWebsite_alt_ashby_source,2026-09-21,ashby_board_tokens_1662.csv,https://github.com/vedangvatsa/PDFtoWebsite/blob/main/run-cj.mjs,Imported from the user-provided board-token registry.
board,ashby,magic.dev,magic.dev,slug,https://jobs.ashbyhq.com/magic.dev,https://api.ashbyhq.com/posting-api/job-board/magic.dev,https://api.ashbyhq.com/posting-api/job-board/magic.dev?includeCompensation=true,GET,listed_in_PDFtoWebsite_ashby_source,2026-09-21,ashby_board_tokens_1662.csv,https://github.com/vedangvatsa/PDFtoWebsite/blob/main/.github/scripts/jobs-sync.mjs,Imported from the user-provided board-token registry.
board,ashby,magical,magical,slug,https://jobs.ashbyhq.com/magical,https://api.ashbyhq.com/posting-api/job-board/magical,https://api.ashbyhq.com/posting-api/job-board/magical?includeCompensation=true,GET,listed_in_PDFtoWebsite_ashby_source,2026-09-21,ashby_board_tokens_1662.csv,https://github.com/vedangvatsa/PDFtoWebsite/blob/main/.github/scripts/jobs-sync.mjs,Imported from the user-provided board-token registry.
board,ashby,magiceden,magiceden,slug,https://jobs.ashbyhq.com/magiceden,https://api.ashbyhq.com/posting-api/job-board/magiceden,https://api.ashbyhq.com/posting-api/job-board/magiceden?includeCompensation=true,GET,listed_in_PDFtoWebsite_ashby_source,2026-09-21,ashby_board_tokens_1662.csv,https://github.com/vedangvatsa/PDFtoWebsite/blob/main/.github/scripts/jobs-sync.mjs,Imported from the user-provided board-token registry.
board,ashby,magicschool,magicschool,slug,https://jobs.ashbyhq.com/magicschool,https://api.ashbyhq.com/posting-api/job-board/magicschool,https://api.ashbyhq.com/posting-api/job-board/magicschool?includeCompensation=true,GET,listed_in_PDFtoWebsite_ashby_source,2026-09-21,ashby_board_tokens_1662.csv,https://github.com/vedangvatsa/PDFtoWebsite/blob/main/.github/scripts/jobs-sync.mjs,Imported from the user-provided board-token registry.
board,ashby,maincode,maincode,slug,https://jobs.ashbyhq.com/maincode,https://api.ashbyhq.com/posting-api/job-board/maincode,https://api.ashbyhq.com/posting-api/job-board/maincode?includeCompensation=true,GET,listed_in_PDFtoWebsite_ashby_source,2026-09-21,ashby_board_tokens_1662.csv,https://github.com/vedangvatsa/PDFtoWebsite/blob/main/.github/scripts/jobs-sync.mjs,Imported from the user-provided board-token registry.
board,ashby,mainstay,mainstay,slug,https://jobs.ashbyhq.com/mainstay,https://api.ashbyhq.com/posting-api/job-board/mainstay,https://api.ashbyhq.com/posting-api/job-board/mainstay?includeCompensation=true,GET,listed_in_PDFtoWebsite_ashby_source,2026-09-21,ashby_board_tokens_1662.csv,https://github.com/vedangvatsa/PDFtoWebsite/blob/main/.github/scripts/jobs-sync.mjs,Imported from the user-provided board-token registry.
board,ashby,maintainx,maintainx,slug,https://jobs.ashbyhq.com/maintainx,https://api.ashbyhq.com/posting-api/job-board/maintainx,https://api.ashbyhq.com/posting-api/job-board/maintainx?includeCompensation=true,GET,listed_in_PDFtoWebsite_ashby_source,2026-09-21,ashby_board_tokens_1662.csv,https://github.com/vedangvatsa/PDFtoWebsite/blob/main/.github/scripts/jobs-sync.mjs,Imported from the user-provided board-token registry.
board,ashby,mandolin,mandolin,slug,https://jobs.ashbyhq.com/mandolin,https://api.ashbyhq.com/posting-api/job-board/mandolin,https://api.ashbyhq.com/posting-api/job-board/mandolin?includeCompensation=true,GET,listed_in_PDFtoWebsite_ashby_source,2026-09-21,ashby_board_tokens_1662.csv,https://github.com/vedangvatsa/PDFtoWebsite/blob/main/.github/scripts/jobs-sync.mjs,Imported from the user-provided board-token registry.
board,ashby,mangomint,mangomint,slug,https://jobs.ashbyhq.com/mangomint,https://api.ashbyhq.com/posting-api/job-board/mangomint,https://api.ashbyhq.com/posting-api/job-board/mangomint?includeCompensation=true,GET,listed_in_PDFtoWebsite_ashby_source,2026-09-21,ashby_board_tokens_1662.csv,https://github.com/vedangvatsa/PDFtoWebsite/blob/main/.github/scripts/jobs-sync.mjs,Imported from the user-provided board-token registry.
board,ashby,manifest-law,manifest-law,slug,https://jobs.ashbyhq.com/manifest-law,https://api.ashbyhq.com/posting-api/job-board/manifest-law,https://api.ashbyhq.com/posting-api/job-board/manifest-law?includeCompensation=true,GET,listed_in_PDFtoWebsite_ashby_source,2026-09-21,ashby_board_tokens_1662.csv,https://github.com/vedangvatsa/PDFtoWebsite/blob/main/.github/scripts/jobs-sync.mjs,Imported from the user-provided board-token registry.
board,ashby,manusai,manusai,slug,https://jobs.ashbyhq.com/manusai,https://api.ashbyhq.com/posting-api/job-board/manusai,https://api.ashbyhq.com/posting-api/job-board/manusai?includeCompensation=true,GET,listed_in_PDFtoWebsite_ashby_source,2026-09-21,ashby_board_tokens_1662.csv,https://github.com/vedangvatsa/PDFtoWebsite/blob/main/.github/scripts/jobs-sync.mjs,Imported from the user-provided board-token registry.
board,ashby,mapbox,mapbox,slug,https://jobs.ashbyhq.com/mapbox,https://api.ashbyhq.com/posting-api/job-board/mapbox,https://api.ashbyhq.com/posting-api/job-board/mapbox?includeCompensation=true,GET,listed_in_PDFtoWebsite_ashby_source,2026-09-21,ashby_board_tokens_1662.csv,https://github.com/vedangvatsa/PDFtoWebsite/blob/main/.github/scripts/jobs-sync.mjs,Imported from the user-provided board-token registry.
board,ashby,maple,maple,slug,https://jobs.ashbyhq.com/maple,https://api.ashbyhq.com/posting-api/job-board/maple,https://api.ashbyhq.com/posting-api/job-board/maple?includeCompensation=true,GET,listed_in_PDFtoWebsite_ashby_source,2026-09-21,ashby_board_tokens_1662.csv,https://github.com/vedangvatsa/PDFtoWebsite/blob/main/.github/scripts/jobs-sync.mjs,Imported from the user-provided board-token registry.
board,ashby,marble,marble,slug,https://jobs.ashbyhq.com/marble,https://api.ashbyhq.com/posting-api/job-board/marble,https://api.ashbyhq.com/posting-api/job-board/marble?includeCompensation=true,GET,listed_in_PDFtoWebsite_ashby_source,2026-09-21,ashby_board_tokens_1662.csv,https://github.com/vedangvatsa/PDFtoWebsite/blob/main/.github/scripts/jobs-sync.mjs,Imported from the user-provided board-token registry.
board,ashby,marianaminerals,marianaminerals,slug,https://jobs.ashbyhq.com/marianaminerals,https://api.ashbyhq.com/posting-api/job-board/marianaminerals,https://api.ashbyhq.com/posting-api/job-board/marianaminerals?includeCompensation=true,GET,listed_in_PDFtoWebsite_ashby_source,2026-09-21,ashby_board_tokens_1662.csv,https://github.com/vedangvatsa/PDFtoWebsite/blob/main/.github/scripts/jobs-sync.mjs,Imported from the user-provided board-token registry.
board,ashby,mariner-careers,mariner-careers,slug,https://jobs.ashbyhq.com/mariner-careers,https://api.ashbyhq.com/posting-api/job-board/mariner-careers,https://api.ashbyhq.com/posting-api/job-board/mariner-careers?includeCompensation=true,GET,listed_in_PDFtoWebsite_ashby_source,2026-09-21,ashby_board_tokens_1662.csv,https://github.com/vedangvatsa/PDFtoWebsite/blob/main/.github/scripts/jobs-sync.mjs,Imported from the user-provided board-token registry.
board,ashby,marloo,marloo,slug,https://jobs.ashbyhq.com/marloo,https://api.ashbyhq.com/posting-api/job-board/marloo,https://api.ashbyhq.com/posting-api/job-board/marloo?includeCompensation=true,GET,listed_in_PDFtoWebsite_ashby_source,2026-09-21,ashby_board_tokens_1662.csv,https://github.com/vedangvatsa/PDFtoWebsite/blob/main/.github/scripts/jobs-sync.mjs,Imported from the user-provided board-token registry.
board,ashby,marshmallow,marshmallow,slug,https://jobs.ashbyhq.com/marshmallow,https://api.ashbyhq.com/posting-api/job-board/marshmallow,https://api.ashbyhq.com/posting-api/job-board/marshmallow?includeCompensation=true,GET,listed_in_PDFtoWebsite_ashby_source,2026-09-21,ashby_board_tokens_1662.csv,https://github.com/vedangvatsa/PDFtoWebsite/blob/main/.github/scripts/jobs-sync.mjs,Imported from the user-provided board-token registry.
board,ashby,masabi,masabi,slug,https://jobs.ashbyhq.com/masabi,https://api.ashbyhq.com/posting-api/job-board/masabi,https://api.ashbyhq.com/posting-api/job-board/masabi?includeCompensation=true,GET,listed_in_PDFtoWebsite_ashby_source,2026-09-21,ashby_board_tokens_1662.csv,https://github.com/vedangvatsa/PDFtoWebsite/blob/main/.github/scripts/jobs-sync.mjs,Imported from the user-provided board-token registry.
board,ashby,materialize,materialize,slug,https://jobs.ashbyhq.com/materialize,https://api.ashbyhq.com/posting-api/job-board/materialize,https://api.ashbyhq.com/posting-api/job-board/materialize?includeCompensation=true,GET,listed_in_PDFtoWebsite_ashby_source,2026-09-21,ashby_board_tokens_1662.csv,https://github.com/vedangvatsa/PDFtoWebsite/blob/main/.github/scripts/jobs-sync.mjs,Imported from the user-provided board-token registry.
board,ashby,maticrobots,maticrobots,slug,https://jobs.ashbyhq.com/maticrobots,https://api.ashbyhq.com/posting-api/job-board/maticrobots,https://api.ashbyhq.com/posting-api/job-board/maticrobots?includeCompensation=true,GET,listed_in_PDFtoWebsite_ashby_source,2026-09-21,ashby_board_tokens_1662.csv,https://github.com/vedangvatsa/PDFtoWebsite/blob/main/.github/scripts/jobs-sync.mjs,Imported from the user-provided board-token registry.
board,ashby,matter-intelligence,matter-intelligence,slug,https://jobs.ashbyhq.com/matter-intelligence,https://api.ashbyhq.com/posting-api/job-board/matter-intelligence,https://api.ashbyhq.com/posting-api/job-board/matter-intelligence?includeCompensation=true,GET,listed_in_PDFtoWebsite_ashby_source,2026-09-21,ashby_board_tokens_1662.csv,https://github.com/vedangvatsa/PDFtoWebsite/blob/main/.github/scripts/jobs-sync.mjs,Imported from the user-provided board-token registry.
board,ashby,matter-labs,matter-labs,slug,https://jobs.ashbyhq.com/matter-labs,https://api.ashbyhq.com/posting-api/job-board/matter-labs,https://api.ashbyhq.com/posting-api/job-board/matter-labs?includeCompensation=true,GET,listed_in_PDFtoWebsite_ashby_source,2026-09-21,ashby_board_tokens_1662.csv,https://github.com/vedangvatsa/PDFtoWebsite/blob/main/.github/scripts/jobs-sync.mjs,Imported from the user-provided board-token registry.
board,ashby,maximustribe,maximustribe,slug,https://jobs.ashbyhq.com/maximustribe,https://api.ashbyhq.com/posting-api/job-board/maximustribe,https://api.ashbyhq.com/posting-api/job-board/maximustribe?includeCompensation=true,GET,listed_in_PDFtoWebsite_ashby_source,2026-09-21,ashby_board_tokens_1662.csv,https://github.com/vedangvatsa/PDFtoWebsite/blob/main/.github/scripts/jobs-sync.mjs,Imported from the user-provided board-token registry.
board,ashby,maybern,maybern,slug,https://jobs.ashbyhq.com/maybern,https://api.ashbyhq.com/posting-api/job-board/maybern,https://api.ashbyhq.com/posting-api/job-board/maybern?includeCompensation=true,GET,listed_in_PDFtoWebsite_ashby_source,2026-09-21,ashby_board_tokens_1662.csv,https://github.com/vedangvatsa/PDFtoWebsite/blob/main/.github/scripts/jobs-sync.mjs,Imported from the user-provided board-token registry.
board,ashby,mazedesign,mazedesign,slug,https://jobs.ashbyhq.com/mazedesign,https://api.ashbyhq.com/posting-api/job-board/mazedesign,https://api.ashbyhq.com/posting-api/job-board/mazedesign?includeCompensation=true,GET,listed_in_PDFtoWebsite_ashby_source,2026-09-21,ashby_board_tokens_1662.csv,https://github.com/vedangvatsa/PDFtoWebsite/blob/main/.github/scripts/jobs-sync.mjs,Imported from the user-provided board-token registry.
board,ashby,mazehq,mazehq,slug,https://jobs.ashbyhq.com/mazehq,https://api.ashbyhq.com/posting-api/job-board/mazehq,https://api.ashbyhq.com/posting-api/job-board/mazehq?includeCompensation=true,GET,listed_in_PDFtoWebsite_ashby_source,2026-09-21,ashby_board_tokens_1662.csv,https://github.com/vedangvatsa/PDFtoWebsite/blob/main/.github/scripts/jobs-sync.mjs,Imported from the user-provided board-token registry.
board,ashby,mebe,mebe,slug,https://jobs.ashbyhq.com/mebe,https://api.ashbyhq.com/posting-api/job-board/mebe,https://api.ashbyhq.com/posting-api/job-board/mebe?includeCompensation=true,GET,listed_in_PDFtoWebsite_ashby_source,2026-09-21,ashby_board_tokens_1662.csv,https://github.com/vedangvatsa/PDFtoWebsite/blob/main/.github/scripts/jobs-sync.mjs,Imported from the user-provided board-token registry.
board,ashby,mechanize,mechanize,slug,https://jobs.ashbyhq.com/mechanize,https://api.ashbyhq.com/posting-api/job-board/mechanize,https://api.ashbyhq.com/posting-api/job-board/mechanize?includeCompensation=true,GET,listed_in_PDFtoWebsite_ashby_source,2026-09-21,ashby_board_tokens_1662.csv,https://github.com/vedangvatsa/PDFtoWebsite/blob/main/.github/scripts/jobs-sync.mjs,Imported from the user-provided board-token registry.
board,ashby,medely,medely,slug,https://jobs.ashbyhq.com/medely,https://api.ashbyhq.com/posting-api/job-board/medely,https://api.ashbyhq.com/posting-api/job-board/medely?includeCompensation=true,GET,listed_in_PDFtoWebsite_ashby_source,2026-09-21,ashby_board_tokens_1662.csv,https://github.com/vedangvatsa/PDFtoWebsite/blob/main/.github/scripts/jobs-sync.mjs,Imported from the user-provided board-token registry.
board,ashby,medraai,medraai,slug,https://jobs.ashbyhq.com/medraai,https://api.ashbyhq.com/posting-api/job-board/medraai,https://api.ashbyhq.com/posting-api/job-board/medraai?includeCompensation=true,GET,listed_in_PDFtoWebsite_ashby_source,2026-09-21,ashby_board_tokens_1662.csv,https://github.com/vedangvatsa/PDFtoWebsite/blob/main/.github/scripts/jobs-sync.mjs,Imported from the user-provided board-token registry.
board,ashby,medscout,medscout,slug,https://jobs.ashbyhq.com/medscout,https://api.ashbyhq.com/posting-api/job-board/medscout,https://api.ashbyhq.com/posting-api/job-board/medscout?includeCompensation=true,GET,listed_in_PDFtoWebsite_ashby_source,2026-09-21,ashby_board_tokens_1662.csv,https://github.com/vedangvatsa/PDFtoWebsite/blob/main/.github/scripts/jobs-sync.mjs,Imported from the user-provided board-token registry.
board,ashby,medsender,medsender,slug,https://jobs.ashbyhq.com/medsender,https://api.ashbyhq.com/posting-api/job-board/medsender,https://api.ashbyhq.com/posting-api/job-board/medsender?includeCompensation=true,GET,listed_in_PDFtoWebsite_alt_ashby_source,2026-09-21,ashby_board_tokens_1662.csv,https://github.com/vedangvatsa/PDFtoWebsite/blob/main/run-cj.mjs,Imported from the user-provided board-token registry.
board,ashby,meetmarvin,meetmarvin,slug,https://jobs.ashbyhq.com/meetmarvin,https://api.ashbyhq.com/posting-api/job-board/meetmarvin,https://api.ashbyhq.com/posting-api/job-board/meetmarvin?includeCompensation=true,GET,listed_in_PDFtoWebsite_ashby_source,2026-09-21,ashby_board_tokens_1662.csv,https://github.com/vedangvatsa/PDFtoWebsite/blob/main/.github/scripts/jobs-sync.mjs,Imported from the user-provided board-token registry.
board,ashby,megazone,megazone,slug,https://jobs.ashbyhq.com/megazone,https://api.ashbyhq.com/posting-api/job-board/megazone,https://api.ashbyhq.com/posting-api/job-board/megazone?includeCompensation=true,GET,listed_in_PDFtoWebsite_ashby_source,2026-09-21,ashby_board_tokens_1662.csv,https://github.com/vedangvatsa/PDFtoWebsite/blob/main/.github/scripts/jobs-sync.mjs,Imported from the user-provided board-token registry.
board,ashby,menlosecurity,menlosecurity,slug,https://jobs.ashbyhq.com/menlosecurity,https://api.ashbyhq.com/posting-api/job-board/menlosecurity,https://api.ashbyhq.com/posting-api/job-board/menlosecurity?includeCompensation=true,GET,listed_in_PDFtoWebsite_ashby_source,2026-09-21,ashby_board_tokens_1662.csv,https://github.com/vedangvatsa/PDFtoWebsite/blob/main/.github/scripts/jobs-sync.mjs,Imported from the user-provided board-token registry.
board,ashby,mentis,mentis,slug,https://jobs.ashbyhq.com/mentis,https://api.ashbyhq.com/posting-api/job-board/mentis,https://api.ashbyhq.com/posting-api/job-board/mentis?includeCompensation=true,GET,listed_in_PDFtoWebsite_alt_ashby_source,2026-09-21,ashby_board_tokens_1662.csv,https://github.com/vedangvatsa/PDFtoWebsite/blob/main/run-cj.mjs,Imported from the user-provided board-token registry.
board,ashby,mercor,mercor,slug,https://jobs.ashbyhq.com/mercor,https://api.ashbyhq.com/posting-api/job-board/mercor,https://api.ashbyhq.com/posting-api/job-board/mercor?includeCompensation=true,GET,listed_in_PDFtoWebsite_ashby_source,2026-09-21,ashby_board_tokens_1662.csv,https://github.com/vedangvatsa/PDFtoWebsite/blob/main/.github/scripts/jobs-sync.mjs,Imported from the user-provided board-token registry.
board,ashby,mercury,mercury,slug,https://jobs.ashbyhq.com/mercury,https://api.ashbyhq.com/posting-api/job-board/mercury,https://api.ashbyhq.com/posting-api/job-board/mercury?includeCompensation=true,GET,listed_in_mherzog_ashby_seed,2026-09-21,ashby_board_tokens_1662.csv,https://github.com/mherzog4/job-boards/blob/main/boards.seed.json,Imported from the user-provided board-token registry.
board,ashby,merge,merge,slug,https://jobs.ashbyhq.com/merge,https://api.ashbyhq.com/posting-api/job-board/merge,https://api.ashbyhq.com/posting-api/job-board/merge?includeCompensation=true,GET,listed_in_PDFtoWebsite_ashby_source,2026-09-21,ashby_board_tokens_1662.csv,https://github.com/vedangvatsa/PDFtoWebsite/blob/main/.github/scripts/jobs-sync.mjs,Imported from the user-provided board-token registry.
board,ashby,meridianlink,meridianlink,slug,https://jobs.ashbyhq.com/meridianlink,https://api.ashbyhq.com/posting-api/job-board/meridianlink,https://api.ashbyhq.com/posting-api/job-board/meridianlink?includeCompensation=true,GET,listed_in_PDFtoWebsite_ashby_source,2026-09-21,ashby_board_tokens_1662.csv,https://github.com/vedangvatsa/PDFtoWebsite/blob/main/.github/scripts/jobs-sync.mjs,Imported from the user-provided board-token registry.
board,ashby,meshy,meshy,slug,https://jobs.ashbyhq.com/meshy,https://api.ashbyhq.com/posting-api/job-board/meshy,https://api.ashbyhq.com/posting-api/job-board/meshy?includeCompensation=true,GET,listed_in_PDFtoWebsite_ashby_source,2026-09-21,ashby_board_tokens_1662.csv,https://github.com/vedangvatsa/PDFtoWebsite/blob/main/.github/scripts/jobs-sync.mjs,Imported from the user-provided board-token registry.
board,ashby,metaforms,metaforms,slug,https://jobs.ashbyhq.com/metaforms,https://api.ashbyhq.com/posting-api/job-board/metaforms,https://api.ashbyhq.com/posting-api/job-board/metaforms?includeCompensation=true,GET,listed_in_PDFtoWebsite_ashby_source,2026-09-21,ashby_board_tokens_1662.csv,https://github.com/vedangvatsa/PDFtoWebsite/blob/main/.github/scripts/jobs-sync.mjs,Imported from the user-provided board-token registry.
board,ashby,metaview,metaview,slug,https://jobs.ashbyhq.com/metaview,https://api.ashbyhq.com/posting-api/job-board/metaview,https://api.ashbyhq.com/posting-api/job-board/metaview?includeCompensation=true,GET,listed_in_PDFtoWebsite_ashby_source,2026-09-21,ashby_board_tokens_1662.csv,https://github.com/vedangvatsa/PDFtoWebsite/blob/main/.github/scripts/jobs-sync.mjs,Imported from the user-provided board-token registry.
board,ashby,meter,meter,slug,https://jobs.ashbyhq.com/meter,https://api.ashbyhq.com/posting-api/job-board/meter,https://api.ashbyhq.com/posting-api/job-board/meter?includeCompensation=true,GET,listed_in_PDFtoWebsite_ashby_source,2026-09-21,ashby_board_tokens_1662.csv,https://github.com/vedangvatsa/PDFtoWebsite/blob/main/.github/scripts/jobs-sync.mjs,Imported from the user-provided board-token registry.
board,ashby,method,method,slug,https://jobs.ashbyhq.com/method,https://api.ashbyhq.com/posting-api/job-board/method,https://api.ashbyhq.com/posting-api/job-board/method?includeCompensation=true,GET,listed_in_PDFtoWebsite_ashby_source,2026-09-21,ashby_board_tokens_1662.csv,https://github.com/vedangvatsa/PDFtoWebsite/blob/main/.github/scripts/jobs-sync.mjs,Imported from the user-provided board-token registry.
board,ashby,mexdigital,mexdigital,slug,https://jobs.ashbyhq.com/mexdigital,https://api.ashbyhq.com/posting-api/job-board/mexdigital,https://api.ashbyhq.com/posting-api/job-board/mexdigital?includeCompensation=true,GET,listed_in_PDFtoWebsite_ashby_source,2026-09-21,ashby_board_tokens_1662.csv,https://github.com/vedangvatsa/PDFtoWebsite/blob/main/.github/scripts/jobs-sync.mjs,Imported from the user-provided board-token registry.
board,ashby,middesk,middesk,slug,https://jobs.ashbyhq.com/middesk,https://api.ashbyhq.com/posting-api/job-board/middesk,https://api.ashbyhq.com/posting-api/job-board/middesk?includeCompensation=true,GET,listed_in_mherzog_ashby_seed,2026-09-21,ashby_board_tokens_1662.csv,https://github.com/mherzog4/job-boards/blob/main/boards.seed.json,Imported from the user-provided board-token registry.
board,ashby,midstream,midstream,slug,https://jobs.ashbyhq.com/midstream,https://api.ashbyhq.com/posting-api/job-board/midstream,https://api.ashbyhq.com/posting-api/job-board/midstream?includeCompensation=true,GET,listed_in_PDFtoWebsite_ashby_source,2026-09-21,ashby_board_tokens_1662.csv,https://github.com/vedangvatsa/PDFtoWebsite/blob/main/.github/scripts/jobs-sync.mjs,Imported from the user-provided board-token registry.
board,ashby,mindbeam,mindbeam,slug,https://jobs.ashbyhq.com/mindbeam,https://api.ashbyhq.com/posting-api/job-board/mindbeam,https://api.ashbyhq.com/posting-api/job-board/mindbeam?includeCompensation=true,GET,listed_in_PDFtoWebsite_ashby_source,2026-09-21,ashby_board_tokens_1662.csv,https://github.com/vedangvatsa/PDFtoWebsite/blob/main/.github/scripts/jobs-sync.mjs,Imported from the user-provided board-token registry.
board,ashby,mindly,mindly,slug,https://jobs.ashbyhq.com/mindly,https://api.ashbyhq.com/posting-api/job-board/mindly,https://api.ashbyhq.com/posting-api/job-board/mindly?includeCompensation=true,GET,listed_in_PDFtoWebsite_ashby_source,2026-09-21,ashby_board_tokens_1662.csv,https://github.com/vedangvatsa/PDFtoWebsite/blob/main/.github/scripts/jobs-sync.mjs,Imported from the user-provided board-token registry.
board,ashby,mindvalley,mindvalley,slug,https://jobs.ashbyhq.com/mindvalley,https://api.ashbyhq.com/posting-api/job-board/mindvalley,https://api.ashbyhq.com/posting-api/job-board/mindvalley?includeCompensation=true,GET,listed_in_PDFtoWebsite_ashby_source,2026-09-21,ashby_board_tokens_1662.csv,https://github.com/vedangvatsa/PDFtoWebsite/blob/main/.github/scripts/jobs-sync.mjs,Imported from the user-provided board-token registry.
board,ashby,mintlify,mintlify,slug,https://jobs.ashbyhq.com/mintlify,https://api.ashbyhq.com/posting-api/job-board/mintlify,https://api.ashbyhq.com/posting-api/job-board/mintlify?includeCompensation=true,GET,listed_in_PDFtoWebsite_ashby_source,2026-09-21,ashby_board_tokens_1662.csv,https://github.com/vedangvatsa/PDFtoWebsite/blob/main/.github/scripts/jobs-sync.mjs,Imported from the user-provided board-token registry.
board,ashby,mirage,mirage,slug,https://jobs.ashbyhq.com/mirage,https://api.ashbyhq.com/posting-api/job-board/mirage,https://api.ashbyhq.com/posting-api/job-board/mirage?includeCompensation=true,GET,listed_in_PDFtoWebsite_ashby_source,2026-09-21,ashby_board_tokens_1662.csv,https://github.com/vedangvatsa/PDFtoWebsite/blob/main/.github/scripts/jobs-sync.mjs,Imported from the user-provided board-token registry.
board,ashby,miri,miri,slug,https://jobs.ashbyhq.com/miri,https://api.ashbyhq.com/posting-api/job-board/miri,https://api.ashbyhq.com/posting-api/job-board/miri?includeCompensation=true,GET,listed_in_PDFtoWebsite_ashby_source,2026-09-21,ashby_board_tokens_1662.csv,https://github.com/vedangvatsa/PDFtoWebsite/blob/main/.github/scripts/jobs-sync.mjs,Imported from the user-provided board-token registry.
board,ashby,miro,miro,slug,https://jobs.ashbyhq.com/miro,https://api.ashbyhq.com/posting-api/job-board/miro,https://api.ashbyhq.com/posting-api/job-board/miro?includeCompensation=true,GET,listed_in_PDFtoWebsite_ashby_source,2026-09-21,ashby_board_tokens_1662.csv,https://github.com/vedangvatsa/PDFtoWebsite/blob/main/.github/scripts/jobs-sync.mjs,Imported from the user-provided board-token registry.
board,ashby,miter,miter,slug,https://jobs.ashbyhq.com/miter,https://api.ashbyhq.com/posting-api/job-board/miter,https://api.ashbyhq.com/posting-api/job-board/miter?includeCompensation=true,GET,listed_in_PDFtoWebsite_ashby_source,2026-09-21,ashby_board_tokens_1662.csv,https://github.com/vedangvatsa/PDFtoWebsite/blob/main/.github/scripts/jobs-sync.mjs,Imported from the user-provided board-token registry.
board,ashby,mobasi,mobasi,slug,https://jobs.ashbyhq.com/mobasi,https://api.ashbyhq.com/posting-api/job-board/mobasi,https://api.ashbyhq.com/posting-api/job-board/mobasi?includeCompensation=true,GET,listed_in_PDFtoWebsite_ashby_source,2026-09-21,ashby_board_tokens_1662.csv,https://github.com/vedangvatsa/PDFtoWebsite/blob/main/.github/scripts/jobs-sync.mjs,Imported from the user-provided board-token registry.
board,ashby,mobbin.com,mobbin.com,slug,https://jobs.ashbyhq.com/mobbin.com,https://api.ashbyhq.com/posting-api/job-board/mobbin.com,https://api.ashbyhq.com/posting-api/job-board/mobbin.com?includeCompensation=true,GET,listed_in_PDFtoWebsite_ashby_source,2026-09-21,ashby_board_tokens_1662.csv,https://github.com/vedangvatsa/PDFtoWebsite/blob/main/.github/scripts/jobs-sync.mjs,Imported from the user-provided board-token registry.
board,ashby,modal,modal,slug,https://jobs.ashbyhq.com/modal,https://api.ashbyhq.com/posting-api/job-board/modal,https://api.ashbyhq.com/posting-api/job-board/modal?includeCompensation=true,GET,listed_in_PDFtoWebsite_ashby_source,2026-09-21,ashby_board_tokens_1662.csv,https://github.com/vedangvatsa/PDFtoWebsite/blob/main/.github/scripts/jobs-sync.mjs,Imported from the user-provided board-token registry.
board,ashby,modernfi,modernfi,slug,https://jobs.ashbyhq.com/modernfi,https://api.ashbyhq.com/posting-api/job-board/modernfi,https://api.ashbyhq.com/posting-api/job-board/modernfi?includeCompensation=true,GET,listed_in_PDFtoWebsite_ashby_source,2026-09-21,ashby_board_tokens_1662.csv,https://github.com/vedangvatsa/PDFtoWebsite/blob/main/.github/scripts/jobs-sync.mjs,Imported from the user-provided board-token registry.
board,ashby,moderntreasury,moderntreasury,slug,https://jobs.ashbyhq.com/moderntreasury,https://api.ashbyhq.com/posting-api/job-board/moderntreasury,https://api.ashbyhq.com/posting-api/job-board/moderntreasury?includeCompensation=true,GET,listed_in_PDFtoWebsite_ashby_source,2026-09-21,ashby_board_tokens_1662.csv,https://github.com/vedangvatsa/PDFtoWebsite/blob/main/.github/scripts/jobs-sync.mjs,Imported from the user-provided board-token registry.
board,ashby,modus,modus,slug,https://jobs.ashbyhq.com/modus,https://api.ashbyhq.com/posting-api/job-board/modus,https://api.ashbyhq.com/posting-api/job-board/modus?includeCompensation=true,GET,listed_in_PDFtoWebsite_ashby_source,2026-09-21,ashby_board_tokens_1662.csv,https://github.com/vedangvatsa/PDFtoWebsite/blob/main/.github/scripts/jobs-sync.mjs,Imported from the user-provided board-token registry.
board,ashby,moego,moego,slug,https://jobs.ashbyhq.com/moego,https://api.ashbyhq.com/posting-api/job-board/moego,https://api.ashbyhq.com/posting-api/job-board/moego?includeCompensation=true,GET,listed_in_PDFtoWebsite_ashby_source,2026-09-21,ashby_board_tokens_1662.csv,https://github.com/vedangvatsa/PDFtoWebsite/blob/main/.github/scripts/jobs-sync.mjs,Imported from the user-provided board-token registry.
board,ashby,molecule-software,molecule-software,slug,https://jobs.ashbyhq.com/molecule-software,https://api.ashbyhq.com/posting-api/job-board/molecule-software,https://api.ashbyhq.com/posting-api/job-board/molecule-software?includeCompensation=true,GET,listed_in_PDFtoWebsite_ashby_source,2026-09-21,ashby_board_tokens_1662.csv,https://github.com/vedangvatsa/PDFtoWebsite/blob/main/.github/scripts/jobs-sync.mjs,Imported from the user-provided board-token registry.
board,ashby,monaco,monaco,slug,https://jobs.ashbyhq.com/monaco,https://api.ashbyhq.com/posting-api/job-board/monaco,https://api.ashbyhq.com/posting-api/job-board/monaco?includeCompensation=true,GET,listed_in_PDFtoWebsite_ashby_source,2026-09-21,ashby_board_tokens_1662.csv,https://github.com/vedangvatsa/PDFtoWebsite/blob/main/.github/scripts/jobs-sync.mjs,Imported from the user-provided board-token registry.
board,ashby,monarchmoney,monarchmoney,slug,https://jobs.ashbyhq.com/monarchmoney,https://api.ashbyhq.com/posting-api/job-board/monarchmoney,https://api.ashbyhq.com/posting-api/job-board/monarchmoney?includeCompensation=true,GET,listed_in_PDFtoWebsite_ashby_source,2026-09-21,ashby_board_tokens_1662.csv,https://github.com/vedangvatsa/PDFtoWebsite/blob/main/.github/scripts/jobs-sync.mjs,Imported from the user-provided board-token registry.
board,ashby,monsters,monsters,slug,https://jobs.ashbyhq.com/monsters,https://api.ashbyhq.com/posting-api/job-board/monsters,https://api.ashbyhq.com/posting-api/job-board/monsters?includeCompensation=true,GET,listed_in_PDFtoWebsite_ashby_source,2026-09-21,ashby_board_tokens_1662.csv,https://github.com/vedangvatsa/PDFtoWebsite/blob/main/.github/scripts/jobs-sync.mjs,Imported from the user-provided board-token registry.
board,ashby,montecarlodata,montecarlodata,slug,https://jobs.ashbyhq.com/montecarlodata,https://api.ashbyhq.com/posting-api/job-board/montecarlodata,https://api.ashbyhq.com/posting-api/job-board/montecarlodata?includeCompensation=true,GET,listed_in_PDFtoWebsite_ashby_source,2026-09-21,ashby_board_tokens_1662.csv,https://github.com/vedangvatsa/PDFtoWebsite/blob/main/.github/scripts/jobs-sync.mjs,Imported from the user-provided board-token registry.
board,ashby,moonlake,moonlake,slug,https://jobs.ashbyhq.com/moonlake,https://api.ashbyhq.com/posting-api/job-board/moonlake,https://api.ashbyhq.com/posting-api/job-board/moonlake?includeCompensation=true,GET,listed_in_PDFtoWebsite_ashby_source,2026-09-21,ashby_board_tokens_1662.csv,https://github.com/vedangvatsa/PDFtoWebsite/blob/main/.github/scripts/jobs-sync.mjs,Imported from the user-provided board-token registry.
board,ashby,moonshot-ai,moonshot-ai,slug,https://jobs.ashbyhq.com/moonshot-ai,https://api.ashbyhq.com/posting-api/job-board/moonshot-ai,https://api.ashbyhq.com/posting-api/job-board/moonshot-ai?includeCompensation=true,GET,listed_in_PDFtoWebsite_ashby_source,2026-09-21,ashby_board_tokens_1662.csv,https://github.com/vedangvatsa/PDFtoWebsite/blob/main/.github/scripts/jobs-sync.mjs,Imported from the user-provided board-token registry.
board,ashby,moonvalley-ai,moonvalley-ai,slug,https://jobs.ashbyhq.com/moonvalley-ai,https://api.ashbyhq.com/posting-api/job-board/moonvalley-ai,https://api.ashbyhq.com/posting-api/job-board/moonvalley-ai?includeCompensation=true,GET,listed_in_PDFtoWebsite_ashby_source,2026-09-21,ashby_board_tokens_1662.csv,https://github.com/vedangvatsa/PDFtoWebsite/blob/main/.github/scripts/jobs-sync.mjs,Imported from the user-provided board-token registry.
board,ashby,moraleshr,moraleshr,slug,https://jobs.ashbyhq.com/moraleshr,https://api.ashbyhq.com/posting-api/job-board/moraleshr,https://api.ashbyhq.com/posting-api/job-board/moraleshr?includeCompensation=true,GET,listed_in_PDFtoWebsite_ashby_source,2026-09-21,ashby_board_tokens_1662.csv,https://github.com/vedangvatsa/PDFtoWebsite/blob/main/.github/scripts/jobs-sync.mjs,Imported from the user-provided board-token registry.
board,ashby,morpho,morpho,slug,https://jobs.ashbyhq.com/morpho,https://api.ashbyhq.com/posting-api/job-board/morpho,https://api.ashbyhq.com/posting-api/job-board/morpho?includeCompensation=true,GET,listed_in_PDFtoWebsite_ashby_source,2026-09-21,ashby_board_tokens_1662.csv,https://github.com/vedangvatsa/PDFtoWebsite/blob/main/.github/scripts/jobs-sync.mjs,Imported from the user-provided board-token registry.
board,ashby,mosaic,mosaic,slug,https://jobs.ashbyhq.com/mosaic,https://api.ashbyhq.com/posting-api/job-board/mosaic,https://api.ashbyhq.com/posting-api/job-board/mosaic?includeCompensation=true,GET,listed_in_PDFtoWebsite_ashby_source,2026-09-21,ashby_board_tokens_1662.csv,https://github.com/vedangvatsa/PDFtoWebsite/blob/main/.github/scripts/jobs-sync.mjs,Imported from the user-provided board-token registry.
board,ashby,mosey,mosey,slug,https://jobs.ashbyhq.com/mosey,https://api.ashbyhq.com/posting-api/job-board/mosey,https://api.ashbyhq.com/posting-api/job-board/mosey?includeCompensation=true,GET,listed_in_PDFtoWebsite_ashby_source,2026-09-21,ashby_board_tokens_1662.csv,https://github.com/vedangvatsa/PDFtoWebsite/blob/main/.github/scripts/jobs-sync.mjs,Imported from the user-provided board-token registry.
board,ashby,motherduck,motherduck,slug,https://jobs.ashbyhq.com/motherduck,https://api.ashbyhq.com/posting-api/job-board/motherduck,https://api.ashbyhq.com/posting-api/job-board/motherduck?includeCompensation=true,GET,listed_in_PDFtoWebsite_ashby_source,2026-09-21,ashby_board_tokens_1662.csv,https://github.com/vedangvatsa/PDFtoWebsite/blob/main/.github/scripts/jobs-sync.mjs,Imported from the user-provided board-token registry.
board,ashby,motion,motion,slug,https://jobs.ashbyhq.com/motion,https://api.ashbyhq.com/posting-api/job-board/motion,https://api.ashbyhq.com/posting-api/job-board/motion?includeCompensation=true,GET,listed_in_PDFtoWebsite_alt_ashby_source,2026-09-21,ashby_board_tokens_1662.csv,https://github.com/vedangvatsa/PDFtoWebsite/blob/main/run-cj.mjs,Imported from the user-provided board-token registry.
board,ashby,motorway,motorway,slug,https://jobs.ashbyhq.com/motorway,https://api.ashbyhq.com/posting-api/job-board/motorway,https://api.ashbyhq.com/posting-api/job-board/motorway?includeCompensation=true,GET,listed_in_PDFtoWebsite_ashby_source,2026-09-21,ashby_board_tokens_1662.csv,https://github.com/vedangvatsa/PDFtoWebsite/blob/main/.github/scripts/jobs-sync.mjs,Imported from the user-provided board-token registry.
board,ashby,moxfive,moxfive,slug,https://jobs.ashbyhq.com/moxfive,https://api.ashbyhq.com/posting-api/job-board/moxfive,https://api.ashbyhq.com/posting-api/job-board/moxfive?includeCompensation=true,GET,listed_in_PDFtoWebsite_ashby_source,2026-09-21,ashby_board_tokens_1662.csv,https://github.com/vedangvatsa/PDFtoWebsite/blob/main/.github/scripts/jobs-sync.mjs,Imported from the user-provided board-token registry.
board,ashby,moxie,moxie,slug,https://jobs.ashbyhq.com/moxie,https://api.ashbyhq.com/posting-api/job-board/moxie,https://api.ashbyhq.com/posting-api/job-board/moxie?includeCompensation=true,GET,listed_in_PDFtoWebsite_ashby_source,2026-09-21,ashby_board_tokens_1662.csv,https://github.com/vedangvatsa/PDFtoWebsite/blob/main/.github/scripts/jobs-sync.mjs,Imported from the user-provided board-token registry.
board,ashby,mubi,mubi,slug,https://jobs.ashbyhq.com/mubi,https://api.ashbyhq.com/posting-api/job-board/mubi,https://api.ashbyhq.com/posting-api/job-board/mubi?includeCompensation=true,GET,listed_in_PDFtoWebsite_ashby_source,2026-09-21,ashby_board_tokens_1662.csv,https://github.com/vedangvatsa/PDFtoWebsite/blob/main/.github/scripts/jobs-sync.mjs,Imported from the user-provided board-token registry.
board,ashby,mudflap,mudflap,slug,https://jobs.ashbyhq.com/mudflap,https://api.ashbyhq.com/posting-api/job-board/mudflap,https://api.ashbyhq.com/posting-api/job-board/mudflap?includeCompensation=true,GET,listed_in_PDFtoWebsite_ashby_source,2026-09-21,ashby_board_tokens_1662.csv,https://github.com/vedangvatsa/PDFtoWebsite/blob/main/.github/scripts/jobs-sync.mjs,Imported from the user-provided board-token registry.
board,ashby,mullvad,mullvad,slug,https://jobs.ashbyhq.com/mullvad,https://api.ashbyhq.com/posting-api/job-board/mullvad,https://api.ashbyhq.com/posting-api/job-board/mullvad?includeCompensation=true,GET,listed_in_PDFtoWebsite_alt_ashby_source,2026-09-21,ashby_board_tokens_1662.csv,https://github.com/vedangvatsa/PDFtoWebsite/blob/main/run-cj.mjs,Imported from the user-provided board-token registry.
board,ashby,multiply,multiply,slug,https://jobs.ashbyhq.com/multiply,https://api.ashbyhq.com/posting-api/job-board/multiply,https://api.ashbyhq.com/posting-api/job-board/multiply?includeCompensation=true,GET,listed_in_PDFtoWebsite_ashby_source,2026-09-21,ashby_board_tokens_1662.csv,https://github.com/vedangvatsa/PDFtoWebsite/blob/main/.github/scripts/jobs-sync.mjs,Imported from the user-provided board-token registry.
board,ashby,multiverse,multiverse,slug,https://jobs.ashbyhq.com/multiverse,https://api.ashbyhq.com/posting-api/job-board/multiverse,https://api.ashbyhq.com/posting-api/job-board/multiverse?includeCompensation=true,GET,listed_in_PDFtoWebsite_ashby_source,2026-09-21,ashby_board_tokens_1662.csv,https://github.com/vedangvatsa/PDFtoWebsite/blob/main/.github/scripts/jobs-sync.mjs,Imported from the user-provided board-token registry.
board,ashby,mural,mural,slug,https://jobs.ashbyhq.com/mural,https://api.ashbyhq.com/posting-api/job-board/mural,https://api.ashbyhq.com/posting-api/job-board/mural?includeCompensation=true,GET,listed_in_PDFtoWebsite_ashby_source,2026-09-21,ashby_board_tokens_1662.csv,https://github.com/vedangvatsa/PDFtoWebsite/blob/main/.github/scripts/jobs-sync.mjs,Imported from the user-provided board-token registry.
board,ashby,mux,mux,slug,https://jobs.ashbyhq.com/mux,https://api.ashbyhq.com/posting-api/job-board/mux,https://api.ashbyhq.com/posting-api/job-board/mux?includeCompensation=true,GET,listed_in_PDFtoWebsite_ashby_source,2026-09-21,ashby_board_tokens_1662.csv,https://github.com/vedangvatsa/PDFtoWebsite/blob/main/.github/scripts/jobs-sync.mjs,Imported from the user-provided board-token registry.
board,ashby,mystenlabs,mystenlabs,slug,https://jobs.ashbyhq.com/mystenlabs,https://api.ashbyhq.com/posting-api/job-board/mystenlabs,https://api.ashbyhq.com/posting-api/job-board/mystenlabs?includeCompensation=true,GET,listed_in_PDFtoWebsite_ashby_source,2026-09-21,ashby_board_tokens_1662.csv,https://github.com/vedangvatsa/PDFtoWebsite/blob/main/.github/scripts/jobs-sync.mjs,Imported from the user-provided board-token registry.
board,ashby,mytomorrows,mytomorrows,slug,https://jobs.ashbyhq.com/mytomorrows,https://api.ashbyhq.com/posting-api/job-board/mytomorrows,https://api.ashbyhq.com/posting-api/job-board/mytomorrows?includeCompensation=true,GET,listed_in_PDFtoWebsite_ashby_source,2026-09-21,ashby_board_tokens_1662.csv,https://github.com/vedangvatsa/PDFtoWebsite/blob/main/.github/scripts/jobs-sync.mjs,Imported from the user-provided board-token registry.
board,ashby,n1,n1,slug,https://jobs.ashbyhq.com/n1,https://api.ashbyhq.com/posting-api/job-board/n1,https://api.ashbyhq.com/posting-api/job-board/n1?includeCompensation=true,GET,listed_in_PDFtoWebsite_ashby_source,2026-09-21,ashby_board_tokens_1662.csv,https://github.com/vedangvatsa/PDFtoWebsite/blob/main/.github/scripts/jobs-sync.mjs,Imported from the user-provided board-token registry.
board,ashby,n8n,n8n,slug,https://jobs.ashbyhq.com/n8n,https://api.ashbyhq.com/posting-api/job-board/n8n,https://api.ashbyhq.com/posting-api/job-board/n8n?includeCompensation=true,GET,listed_in_PDFtoWebsite_ashby_source,2026-09-21,ashby_board_tokens_1662.csv,https://github.com/vedangvatsa/PDFtoWebsite/blob/main/.github/scripts/jobs-sync.mjs,Imported from the user-provided board-token registry.
board,ashby,nabihealth,nabihealth,slug,https://jobs.ashbyhq.com/nabihealth,https://api.ashbyhq.com/posting-api/job-board/nabihealth,https://api.ashbyhq.com/posting-api/job-board/nabihealth?includeCompensation=true,GET,listed_in_PDFtoWebsite_ashby_source,2026-09-21,ashby_board_tokens_1662.csv,https://github.com/vedangvatsa/PDFtoWebsite/blob/main/.github/scripts/jobs-sync.mjs,Imported from the user-provided board-token registry.
board,ashby,nango,nango,slug,https://jobs.ashbyhq.com/nango,https://api.ashbyhq.com/posting-api/job-board/nango,https://api.ashbyhq.com/posting-api/job-board/nango?includeCompensation=true,GET,listed_in_PDFtoWebsite_ashby_source,2026-09-21,ashby_board_tokens_1662.csv,https://github.com/vedangvatsa/PDFtoWebsite/blob/main/.github/scripts/jobs-sync.mjs,Imported from the user-provided board-token registry.
board,ashby,nanonets,nanonets,slug,https://jobs.ashbyhq.com/nanonets,https://api.ashbyhq.com/posting-api/job-board/nanonets,https://api.ashbyhq.com/posting-api/job-board/nanonets?includeCompensation=true,GET,listed_in_PDFtoWebsite_ashby_source,2026-09-21,ashby_board_tokens_1662.csv,https://github.com/vedangvatsa/PDFtoWebsite/blob/main/.github/scripts/jobs-sync.mjs,Imported from the user-provided board-token registry.
board,ashby,nansen,nansen,slug,https://jobs.ashbyhq.com/nansen,https://api.ashbyhq.com/posting-api/job-board/nansen,https://api.ashbyhq.com/posting-api/job-board/nansen?includeCompensation=true,GET,listed_in_PDFtoWebsite_alt_ashby_source,2026-09-21,ashby_board_tokens_1662.csv,https://github.com/vedangvatsa/PDFtoWebsite/blob/main/run-cj.mjs,Imported from the user-provided board-token registry.
board,ashby,nash,nash,slug,https://jobs.ashbyhq.com/nash,https://api.ashbyhq.com/posting-api/job-board/nash,https://api.ashbyhq.com/posting-api/job-board/nash?includeCompensation=true,GET,listed_in_PDFtoWebsite_ashby_source,2026-09-21,ashby_board_tokens_1662.csv,https://github.com/vedangvatsa/PDFtoWebsite/blob/main/.github/scripts/jobs-sync.mjs,Imported from the user-provided board-token registry.
board,ashby,nationgraph,nationgraph,slug,https://jobs.ashbyhq.com/nationgraph,https://api.ashbyhq.com/posting-api/job-board/nationgraph,https://api.ashbyhq.com/posting-api/job-board/nationgraph?includeCompensation=true,GET,listed_in_PDFtoWebsite_ashby_source,2026-09-21,ashby_board_tokens_1662.csv,https://github.com/vedangvatsa/PDFtoWebsite/blob/main/.github/scripts/jobs-sync.mjs,Imported from the user-provided board-token registry.
board,ashby,navi,navi,slug,https://jobs.ashbyhq.com/navi,https://api.ashbyhq.com/posting-api/job-board/navi,https://api.ashbyhq.com/posting-api/job-board/navi?includeCompensation=true,GET,listed_in_PDFtoWebsite_ashby_source,2026-09-21,ashby_board_tokens_1662.csv,https://github.com/vedangvatsa/PDFtoWebsite/blob/main/.github/scripts/jobs-sync.mjs,Imported from the user-provided board-token registry.
board,ashby,nectar-social,nectar-social,slug,https://jobs.ashbyhq.com/nectar-social,https://api.ashbyhq.com/posting-api/job-board/nectar-social,https://api.ashbyhq.com/posting-api/job-board/nectar-social?includeCompensation=true,GET,listed_in_PDFtoWebsite_ashby_source,2026-09-21,ashby_board_tokens_1662.csv,https://github.com/vedangvatsa/PDFtoWebsite/blob/main/.github/scripts/jobs-sync.mjs,Imported from the user-provided board-token registry.
board,ashby,nelo,nelo,slug,https://jobs.ashbyhq.com/nelo,https://api.ashbyhq.com/posting-api/job-board/nelo,https://api.ashbyhq.com/posting-api/job-board/nelo?includeCompensation=true,GET,listed_in_PDFtoWebsite_ashby_source,2026-09-21,ashby_board_tokens_1662.csv,https://github.com/vedangvatsa/PDFtoWebsite/blob/main/.github/scripts/jobs-sync.mjs,Imported from the user-provided board-token registry.
board,ashby,neon,neon,slug,https://jobs.ashbyhq.com/neon,https://api.ashbyhq.com/posting-api/job-board/neon,https://api.ashbyhq.com/posting-api/job-board/neon?includeCompensation=true,GET,listed_in_PDFtoWebsite_ashby_source,2026-09-21,ashby_board_tokens_1662.csv,https://github.com/vedangvatsa/PDFtoWebsite/blob/main/.github/scripts/jobs-sync.mjs,Imported from the user-provided board-token registry.
board,ashby,nerdwallet,nerdwallet,slug,https://jobs.ashbyhq.com/nerdwallet,https://api.ashbyhq.com/posting-api/job-board/nerdwallet,https://api.ashbyhq.com/posting-api/job-board/nerdwallet?includeCompensation=true,GET,listed_in_PDFtoWebsite_ashby_source,2026-09-21,ashby_board_tokens_1662.csv,https://github.com/vedangvatsa/PDFtoWebsite/blob/main/.github/scripts/jobs-sync.mjs,Imported from the user-provided board-token registry.
board,ashby,nest-health,nest-health,slug,https://jobs.ashbyhq.com/nest-health,https://api.ashbyhq.com/posting-api/job-board/nest-health,https://api.ashbyhq.com/posting-api/job-board/nest-health?includeCompensation=true,GET,listed_in_PDFtoWebsite_ashby_source,2026-09-21,ashby_board_tokens_1662.csv,https://github.com/vedangvatsa/PDFtoWebsite/blob/main/.github/scripts/jobs-sync.mjs,Imported from the user-provided board-token registry.
board,ashby,nestmed,nestmed,slug,https://jobs.ashbyhq.com/nestmed,https://api.ashbyhq.com/posting-api/job-board/nestmed,https://api.ashbyhq.com/posting-api/job-board/nestmed?includeCompensation=true,GET,listed_in_PDFtoWebsite_ashby_source,2026-09-21,ashby_board_tokens_1662.csv,https://github.com/vedangvatsa/PDFtoWebsite/blob/main/.github/scripts/jobs-sync.mjs,Imported from the user-provided board-token registry.
board,ashby,nestveterinary,nestveterinary,slug,https://jobs.ashbyhq.com/nestveterinary,https://api.ashbyhq.com/posting-api/job-board/nestveterinary,https://api.ashbyhq.com/posting-api/job-board/nestveterinary?includeCompensation=true,GET,listed_in_PDFtoWebsite_ashby_source,2026-09-21,ashby_board_tokens_1662.csv,https://github.com/vedangvatsa/PDFtoWebsite/blob/main/.github/scripts/jobs-sync.mjs,Imported from the user-provided board-token registry.
board,ashby,netboxlabs,netboxlabs,slug,https://jobs.ashbyhq.com/netboxlabs,https://api.ashbyhq.com/posting-api/job-board/netboxlabs,https://api.ashbyhq.com/posting-api/job-board/netboxlabs?includeCompensation=true,GET,listed_in_PDFtoWebsite_ashby_source,2026-09-21,ashby_board_tokens_1662.csv,https://github.com/vedangvatsa/PDFtoWebsite/blob/main/.github/scripts/jobs-sync.mjs,Imported from the user-provided board-token registry.
board,ashby,netgear,netgear,slug,https://jobs.ashbyhq.com/netgear,https://api.ashbyhq.com/posting-api/job-board/netgear,https://api.ashbyhq.com/posting-api/job-board/netgear?includeCompensation=true,GET,listed_in_PDFtoWebsite_ashby_source,2026-09-21,ashby_board_tokens_1662.csv,https://github.com/vedangvatsa/PDFtoWebsite/blob/main/.github/scripts/jobs-sync.mjs,Imported from the user-provided board-token registry.
board,ashby,nethermind,nethermind,slug,https://jobs.ashbyhq.com/nethermind,https://api.ashbyhq.com/posting-api/job-board/nethermind,https://api.ashbyhq.com/posting-api/job-board/nethermind?includeCompensation=true,GET,listed_in_PDFtoWebsite_ashby_source,2026-09-21,ashby_board_tokens_1662.csv,https://github.com/vedangvatsa/PDFtoWebsite/blob/main/.github/scripts/jobs-sync.mjs,Imported from the user-provided board-token registry.
board,ashby,netic,netic,slug,https://jobs.ashbyhq.com/netic,https://api.ashbyhq.com/posting-api/job-board/netic,https://api.ashbyhq.com/posting-api/job-board/netic?includeCompensation=true,GET,listed_in_PDFtoWebsite_ashby_source,2026-09-21,ashby_board_tokens_1662.csv,https://github.com/vedangvatsa/PDFtoWebsite/blob/main/.github/scripts/jobs-sync.mjs,Imported from the user-provided board-token registry.
board,ashby,netwealth,netwealth,slug,https://jobs.ashbyhq.com/netwealth,https://api.ashbyhq.com/posting-api/job-board/netwealth,https://api.ashbyhq.com/posting-api/job-board/netwealth?includeCompensation=true,GET,listed_in_PDFtoWebsite_ashby_source,2026-09-21,ashby_board_tokens_1662.csv,https://github.com/vedangvatsa/PDFtoWebsite/blob/main/.github/scripts/jobs-sync.mjs,Imported from the user-provided board-token registry.
board,ashby,neuroscale,neuroscale,slug,https://jobs.ashbyhq.com/neuroscale,https://api.ashbyhq.com/posting-api/job-board/neuroscale,https://api.ashbyhq.com/posting-api/job-board/neuroscale?includeCompensation=true,GET,listed_in_PDFtoWebsite_ashby_source,2026-09-21,ashby_board_tokens_1662.csv,https://github.com/vedangvatsa/PDFtoWebsite/blob/main/.github/scripts/jobs-sync.mjs,Imported from the user-provided board-token registry.
board,ashby,nevoya,nevoya,slug,https://jobs.ashbyhq.com/nevoya,https://api.ashbyhq.com/posting-api/job-board/nevoya,https://api.ashbyhq.com/posting-api/job-board/nevoya?includeCompensation=true,GET,listed_in_PDFtoWebsite_ashby_source,2026-09-21,ashby_board_tokens_1662.csv,https://github.com/vedangvatsa/PDFtoWebsite/blob/main/.github/scripts/jobs-sync.mjs,Imported from the user-provided board-token registry.
board,ashby,new-story,new-story,slug,https://jobs.ashbyhq.com/new-story,https://api.ashbyhq.com/posting-api/job-board/new-story,https://api.ashbyhq.com/posting-api/job-board/new-story?includeCompensation=true,GET,listed_in_PDFtoWebsite_ashby_source,2026-09-21,ashby_board_tokens_1662.csv,https://github.com/vedangvatsa/PDFtoWebsite/blob/main/.github/scripts/jobs-sync.mjs,Imported from the user-provided board-token registry.
board,ashby,newform,newform,slug,https://jobs.ashbyhq.com/newform,https://api.ashbyhq.com/posting-api/job-board/newform,https://api.ashbyhq.com/posting-api/job-board/newform?includeCompensation=true,GET,listed_in_PDFtoWebsite_ashby_source,2026-09-21,ashby_board_tokens_1662.csv,https://github.com/vedangvatsa/PDFtoWebsite/blob/main/.github/scripts/jobs-sync.mjs,Imported from the user-provided board-token registry.
board,ashby,newfront,newfront,slug,https://jobs.ashbyhq.com/newfront,https://api.ashbyhq.com/posting-api/job-board/newfront,https://api.ashbyhq.com/posting-api/job-board/newfront?includeCompensation=true,GET,listed_in_PDFtoWebsite_ashby_source,2026-09-21,ashby_board_tokens_1662.csv,https://github.com/vedangvatsa/PDFtoWebsite/blob/main/.github/scripts/jobs-sync.mjs,Imported from the user-provided board-token registry.
board,ashby,newlantern,newlantern,slug,https://jobs.ashbyhq.com/newlantern,https://api.ashbyhq.com/posting-api/job-board/newlantern,https://api.ashbyhq.com/posting-api/job-board/newlantern?includeCompensation=true,GET,listed_in_PDFtoWebsite_ashby_source,2026-09-21,ashby_board_tokens_1662.csv,https://github.com/vedangvatsa/PDFtoWebsite/blob/main/.github/scripts/jobs-sync.mjs,Imported from the user-provided board-token registry.
board,ashby,newtonx,newtonx,slug,https://jobs.ashbyhq.com/newtonx,https://api.ashbyhq.com/posting-api/job-board/newtonx,https://api.ashbyhq.com/posting-api/job-board/newtonx?includeCompensation=true,GET,listed_in_mherzog_ashby_seed,2026-09-21,ashby_board_tokens_1662.csv,https://github.com/mherzog4/job-boards/blob/main/boards.seed.json,Imported from the user-provided board-token registry.
board,ashby,nextpatient,nextpatient,slug,https://jobs.ashbyhq.com/nextpatient,https://api.ashbyhq.com/posting-api/job-board/nextpatient,https://api.ashbyhq.com/posting-api/job-board/nextpatient?includeCompensation=true,GET,listed_in_PDFtoWebsite_ashby_source,2026-09-21,ashby_board_tokens_1662.csv,https://github.com/vedangvatsa/PDFtoWebsite/blob/main/.github/scripts/jobs-sync.mjs,Imported from the user-provided board-token registry.
board,ashby,nexus-cognitive,nexus-cognitive,slug,https://jobs.ashbyhq.com/nexus-cognitive,https://api.ashbyhq.com/posting-api/job-board/nexus-cognitive,https://api.ashbyhq.com/posting-api/job-board/nexus-cognitive?includeCompensation=true,GET,listed_in_PDFtoWebsite_ashby_source,2026-09-21,ashby_board_tokens_1662.csv,https://github.com/vedangvatsa/PDFtoWebsite/blob/main/.github/scripts/jobs-sync.mjs,Imported from the user-provided board-token registry.
board,ashby,nexus.xyz,nexus.xyz,slug,https://jobs.ashbyhq.com/nexus.xyz,https://api.ashbyhq.com/posting-api/job-board/nexus.xyz,https://api.ashbyhq.com/posting-api/job-board/nexus.xyz?includeCompensation=true,GET,listed_in_PDFtoWebsite_ashby_source,2026-09-21,ashby_board_tokens_1662.csv,https://github.com/vedangvatsa/PDFtoWebsite/blob/main/.github/scripts/jobs-sync.mjs,Imported from the user-provided board-token registry.
board,ashby,nexxa,nexxa,slug,https://jobs.ashbyhq.com/nexxa,https://api.ashbyhq.com/posting-api/job-board/nexxa,https://api.ashbyhq.com/posting-api/job-board/nexxa?includeCompensation=true,GET,listed_in_PDFtoWebsite_ashby_source,2026-09-21,ashby_board_tokens_1662.csv,https://github.com/vedangvatsa/PDFtoWebsite/blob/main/.github/scripts/jobs-sync.mjs,Imported from the user-provided board-token registry.
board,ashby,nidus-technologies,nidus-technologies,slug,https://jobs.ashbyhq.com/nidus-technologies,https://api.ashbyhq.com/posting-api/job-board/nidus-technologies,https://api.ashbyhq.com/posting-api/job-board/nidus-technologies?includeCompensation=true,GET,listed_in_PDFtoWebsite_ashby_source,2026-09-21,ashby_board_tokens_1662.csv,https://github.com/vedangvatsa/PDFtoWebsite/blob/main/.github/scripts/jobs-sync.mjs,Imported from the user-provided board-token registry.
board,ashby,nightfall-ai,nightfall-ai,slug,https://jobs.ashbyhq.com/nightfall-ai,https://api.ashbyhq.com/posting-api/job-board/nightfall-ai,https://api.ashbyhq.com/posting-api/job-board/nightfall-ai?includeCompensation=true,GET,listed_in_PDFtoWebsite_ashby_source,2026-09-21,ashby_board_tokens_1662.csv,https://github.com/vedangvatsa/PDFtoWebsite/blob/main/.github/scripts/jobs-sync.mjs,Imported from the user-provided board-token registry.
board,ashby,nimbl,nimbl,slug,https://jobs.ashbyhq.com/nimbl,https://api.ashbyhq.com/posting-api/job-board/nimbl,https://api.ashbyhq.com/posting-api/job-board/nimbl?includeCompensation=true,GET,listed_in_PDFtoWebsite_ashby_source,2026-09-21,ashby_board_tokens_1662.csv,https://github.com/vedangvatsa/PDFtoWebsite/blob/main/.github/scripts/jobs-sync.mjs,Imported from the user-provided board-token registry.
board,ashby,nivoda,nivoda,slug,https://jobs.ashbyhq.com/nivoda,https://api.ashbyhq.com/posting-api/job-board/nivoda,https://api.ashbyhq.com/posting-api/job-board/nivoda?includeCompensation=true,GET,listed_in_PDFtoWebsite_ashby_source,2026-09-21,ashby_board_tokens_1662.csv,https://github.com/vedangvatsa/PDFtoWebsite/blob/main/.github/scripts/jobs-sync.mjs,Imported from the user-provided board-token registry.
board,ashby,noda-ai,noda-ai,slug,https://jobs.ashbyhq.com/noda-ai,https://api.ashbyhq.com/posting-api/job-board/noda-ai,https://api.ashbyhq.com/posting-api/job-board/noda-ai?includeCompensation=true,GET,listed_in_PDFtoWebsite_ashby_source,2026-09-21,ashby_board_tokens_1662.csv,https://github.com/vedangvatsa/PDFtoWebsite/blob/main/.github/scripts/jobs-sync.mjs,Imported from the user-provided board-token registry.
board,ashby,noise-labs,noise-labs,slug,https://jobs.ashbyhq.com/noise-labs,https://api.ashbyhq.com/posting-api/job-board/noise-labs,https://api.ashbyhq.com/posting-api/job-board/noise-labs?includeCompensation=true,GET,listed_in_PDFtoWebsite_ashby_source,2026-09-21,ashby_board_tokens_1662.csv,https://github.com/vedangvatsa/PDFtoWebsite/blob/main/.github/scripts/jobs-sync.mjs,Imported from the user-provided board-token registry.
board,ashby,nomad,nomad,slug,https://jobs.ashbyhq.com/nomad,https://api.ashbyhq.com/posting-api/job-board/nomad,https://api.ashbyhq.com/posting-api/job-board/nomad?includeCompensation=true,GET,listed_in_PDFtoWebsite_ashby_source,2026-09-21,ashby_board_tokens_1662.csv,https://github.com/vedangvatsa/PDFtoWebsite/blob/main/.github/scripts/jobs-sync.mjs,Imported from the user-provided board-token registry.
board,ashby,nomos,nomos,slug,https://jobs.ashbyhq.com/nomos,https://api.ashbyhq.com/posting-api/job-board/nomos,https://api.ashbyhq.com/posting-api/job-board/nomos?includeCompensation=true,GET,listed_in_PDFtoWebsite_ashby_source,2026-09-21,ashby_board_tokens_1662.csv,https://github.com/vedangvatsa/PDFtoWebsite/blob/main/.github/scripts/jobs-sync.mjs,Imported from the user-provided board-token registry.
board,ashby,nord-security,nord-security,slug,https://jobs.ashbyhq.com/nord-security,https://api.ashbyhq.com/posting-api/job-board/nord-security,https://api.ashbyhq.com/posting-api/job-board/nord-security?includeCompensation=true,GET,listed_in_PDFtoWebsite_ashby_source,2026-09-21,ashby_board_tokens_1662.csv,https://github.com/vedangvatsa/PDFtoWebsite/blob/main/.github/scripts/jobs-sync.mjs,Imported from the user-provided board-token registry.
board,ashby,norm-ai,norm-ai,slug,https://jobs.ashbyhq.com/norm-ai,https://api.ashbyhq.com/posting-api/job-board/norm-ai,https://api.ashbyhq.com/posting-api/job-board/norm-ai?includeCompensation=true,GET,listed_in_PDFtoWebsite_ashby_source,2026-09-21,ashby_board_tokens_1662.csv,https://github.com/vedangvatsa/PDFtoWebsite/blob/main/.github/scripts/jobs-sync.mjs,Imported from the user-provided board-token registry.
board,ashby,northslope-technologies,northslope-technologies,slug,https://jobs.ashbyhq.com/northslope-technologies,https://api.ashbyhq.com/posting-api/job-board/northslope-technologies,https://api.ashbyhq.com/posting-api/job-board/northslope-technologies?includeCompensation=true,GET,listed_in_PDFtoWebsite_ashby_source,2026-09-21,ashby_board_tokens_1662.csv,https://github.com/vedangvatsa/PDFtoWebsite/blob/main/.github/scripts/jobs-sync.mjs,Imported from the user-provided board-token registry.
board,ashby,northwoodspace,northwoodspace,slug,https://jobs.ashbyhq.com/northwoodspace,https://api.ashbyhq.com/posting-api/job-board/northwoodspace,https://api.ashbyhq.com/posting-api/job-board/northwoodspace?includeCompensation=true,GET,listed_in_PDFtoWebsite_ashby_source,2026-09-21,ashby_board_tokens_1662.csv,https://github.com/vedangvatsa/PDFtoWebsite/blob/main/.github/scripts/jobs-sync.mjs,Imported from the user-provided board-token registry.
board,ashby,nory,nory,slug,https://jobs.ashbyhq.com/nory,https://api.ashbyhq.com/posting-api/job-board/nory,https://api.ashbyhq.com/posting-api/job-board/nory?includeCompensation=true,GET,listed_in_PDFtoWebsite_ashby_source,2026-09-21,ashby_board_tokens_1662.csv,https://github.com/vedangvatsa/PDFtoWebsite/blob/main/.github/scripts/jobs-sync.mjs,Imported from the user-provided board-token registry.
board,ashby,notable,notable,slug,https://jobs.ashbyhq.com/notable,https://api.ashbyhq.com/posting-api/job-board/notable,https://api.ashbyhq.com/posting-api/job-board/notable?includeCompensation=true,GET,listed_in_PDFtoWebsite_ashby_source,2026-09-21,ashby_board_tokens_1662.csv,https://github.com/vedangvatsa/PDFtoWebsite/blob/main/.github/scripts/jobs-sync.mjs,Imported from the user-provided board-token registry.
board,ashby,notion,notion,slug,https://jobs.ashbyhq.com/notion,https://api.ashbyhq.com/posting-api/job-board/notion,https://api.ashbyhq.com/posting-api/job-board/notion?includeCompensation=true,GET,listed_in_PDFtoWebsite_ashby_source,2026-09-21,ashby_board_tokens_1662.csv,https://github.com/vedangvatsa/PDFtoWebsite/blob/main/.github/scripts/jobs-sync.mjs,Imported from the user-provided board-token registry.
board,ashby,novita-ai,novita-ai,slug,https://jobs.ashbyhq.com/novita-ai,https://api.ashbyhq.com/posting-api/job-board/novita-ai,https://api.ashbyhq.com/posting-api/job-board/novita-ai?includeCompensation=true,GET,listed_in_PDFtoWebsite_ashby_source,2026-09-21,ashby_board_tokens_1662.csv,https://github.com/vedangvatsa/PDFtoWebsite/blob/main/.github/scripts/jobs-sync.mjs,Imported from the user-provided board-token registry.
board,ashby,novo,novo,slug,https://jobs.ashbyhq.com/novo,https://api.ashbyhq.com/posting-api/job-board/novo,https://api.ashbyhq.com/posting-api/job-board/novo?includeCompensation=true,GET,listed_in_PDFtoWebsite_ashby_source,2026-09-21,ashby_board_tokens_1662.csv,https://github.com/vedangvatsa/PDFtoWebsite/blob/main/.github/scripts/jobs-sync.mjs,Imported from the user-provided board-token registry.
board,ashby,nucleus,nucleus,slug,https://jobs.ashbyhq.com/nucleus,https://api.ashbyhq.com/posting-api/job-board/nucleus,https://api.ashbyhq.com/posting-api/job-board/nucleus?includeCompensation=true,GET,listed_in_PDFtoWebsite_ashby_source,2026-09-21,ashby_board_tokens_1662.csv,https://github.com/vedangvatsa/PDFtoWebsite/blob/main/.github/scripts/jobs-sync.mjs,Imported from the user-provided board-token registry.
board,ashby,nudge,nudge,slug,https://jobs.ashbyhq.com/nudge,https://api.ashbyhq.com/posting-api/job-board/nudge,https://api.ashbyhq.com/posting-api/job-board/nudge?includeCompensation=true,GET,listed_in_PDFtoWebsite_ashby_source,2026-09-21,ashby_board_tokens_1662.csv,https://github.com/vedangvatsa/PDFtoWebsite/blob/main/.github/scripts/jobs-sync.mjs,Imported from the user-provided board-token registry.
board,ashby,numeral,numeral,slug,https://jobs.ashbyhq.com/numeral,https://api.ashbyhq.com/posting-api/job-board/numeral,https://api.ashbyhq.com/posting-api/job-board/numeral?includeCompensation=true,GET,listed_in_PDFtoWebsite_ashby_source,2026-09-21,ashby_board_tokens_1662.csv,https://github.com/vedangvatsa/PDFtoWebsite/blob/main/.github/scripts/jobs-sync.mjs,Imported from the user-provided board-token registry.
board,ashby,numeric,numeric,slug,https://jobs.ashbyhq.com/numeric,https://api.ashbyhq.com/posting-api/job-board/numeric,https://api.ashbyhq.com/posting-api/job-board/numeric?includeCompensation=true,GET,listed_in_PDFtoWebsite_ashby_source,2026-09-21,ashby_board_tokens_1662.csv,https://github.com/vedangvatsa/PDFtoWebsite/blob/main/.github/scripts/jobs-sync.mjs,Imported from the user-provided board-token registry.
board,ashby,nuna,nuna,slug,https://jobs.ashbyhq.com/nuna,https://api.ashbyhq.com/posting-api/job-board/nuna,https://api.ashbyhq.com/posting-api/job-board/nuna?includeCompensation=true,GET,listed_in_PDFtoWebsite_ashby_source,2026-09-21,ashby_board_tokens_1662.csv,https://github.com/vedangvatsa/PDFtoWebsite/blob/main/.github/scripts/jobs-sync.mjs,Imported from the user-provided board-token registry.
board,ashby,nursa,nursa,slug,https://jobs.ashbyhq.com/nursa,https://api.ashbyhq.com/posting-api/job-board/nursa,https://api.ashbyhq.com/posting-api/job-board/nursa?includeCompensation=true,GET,listed_in_PDFtoWebsite_ashby_source,2026-09-21,ashby_board_tokens_1662.csv,https://github.com/vedangvatsa/PDFtoWebsite/blob/main/.github/scripts/jobs-sync.mjs,Imported from the user-provided board-token registry.
board,ashby,oakland-feather-river-camp,oakland-feather-river-camp,slug,https://jobs.ashbyhq.com/oakland-feather-river-camp,https://api.ashbyhq.com/posting-api/job-board/oakland-feather-river-camp,https://api.ashbyhq.com/posting-api/job-board/oakland-feather-river-camp?includeCompensation=true,GET,listed_in_PDFtoWebsite_ashby_source,2026-09-21,ashby_board_tokens_1662.csv,https://github.com/vedangvatsa/PDFtoWebsite/blob/main/.github/scripts/jobs-sync.mjs,Imported from the user-provided board-token registry.
board,ashby,oaknorth,oaknorth,slug,https://jobs.ashbyhq.com/oaknorth,https://api.ashbyhq.com/posting-api/job-board/oaknorth,https://api.ashbyhq.com/posting-api/job-board/oaknorth?includeCompensation=true,GET,listed_in_PDFtoWebsite_ashby_source,2026-09-21,ashby_board_tokens_1662.csv,https://github.com/vedangvatsa/PDFtoWebsite/blob/main/.github/scripts/jobs-sync.mjs,Imported from the user-provided board-token registry.
board,ashby,observable-space,observable-space,slug,https://jobs.ashbyhq.com/observable-space,https://api.ashbyhq.com/posting-api/job-board/observable-space,https://api.ashbyhq.com/posting-api/job-board/observable-space?includeCompensation=true,GET,listed_in_PDFtoWebsite_ashby_source,2026-09-21,ashby_board_tokens_1662.csv,https://github.com/vedangvatsa/PDFtoWebsite/blob/main/.github/scripts/jobs-sync.mjs,Imported from the user-provided board-token registry.
board,ashby,observeinc,observeinc,slug,https://jobs.ashbyhq.com/observeinc,https://api.ashbyhq.com/posting-api/job-board/observeinc,https://api.ashbyhq.com/posting-api/job-board/observeinc?includeCompensation=true,GET,listed_in_PDFtoWebsite_alt_ashby_source,2026-09-21,ashby_board_tokens_1662.csv,https://github.com/vedangvatsa/PDFtoWebsite/blob/main/run-cj.mjs,Imported from the user-provided board-token registry.
board,ashby,obviant,obviant,slug,https://jobs.ashbyhq.com/obviant,https://api.ashbyhq.com/posting-api/job-board/obviant,https://api.ashbyhq.com/posting-api/job-board/obviant?includeCompensation=true,GET,listed_in_PDFtoWebsite_ashby_source,2026-09-21,ashby_board_tokens_1662.csv,https://github.com/vedangvatsa/PDFtoWebsite/blob/main/.github/scripts/jobs-sync.mjs,Imported from the user-provided board-token registry.
board,ashby,obvio,obvio,slug,https://jobs.ashbyhq.com/obvio,https://api.ashbyhq.com/posting-api/job-board/obvio,https://api.ashbyhq.com/posting-api/job-board/obvio?includeCompensation=true,GET,listed_in_PDFtoWebsite_ashby_source,2026-09-21,ashby_board_tokens_1662.csv,https://github.com/vedangvatsa/PDFtoWebsite/blob/main/.github/scripts/jobs-sync.mjs,Imported from the user-provided board-token registry.
board,ashby,obvious,obvious,slug,https://jobs.ashbyhq.com/obvious,https://api.ashbyhq.com/posting-api/job-board/obvious,https://api.ashbyhq.com/posting-api/job-board/obvious?includeCompensation=true,GET,listed_in_PDFtoWebsite_ashby_source,2026-09-21,ashby_board_tokens_1662.csv,https://github.com/vedangvatsa/PDFtoWebsite/blob/main/.github/scripts/jobs-sync.mjs,Imported from the user-provided board-token registry.
board,ashby,ocra,ocra,slug,https://jobs.ashbyhq.com/ocra,https://api.ashbyhq.com/posting-api/job-board/ocra,https://api.ashbyhq.com/posting-api/job-board/ocra?includeCompensation=true,GET,listed_in_PDFtoWebsite_ashby_source,2026-09-21,ashby_board_tokens_1662.csv,https://github.com/vedangvatsa/PDFtoWebsite/blob/main/.github/scripts/jobs-sync.mjs,Imported from the user-provided board-token registry.
board,ashby,odys-aviation,odys-aviation,slug,https://jobs.ashbyhq.com/odys-aviation,https://api.ashbyhq.com/posting-api/job-board/odys-aviation,https://api.ashbyhq.com/posting-api/job-board/odys-aviation?includeCompensation=true,GET,listed_in_PDFtoWebsite_ashby_source,2026-09-21,ashby_board_tokens_1662.csv,https://github.com/vedangvatsa/PDFtoWebsite/blob/main/.github/scripts/jobs-sync.mjs,Imported from the user-provided board-token registry.
board,ashby,odyssey,odyssey,slug,https://jobs.ashbyhq.com/odyssey,https://api.ashbyhq.com/posting-api/job-board/odyssey,https://api.ashbyhq.com/posting-api/job-board/odyssey?includeCompensation=true,GET,listed_in_PDFtoWebsite_ashby_source,2026-09-21,ashby_board_tokens_1662.csv,https://github.com/vedangvatsa/PDFtoWebsite/blob/main/.github/scripts/jobs-sync.mjs,Imported from the user-provided board-token registry.
board,ashby,office-hours,office-hours,slug,https://jobs.ashbyhq.com/office-hours,https://api.ashbyhq.com/posting-api/job-board/office-hours,https://api.ashbyhq.com/posting-api/job-board/office-hours?includeCompensation=true,GET,listed_in_PDFtoWebsite_ashby_source,2026-09-21,ashby_board_tokens_1662.csv,https://github.com/vedangvatsa/PDFtoWebsite/blob/main/.github/scripts/jobs-sync.mjs,Imported from the user-provided board-token registry.
board,ashby,olympus,olympus,slug,https://jobs.ashbyhq.com/olympus,https://api.ashbyhq.com/posting-api/job-board/olympus,https://api.ashbyhq.com/posting-api/job-board/olympus?includeCompensation=true,GET,listed_in_PDFtoWebsite_ashby_source,2026-09-21,ashby_board_tokens_1662.csv,https://github.com/vedangvatsa/PDFtoWebsite/blob/main/.github/scripts/jobs-sync.mjs,Imported from the user-provided board-token registry.
board,ashby,omaze,omaze,slug,https://jobs.ashbyhq.com/omaze,https://api.ashbyhq.com/posting-api/job-board/omaze,https://api.ashbyhq.com/posting-api/job-board/omaze?includeCompensation=true,GET,listed_in_PDFtoWebsite_ashby_source,2026-09-21,ashby_board_tokens_1662.csv,https://github.com/vedangvatsa/PDFtoWebsite/blob/main/.github/scripts/jobs-sync.mjs,Imported from the user-provided board-token registry.
board,ashby,omnea,omnea,slug,https://jobs.ashbyhq.com/omnea,https://api.ashbyhq.com/posting-api/job-board/omnea,https://api.ashbyhq.com/posting-api/job-board/omnea?includeCompensation=true,GET,listed_in_PDFtoWebsite_ashby_source,2026-09-21,ashby_board_tokens_1662.csv,https://github.com/vedangvatsa/PDFtoWebsite/blob/main/.github/scripts/jobs-sync.mjs,Imported from the user-provided board-token registry.
board,ashby,omni,omni,slug,https://jobs.ashbyhq.com/omni,https://api.ashbyhq.com/posting-api/job-board/omni,https://api.ashbyhq.com/posting-api/job-board/omni?includeCompensation=true,GET,listed_in_PDFtoWebsite_ashby_source,2026-09-21,ashby_board_tokens_1662.csv,https://github.com/vedangvatsa/PDFtoWebsite/blob/main/.github/scripts/jobs-sync.mjs,Imported from the user-provided board-token registry.
board,ashby,omniscient,omniscient,slug,https://jobs.ashbyhq.com/omniscient,https://api.ashbyhq.com/posting-api/job-board/omniscient,https://api.ashbyhq.com/posting-api/job-board/omniscient?includeCompensation=true,GET,listed_in_PDFtoWebsite_ashby_source,2026-09-21,ashby_board_tokens_1662.csv,https://github.com/vedangvatsa/PDFtoWebsite/blob/main/.github/scripts/jobs-sync.mjs,Imported from the user-provided board-token registry.
board,ashby,one-pass-solutions,one-pass-solutions,slug,https://jobs.ashbyhq.com/one-pass-solutions,https://api.ashbyhq.com/posting-api/job-board/one-pass-solutions,https://api.ashbyhq.com/posting-api/job-board/one-pass-solutions?includeCompensation=true,GET,listed_in_PDFtoWebsite_ashby_source,2026-09-21,ashby_board_tokens_1662.csv,https://github.com/vedangvatsa/PDFtoWebsite/blob/main/.github/scripts/jobs-sync.mjs,Imported from the user-provided board-token registry.
board,ashby,oneapp,oneapp,slug,https://jobs.ashbyhq.com/oneapp,https://api.ashbyhq.com/posting-api/job-board/oneapp,https://api.ashbyhq.com/posting-api/job-board/oneapp?includeCompensation=true,GET,listed_in_PDFtoWebsite_ashby_source,2026-09-21,ashby_board_tokens_1662.csv,https://github.com/vedangvatsa/PDFtoWebsite/blob/main/.github/scripts/jobs-sync.mjs,Imported from the user-provided board-token registry.
board,ashby,onebrief,onebrief,slug,https://jobs.ashbyhq.com/onebrief,https://api.ashbyhq.com/posting-api/job-board/onebrief,https://api.ashbyhq.com/posting-api/job-board/onebrief?includeCompensation=true,GET,listed_in_PDFtoWebsite_ashby_source,2026-09-21,ashby_board_tokens_1662.csv,https://github.com/vedangvatsa/PDFtoWebsite/blob/main/.github/scripts/jobs-sync.mjs,Imported from the user-provided board-token registry.
board,ashby,onecrew,onecrew,slug,https://jobs.ashbyhq.com/onecrew,https://api.ashbyhq.com/posting-api/job-board/onecrew,https://api.ashbyhq.com/posting-api/job-board/onecrew?includeCompensation=true,GET,listed_in_PDFtoWebsite_ashby_source,2026-09-21,ashby_board_tokens_1662.csv,https://github.com/vedangvatsa/PDFtoWebsite/blob/main/.github/scripts/jobs-sync.mjs,Imported from the user-provided board-token registry.
board,ashby,oneleet,oneleet,slug,https://jobs.ashbyhq.com/oneleet,https://api.ashbyhq.com/posting-api/job-board/oneleet,https://api.ashbyhq.com/posting-api/job-board/oneleet?includeCompensation=true,GET,listed_in_PDFtoWebsite_ashby_source,2026-09-21,ashby_board_tokens_1662.csv,https://github.com/vedangvatsa/PDFtoWebsite/blob/main/.github/scripts/jobs-sync.mjs,Imported from the user-provided board-token registry.
board,ashby,onepot,onepot,slug,https://jobs.ashbyhq.com/onepot,https://api.ashbyhq.com/posting-api/job-board/onepot,https://api.ashbyhq.com/posting-api/job-board/onepot?includeCompensation=true,GET,listed_in_PDFtoWebsite_ashby_source,2026-09-21,ashby_board_tokens_1662.csv,https://github.com/vedangvatsa/PDFtoWebsite/blob/main/.github/scripts/jobs-sync.mjs,Imported from the user-provided board-token registry.
board,ashby,onereach.ai,onereach.ai,slug,https://jobs.ashbyhq.com/onereach.ai,https://api.ashbyhq.com/posting-api/job-board/onereach.ai,https://api.ashbyhq.com/posting-api/job-board/onereach.ai?includeCompensation=true,GET,listed_in_PDFtoWebsite_ashby_source,2026-09-21,ashby_board_tokens_1662.csv,https://github.com/vedangvatsa/PDFtoWebsite/blob/main/.github/scripts/jobs-sync.mjs,Imported from the user-provided board-token registry.
board,ashby,oneschema,oneschema,slug,https://jobs.ashbyhq.com/oneschema,https://api.ashbyhq.com/posting-api/job-board/oneschema,https://api.ashbyhq.com/posting-api/job-board/oneschema?includeCompensation=true,GET,listed_in_PDFtoWebsite_ashby_source,2026-09-21,ashby_board_tokens_1662.csv,https://github.com/vedangvatsa/PDFtoWebsite/blob/main/.github/scripts/jobs-sync.mjs,Imported from the user-provided board-token registry.
board,ashby,onhires,onhires,slug,https://jobs.ashbyhq.com/onhires,https://api.ashbyhq.com/posting-api/job-board/onhires,https://api.ashbyhq.com/posting-api/job-board/onhires?includeCompensation=true,GET,listed_in_PDFtoWebsite_ashby_source,2026-09-21,ashby_board_tokens_1662.csv,https://github.com/vedangvatsa/PDFtoWebsite/blob/main/.github/scripts/jobs-sync.mjs,Imported from the user-provided board-token registry.
board,ashby,onramp,onramp,slug,https://jobs.ashbyhq.com/onramp,https://api.ashbyhq.com/posting-api/job-board/onramp,https://api.ashbyhq.com/posting-api/job-board/onramp?includeCompensation=true,GET,listed_in_PDFtoWebsite_ashby_source,2026-09-21,ashby_board_tokens_1662.csv,https://github.com/vedangvatsa/PDFtoWebsite/blob/main/.github/scripts/jobs-sync.mjs,Imported from the user-provided board-token registry.
board,ashby,opal,opal,slug,https://jobs.ashbyhq.com/opal,https://api.ashbyhq.com/posting-api/job-board/opal,https://api.ashbyhq.com/posting-api/job-board/opal?includeCompensation=true,GET,listed_in_PDFtoWebsite_ashby_source,2026-09-21,ashby_board_tokens_1662.csv,https://github.com/vedangvatsa/PDFtoWebsite/blob/main/.github/scripts/jobs-sync.mjs,Imported from the user-provided board-token registry.
board,ashby,openai,openai,slug,https://jobs.ashbyhq.com/openai,https://api.ashbyhq.com/posting-api/job-board/openai,https://api.ashbyhq.com/posting-api/job-board/openai?includeCompensation=true,GET,listed_in_PDFtoWebsite_ashby_source,2026-09-21,ashby_board_tokens_1662.csv,https://github.com/vedangvatsa/PDFtoWebsite/blob/main/.github/scripts/jobs-sync.mjs,Imported from the user-provided board-token registry.
board,ashby,openevidence,openevidence,slug,https://jobs.ashbyhq.com/openevidence,https://api.ashbyhq.com/posting-api/job-board/openevidence,https://api.ashbyhq.com/posting-api/job-board/openevidence?includeCompensation=true,GET,listed_in_PDFtoWebsite_ashby_source,2026-09-21,ashby_board_tokens_1662.csv,https://github.com/vedangvatsa/PDFtoWebsite/blob/main/.github/scripts/jobs-sync.mjs,Imported from the user-provided board-token registry.
board,ashby,opengov,opengov,slug,https://jobs.ashbyhq.com/opengov,https://api.ashbyhq.com/posting-api/job-board/opengov,https://api.ashbyhq.com/posting-api/job-board/opengov?includeCompensation=true,GET,listed_in_PDFtoWebsite_ashby_source,2026-09-21,ashby_board_tokens_1662.csv,https://github.com/vedangvatsa/PDFtoWebsite/blob/main/.github/scripts/jobs-sync.mjs,Imported from the user-provided board-token registry.
board,ashby,openhands,openhands,slug,https://jobs.ashbyhq.com/openhands,https://api.ashbyhq.com/posting-api/job-board/openhands,https://api.ashbyhq.com/posting-api/job-board/openhands?includeCompensation=true,GET,listed_in_PDFtoWebsite_ashby_source,2026-09-21,ashby_board_tokens_1662.csv,https://github.com/vedangvatsa/PDFtoWebsite/blob/main/.github/scripts/jobs-sync.mjs,Imported from the user-provided board-token registry.
board,ashby,openhomefoundation,openhomefoundation,slug,https://jobs.ashbyhq.com/openhomefoundation,https://api.ashbyhq.com/posting-api/job-board/openhomefoundation,https://api.ashbyhq.com/posting-api/job-board/openhomefoundation?includeCompensation=true,GET,listed_in_PDFtoWebsite_ashby_source,2026-09-21,ashby_board_tokens_1662.csv,https://github.com/vedangvatsa/PDFtoWebsite/blob/main/.github/scripts/jobs-sync.mjs,Imported from the user-provided board-token registry.
board,ashby,openly,openly,slug,https://jobs.ashbyhq.com/openly,https://api.ashbyhq.com/posting-api/job-board/openly,https://api.ashbyhq.com/posting-api/job-board/openly?includeCompensation=true,GET,listed_in_PDFtoWebsite_ashby_source,2026-09-21,ashby_board_tokens_1662.csv,https://github.com/vedangvatsa/PDFtoWebsite/blob/main/.github/scripts/jobs-sync.mjs,Imported from the user-provided board-token registry.
board,ashby,openrouter,openrouter,slug,https://jobs.ashbyhq.com/openrouter,https://api.ashbyhq.com/posting-api/job-board/openrouter,https://api.ashbyhq.com/posting-api/job-board/openrouter?includeCompensation=true,GET,listed_in_PDFtoWebsite_ashby_source,2026-09-21,ashby_board_tokens_1662.csv,https://github.com/vedangvatsa/PDFtoWebsite/blob/main/.github/scripts/jobs-sync.mjs,Imported from the user-provided board-token registry.
board,ashby,opensea,opensea,slug,https://jobs.ashbyhq.com/opensea,https://api.ashbyhq.com/posting-api/job-board/opensea,https://api.ashbyhq.com/posting-api/job-board/opensea?includeCompensation=true,GET,listed_in_PDFtoWebsite_ashby_source,2026-09-21,ashby_board_tokens_1662.csv,https://github.com/vedangvatsa/PDFtoWebsite/blob/main/.github/scripts/jobs-sync.mjs,Imported from the user-provided board-token registry.
board,ashby,opfoundation,opfoundation,slug,https://jobs.ashbyhq.com/opfoundation,https://api.ashbyhq.com/posting-api/job-board/opfoundation,https://api.ashbyhq.com/posting-api/job-board/opfoundation?includeCompensation=true,GET,listed_in_PDFtoWebsite_ashby_source,2026-09-21,ashby_board_tokens_1662.csv,https://github.com/vedangvatsa/PDFtoWebsite/blob/main/.github/scripts/jobs-sync.mjs,Imported from the user-provided board-token registry.
board,ashby,oplabs,oplabs,slug,https://jobs.ashbyhq.com/oplabs,https://api.ashbyhq.com/posting-api/job-board/oplabs,https://api.ashbyhq.com/posting-api/job-board/oplabs?includeCompensation=true,GET,listed_in_PDFtoWebsite_ashby_source,2026-09-21,ashby_board_tokens_1662.csv,https://github.com/vedangvatsa/PDFtoWebsite/blob/main/.github/scripts/jobs-sync.mjs,Imported from the user-provided board-token registry.
board,ashby,opslevel,opslevel,slug,https://jobs.ashbyhq.com/opslevel,https://api.ashbyhq.com/posting-api/job-board/opslevel,https://api.ashbyhq.com/posting-api/job-board/opslevel?includeCompensation=true,GET,listed_in_PDFtoWebsite_ashby_source,2026-09-21,ashby_board_tokens_1662.csv,https://github.com/vedangvatsa/PDFtoWebsite/blob/main/.github/scripts/jobs-sync.mjs,Imported from the user-provided board-token registry.
board,ashby,optimum,optimum,slug,https://jobs.ashbyhq.com/optimum,https://api.ashbyhq.com/posting-api/job-board/optimum,https://api.ashbyhq.com/posting-api/job-board/optimum?includeCompensation=true,GET,listed_in_PDFtoWebsite_ashby_source,2026-09-21,ashby_board_tokens_1662.csv,https://github.com/vedangvatsa/PDFtoWebsite/blob/main/.github/scripts/jobs-sync.mjs,Imported from the user-provided board-token registry.
board,ashby,optro,optro,slug,https://jobs.ashbyhq.com/optro,https://api.ashbyhq.com/posting-api/job-board/optro,https://api.ashbyhq.com/posting-api/job-board/optro?includeCompensation=true,GET,listed_in_PDFtoWebsite_ashby_source,2026-09-21,ashby_board_tokens_1662.csv,https://github.com/vedangvatsa/PDFtoWebsite/blob/main/.github/scripts/jobs-sync.mjs,Imported from the user-provided board-token registry.
board,ashby,opus1,opus1,slug,https://jobs.ashbyhq.com/opus1,https://api.ashbyhq.com/posting-api/job-board/opus1,https://api.ashbyhq.com/posting-api/job-board/opus1?includeCompensation=true,GET,listed_in_PDFtoWebsite_ashby_source,2026-09-21,ashby_board_tokens_1662.csv,https://github.com/vedangvatsa/PDFtoWebsite/blob/main/.github/scripts/jobs-sync.mjs,Imported from the user-provided board-token registry.
board,ashby,opusclip,opusclip,slug,https://jobs.ashbyhq.com/opusclip,https://api.ashbyhq.com/posting-api/job-board/opusclip,https://api.ashbyhq.com/posting-api/job-board/opusclip?includeCompensation=true,GET,listed_in_PDFtoWebsite_ashby_source,2026-09-21,ashby_board_tokens_1662.csv,https://github.com/vedangvatsa/PDFtoWebsite/blob/main/.github/scripts/jobs-sync.mjs,Imported from the user-provided board-token registry.
board,ashby,orb,orb,slug,https://jobs.ashbyhq.com/orb,https://api.ashbyhq.com/posting-api/job-board/orb,https://api.ashbyhq.com/posting-api/job-board/orb?includeCompensation=true,GET,listed_in_PDFtoWebsite_ashby_source,2026-09-21,ashby_board_tokens_1662.csv,https://github.com/vedangvatsa/PDFtoWebsite/blob/main/.github/scripts/jobs-sync.mjs,Imported from the user-provided board-token registry.
board,ashby,orbit,orbit,slug,https://jobs.ashbyhq.com/orbit,https://api.ashbyhq.com/posting-api/job-board/orbit,https://api.ashbyhq.com/posting-api/job-board/orbit?includeCompensation=true,GET,listed_in_PDFtoWebsite_ashby_source,2026-09-21,ashby_board_tokens_1662.csv,https://github.com/vedangvatsa/PDFtoWebsite/blob/main/.github/scripts/jobs-sync.mjs,Imported from the user-provided board-token registry.
board,ashby,orbital,orbital,slug,https://jobs.ashbyhq.com/orbital,https://api.ashbyhq.com/posting-api/job-board/orbital,https://api.ashbyhq.com/posting-api/job-board/orbital?includeCompensation=true,GET,listed_in_PDFtoWebsite_ashby_source,2026-09-21,ashby_board_tokens_1662.csv,https://github.com/vedangvatsa/PDFtoWebsite/blob/main/.github/scripts/jobs-sync.mjs,Imported from the user-provided board-token registry.
board,ashby,orca,orca,slug,https://jobs.ashbyhq.com/orca,https://api.ashbyhq.com/posting-api/job-board/orca,https://api.ashbyhq.com/posting-api/job-board/orca?includeCompensation=true,GET,listed_in_PDFtoWebsite_ashby_source,2026-09-21,ashby_board_tokens_1662.csv,https://github.com/vedangvatsa/PDFtoWebsite/blob/main/.github/scripts/jobs-sync.mjs,Imported from the user-provided board-token registry.
board,ashby,orchard,orchard,slug,https://jobs.ashbyhq.com/orchard,https://api.ashbyhq.com/posting-api/job-board/orchard,https://api.ashbyhq.com/posting-api/job-board/orchard?includeCompensation=true,GET,listed_in_PDFtoWebsite_ashby_source,2026-09-21,ashby_board_tokens_1662.csv,https://github.com/vedangvatsa/PDFtoWebsite/blob/main/.github/scripts/jobs-sync.mjs,Imported from the user-provided board-token registry.
board,ashby,orum,orum,slug,https://jobs.ashbyhq.com/orum,https://api.ashbyhq.com/posting-api/job-board/orum,https://api.ashbyhq.com/posting-api/job-board/orum?includeCompensation=true,GET,listed_in_PDFtoWebsite_ashby_source,2026-09-21,ashby_board_tokens_1662.csv,https://github.com/vedangvatsa/PDFtoWebsite/blob/main/.github/scripts/jobs-sync.mjs,Imported from the user-provided board-token registry.
board,ashby,osmo,osmo,slug,https://jobs.ashbyhq.com/osmo,https://api.ashbyhq.com/posting-api/job-board/osmo,https://api.ashbyhq.com/posting-api/job-board/osmo?includeCompensation=true,GET,listed_in_PDFtoWebsite_ashby_source,2026-09-21,ashby_board_tokens_1662.csv,https://github.com/vedangvatsa/PDFtoWebsite/blob/main/.github/scripts/jobs-sync.mjs,Imported from the user-provided board-token registry.
board,ashby,oso,oso,slug,https://jobs.ashbyhq.com/oso,https://api.ashbyhq.com/posting-api/job-board/oso,https://api.ashbyhq.com/posting-api/job-board/oso?includeCompensation=true,GET,listed_in_PDFtoWebsite_ashby_source,2026-09-21,ashby_board_tokens_1662.csv,https://github.com/vedangvatsa/PDFtoWebsite/blob/main/.github/scripts/jobs-sync.mjs,Imported from the user-provided board-token registry.
board,ashby,oumi,oumi,slug,https://jobs.ashbyhq.com/oumi,https://api.ashbyhq.com/posting-api/job-board/oumi,https://api.ashbyhq.com/posting-api/job-board/oumi?includeCompensation=true,GET,listed_in_PDFtoWebsite_ashby_source,2026-09-21,ashby_board_tokens_1662.csv,https://github.com/vedangvatsa/PDFtoWebsite/blob/main/.github/scripts/jobs-sync.mjs,Imported from the user-provided board-token registry.
board,ashby,outpost,outpost,slug,https://jobs.ashbyhq.com/outpost,https://api.ashbyhq.com/posting-api/job-board/outpost,https://api.ashbyhq.com/posting-api/job-board/outpost?includeCompensation=true,GET,listed_in_PDFtoWebsite_ashby_source,2026-09-21,ashby_board_tokens_1662.csv,https://github.com/vedangvatsa/PDFtoWebsite/blob/main/.github/scripts/jobs-sync.mjs,Imported from the user-provided board-token registry.
board,ashby,outpostnow,outpostnow,slug,https://jobs.ashbyhq.com/outpostnow,https://api.ashbyhq.com/posting-api/job-board/outpostnow,https://api.ashbyhq.com/posting-api/job-board/outpostnow?includeCompensation=true,GET,listed_in_PDFtoWebsite_ashby_source,2026-09-21,ashby_board_tokens_1662.csv,https://github.com/vedangvatsa/PDFtoWebsite/blob/main/.github/scripts/jobs-sync.mjs,Imported from the user-provided board-token registry.
board,ashby,outset,outset,slug,https://jobs.ashbyhq.com/outset,https://api.ashbyhq.com/posting-api/job-board/outset,https://api.ashbyhq.com/posting-api/job-board/outset?includeCompensation=true,GET,listed_in_PDFtoWebsite_ashby_source,2026-09-21,ashby_board_tokens_1662.csv,https://github.com/vedangvatsa/PDFtoWebsite/blob/main/.github/scripts/jobs-sync.mjs,Imported from the user-provided board-token registry.
board,ashby,outsmart,outsmart,slug,https://jobs.ashbyhq.com/outsmart,https://api.ashbyhq.com/posting-api/job-board/outsmart,https://api.ashbyhq.com/posting-api/job-board/outsmart?includeCompensation=true,GET,listed_in_PDFtoWebsite_ashby_source,2026-09-21,ashby_board_tokens_1662.csv,https://github.com/vedangvatsa/PDFtoWebsite/blob/main/.github/scripts/jobs-sync.mjs,Imported from the user-provided board-token registry.
board,ashby,outtake,outtake,slug,https://jobs.ashbyhq.com/outtake,https://api.ashbyhq.com/posting-api/job-board/outtake,https://api.ashbyhq.com/posting-api/job-board/outtake?includeCompensation=true,GET,listed_in_PDFtoWebsite_ashby_source,2026-09-21,ashby_board_tokens_1662.csv,https://github.com/vedangvatsa/PDFtoWebsite/blob/main/.github/scripts/jobs-sync.mjs,Imported from the user-provided board-token registry.
board,ashby,overflow,overflow,slug,https://jobs.ashbyhq.com/overflow,https://api.ashbyhq.com/posting-api/job-board/overflow,https://api.ashbyhq.com/posting-api/job-board/overflow?includeCompensation=true,GET,listed_in_PDFtoWebsite_ashby_source,2026-09-21,ashby_board_tokens_1662.csv,https://github.com/vedangvatsa/PDFtoWebsite/blob/main/.github/scripts/jobs-sync.mjs,Imported from the user-provided board-token registry.
board,ashby,overviewenergy,overviewenergy,slug,https://jobs.ashbyhq.com/overviewenergy,https://api.ashbyhq.com/posting-api/job-board/overviewenergy,https://api.ashbyhq.com/posting-api/job-board/overviewenergy?includeCompensation=true,GET,listed_in_PDFtoWebsite_ashby_source,2026-09-21,ashby_board_tokens_1662.csv,https://github.com/vedangvatsa/PDFtoWebsite/blob/main/.github/scripts/jobs-sync.mjs,Imported from the user-provided board-token registry.
board,ashby,owner,owner,slug,https://jobs.ashbyhq.com/owner,https://api.ashbyhq.com/posting-api/job-board/owner,https://api.ashbyhq.com/posting-api/job-board/owner?includeCompensation=true,GET,listed_in_PDFtoWebsite_ashby_source,2026-09-21,ashby_board_tokens_1662.csv,https://github.com/vedangvatsa/PDFtoWebsite/blob/main/.github/scripts/jobs-sync.mjs,Imported from the user-provided board-token registry.
board,ashby,oxio,oxio,slug,https://jobs.ashbyhq.com/oxio,https://api.ashbyhq.com/posting-api/job-board/oxio,https://api.ashbyhq.com/posting-api/job-board/oxio?includeCompensation=true,GET,listed_in_PDFtoWebsite_ashby_source,2026-09-21,ashby_board_tokens_1662.csv,https://github.com/vedangvatsa/PDFtoWebsite/blob/main/.github/scripts/jobs-sync.mjs,Imported from the user-provided board-token registry.
board,ashby,oxman,oxman,slug,https://jobs.ashbyhq.com/oxman,https://api.ashbyhq.com/posting-api/job-board/oxman,https://api.ashbyhq.com/posting-api/job-board/oxman?includeCompensation=true,GET,listed_in_PDFtoWebsite_ashby_source,2026-09-21,ashby_board_tokens_1662.csv,https://github.com/vedangvatsa/PDFtoWebsite/blob/main/.github/scripts/jobs-sync.mjs,Imported from the user-provided board-token registry.
board,ashby,oyster,oyster,slug,https://jobs.ashbyhq.com/oyster,https://api.ashbyhq.com/posting-api/job-board/oyster,https://api.ashbyhq.com/posting-api/job-board/oyster?includeCompensation=true,GET,listed_in_PDFtoWebsite_ashby_source,2026-09-21,ashby_board_tokens_1662.csv,https://github.com/vedangvatsa/PDFtoWebsite/blob/main/.github/scripts/jobs-sync.mjs,Imported from the user-provided board-token registry.
board,ashby,p2p.org,p2p.org,slug,https://jobs.ashbyhq.com/p2p.org,https://api.ashbyhq.com/posting-api/job-board/p2p.org,https://api.ashbyhq.com/posting-api/job-board/p2p.org?includeCompensation=true,GET,listed_in_PDFtoWebsite_ashby_source,2026-09-21,ashby_board_tokens_1662.csv,https://github.com/vedangvatsa/PDFtoWebsite/blob/main/.github/scripts/jobs-sync.mjs,Imported from the user-provided board-token registry.
board,ashby,paddle,paddle,slug,https://jobs.ashbyhq.com/paddle,https://api.ashbyhq.com/posting-api/job-board/paddle,https://api.ashbyhq.com/posting-api/job-board/paddle?includeCompensation=true,GET,listed_in_PDFtoWebsite_ashby_source,2026-09-21,ashby_board_tokens_1662.csv,https://github.com/vedangvatsa/PDFtoWebsite/blob/main/.github/scripts/jobs-sync.mjs,Imported from the user-provided board-token registry.
board,ashby,palette-media,palette-media,slug,https://jobs.ashbyhq.com/palette-media,https://api.ashbyhq.com/posting-api/job-board/palette-media,https://api.ashbyhq.com/posting-api/job-board/palette-media?includeCompensation=true,GET,listed_in_PDFtoWebsite_ashby_source,2026-09-21,ashby_board_tokens_1662.csv,https://github.com/vedangvatsa/PDFtoWebsite/blob/main/.github/scripts/jobs-sync.mjs,Imported from the user-provided board-token registry.
board,ashby,palmstreet,palmstreet,slug,https://jobs.ashbyhq.com/palmstreet,https://api.ashbyhq.com/posting-api/job-board/palmstreet,https://api.ashbyhq.com/posting-api/job-board/palmstreet?includeCompensation=true,GET,listed_in_PDFtoWebsite_ashby_source,2026-09-21,ashby_board_tokens_1662.csv,https://github.com/vedangvatsa/PDFtoWebsite/blob/main/.github/scripts/jobs-sync.mjs,Imported from the user-provided board-token registry.
board,ashby,pano-ai,pano-ai,slug,https://jobs.ashbyhq.com/pano-ai,https://api.ashbyhq.com/posting-api/job-board/pano-ai,https://api.ashbyhq.com/posting-api/job-board/pano-ai?includeCompensation=true,GET,listed_in_PDFtoWebsite_ashby_source,2026-09-21,ashby_board_tokens_1662.csv,https://github.com/vedangvatsa/PDFtoWebsite/blob/main/.github/scripts/jobs-sync.mjs,Imported from the user-provided board-token registry.
board,ashby,panoptyc,panoptyc,slug,https://jobs.ashbyhq.com/panoptyc,https://api.ashbyhq.com/posting-api/job-board/panoptyc,https://api.ashbyhq.com/posting-api/job-board/panoptyc?includeCompensation=true,GET,listed_in_PDFtoWebsite_ashby_source,2026-09-21,ashby_board_tokens_1662.csv,https://github.com/vedangvatsa/PDFtoWebsite/blob/main/.github/scripts/jobs-sync.mjs,Imported from the user-provided board-token registry.
board,ashby,papaya-global,papaya-global,slug,https://jobs.ashbyhq.com/papaya-global,https://api.ashbyhq.com/posting-api/job-board/papaya-global,https://api.ashbyhq.com/posting-api/job-board/papaya-global?includeCompensation=true,GET,listed_in_PDFtoWebsite_alt_ashby_source,2026-09-21,ashby_board_tokens_1662.csv,https://github.com/vedangvatsa/PDFtoWebsite/blob/main/run-cj.mjs,Imported from the user-provided board-token registry.
board,ashby,parable,parable,slug,https://jobs.ashbyhq.com/parable,https://api.ashbyhq.com/posting-api/job-board/parable,https://api.ashbyhq.com/posting-api/job-board/parable?includeCompensation=true,GET,listed_in_PDFtoWebsite_alt_ashby_source,2026-09-21,ashby_board_tokens_1662.csv,https://github.com/vedangvatsa/PDFtoWebsite/blob/main/run-cj.mjs,Imported from the user-provided board-token registry.
board,ashby,parabola-io,parabola-io,slug,https://jobs.ashbyhq.com/parabola-io,https://api.ashbyhq.com/posting-api/job-board/parabola-io,https://api.ashbyhq.com/posting-api/job-board/parabola-io?includeCompensation=true,GET,listed_in_PDFtoWebsite_ashby_source,2026-09-21,ashby_board_tokens_1662.csv,https://github.com/vedangvatsa/PDFtoWebsite/blob/main/.github/scripts/jobs-sync.mjs,Imported from the user-provided board-token registry.
board,ashby,paradigm,paradigm,slug,https://jobs.ashbyhq.com/paradigm,https://api.ashbyhq.com/posting-api/job-board/paradigm,https://api.ashbyhq.com/posting-api/job-board/paradigm?includeCompensation=true,GET,listed_in_PDFtoWebsite_ashby_source,2026-09-21,ashby_board_tokens_1662.csv,https://github.com/vedangvatsa/PDFtoWebsite/blob/main/.github/scripts/jobs-sync.mjs,Imported from the user-provided board-token registry.
board,ashby,paradox,paradox,slug,https://jobs.ashbyhq.com/paradox,https://api.ashbyhq.com/posting-api/job-board/paradox,https://api.ashbyhq.com/posting-api/job-board/paradox?includeCompensation=true,GET,listed_in_PDFtoWebsite_ashby_source,2026-09-21,ashby_board_tokens_1662.csv,https://github.com/vedangvatsa/PDFtoWebsite/blob/main/.github/scripts/jobs-sync.mjs,Imported from the user-provided board-token registry.
board,ashby,parafin,parafin,slug,https://jobs.ashbyhq.com/parafin,https://api.ashbyhq.com/posting-api/job-board/parafin,https://api.ashbyhq.com/posting-api/job-board/parafin?includeCompensation=true,GET,listed_in_PDFtoWebsite_ashby_source,2026-09-21,ashby_board_tokens_1662.csv,https://github.com/vedangvatsa/PDFtoWebsite/blob/main/.github/scripts/jobs-sync.mjs,Imported from the user-provided board-token registry.
board,ashby,paraform,paraform,slug,https://jobs.ashbyhq.com/paraform,https://api.ashbyhq.com/posting-api/job-board/paraform,https://api.ashbyhq.com/posting-api/job-board/paraform?includeCompensation=true,GET,listed_in_PDFtoWebsite_ashby_source,2026-09-21,ashby_board_tokens_1662.csv,https://github.com/vedangvatsa/PDFtoWebsite/blob/main/.github/scripts/jobs-sync.mjs,Imported from the user-provided board-token registry.
board,ashby,paragon,paragon,slug,https://jobs.ashbyhq.com/paragon,https://api.ashbyhq.com/posting-api/job-board/paragon,https://api.ashbyhq.com/posting-api/job-board/paragon?includeCompensation=true,GET,listed_in_PDFtoWebsite_ashby_source,2026-09-21,ashby_board_tokens_1662.csv,https://github.com/vedangvatsa/PDFtoWebsite/blob/main/.github/scripts/jobs-sync.mjs,Imported from the user-provided board-token registry.
board,ashby,parallel,parallel,slug,https://jobs.ashbyhq.com/parallel,https://api.ashbyhq.com/posting-api/job-board/parallel,https://api.ashbyhq.com/posting-api/job-board/parallel?includeCompensation=true,GET,listed_in_PDFtoWebsite_ashby_source,2026-09-21,ashby_board_tokens_1662.csv,https://github.com/vedangvatsa/PDFtoWebsite/blob/main/.github/scripts/jobs-sync.mjs,Imported from the user-provided board-token registry.
board,ashby,parashift,parashift,slug,https://jobs.ashbyhq.com/parashift,https://api.ashbyhq.com/posting-api/job-board/parashift,https://api.ashbyhq.com/posting-api/job-board/parashift?includeCompensation=true,GET,listed_in_PDFtoWebsite_ashby_source,2026-09-21,ashby_board_tokens_1662.csv,https://github.com/vedangvatsa/PDFtoWebsite/blob/main/.github/scripts/jobs-sync.mjs,Imported from the user-provided board-token registry.
board,ashby,pareto-ai,pareto-ai,slug,https://jobs.ashbyhq.com/pareto-ai,https://api.ashbyhq.com/posting-api/job-board/pareto-ai,https://api.ashbyhq.com/posting-api/job-board/pareto-ai?includeCompensation=true,GET,listed_in_PDFtoWebsite_ashby_source,2026-09-21,ashby_board_tokens_1662.csv,https://github.com/vedangvatsa/PDFtoWebsite/blob/main/.github/scripts/jobs-sync.mjs,Imported from the user-provided board-token registry.
board,ashby,parity,parity,slug,https://jobs.ashbyhq.com/parity,https://api.ashbyhq.com/posting-api/job-board/parity,https://api.ashbyhq.com/posting-api/job-board/parity?includeCompensation=true,GET,listed_in_PDFtoWebsite_ashby_source,2026-09-21,ashby_board_tokens_1662.csv,https://github.com/vedangvatsa/PDFtoWebsite/blob/main/.github/scripts/jobs-sync.mjs,Imported from the user-provided board-token registry.
board,ashby,parker,parker,slug,https://jobs.ashbyhq.com/parker,https://api.ashbyhq.com/posting-api/job-board/parker,https://api.ashbyhq.com/posting-api/job-board/parker?includeCompensation=true,GET,listed_in_PDFtoWebsite_ashby_source,2026-09-21,ashby_board_tokens_1662.csv,https://github.com/vedangvatsa/PDFtoWebsite/blob/main/.github/scripts/jobs-sync.mjs,Imported from the user-provided board-token registry.
board,ashby,partiful,partiful,slug,https://jobs.ashbyhq.com/partiful,https://api.ashbyhq.com/posting-api/job-board/partiful,https://api.ashbyhq.com/posting-api/job-board/partiful?includeCompensation=true,GET,listed_in_PDFtoWebsite_ashby_source,2026-09-21,ashby_board_tokens_1662.csv,https://github.com/vedangvatsa/PDFtoWebsite/blob/main/.github/scripts/jobs-sync.mjs,Imported from the user-provided board-token registry.
board,ashby,partsbase,partsbase,slug,https://jobs.ashbyhq.com/partsbase,https://api.ashbyhq.com/posting-api/job-board/partsbase,https://api.ashbyhq.com/posting-api/job-board/partsbase?includeCompensation=true,GET,listed_in_PDFtoWebsite_ashby_source,2026-09-21,ashby_board_tokens_1662.csv,https://github.com/vedangvatsa/PDFtoWebsite/blob/main/.github/scripts/jobs-sync.mjs,Imported from the user-provided board-token registry.
board,ashby,passage,passage,slug,https://jobs.ashbyhq.com/passage,https://api.ashbyhq.com/posting-api/job-board/passage,https://api.ashbyhq.com/posting-api/job-board/passage?includeCompensation=true,GET,listed_in_PDFtoWebsite_ashby_source,2026-09-21,ashby_board_tokens_1662.csv,https://github.com/vedangvatsa/PDFtoWebsite/blob/main/.github/scripts/jobs-sync.mjs,Imported from the user-provided board-token registry.
board,ashby,passport,passport,slug,https://jobs.ashbyhq.com/passport,https://api.ashbyhq.com/posting-api/job-board/passport,https://api.ashbyhq.com/posting-api/job-board/passport?includeCompensation=true,GET,listed_in_PDFtoWebsite_ashby_source,2026-09-21,ashby_board_tokens_1662.csv,https://github.com/vedangvatsa/PDFtoWebsite/blob/main/.github/scripts/jobs-sync.mjs,Imported from the user-provided board-token registry.
board,ashby,patch.io,patch.io,slug,https://jobs.ashbyhq.com/patch.io,https://api.ashbyhq.com/posting-api/job-board/patch.io,https://api.ashbyhq.com/posting-api/job-board/patch.io?includeCompensation=true,GET,listed_in_PDFtoWebsite_ashby_source,2026-09-21,ashby_board_tokens_1662.csv,https://github.com/vedangvatsa/PDFtoWebsite/blob/main/.github/scripts/jobs-sync.mjs,Imported from the user-provided board-token registry.
board,ashby,patreon,patreon,slug,https://jobs.ashbyhq.com/patreon,https://api.ashbyhq.com/posting-api/job-board/patreon,https://api.ashbyhq.com/posting-api/job-board/patreon?includeCompensation=true,GET,listed_in_PDFtoWebsite_ashby_source,2026-09-21,ashby_board_tokens_1662.csv,https://github.com/vedangvatsa/PDFtoWebsite/blob/main/.github/scripts/jobs-sync.mjs,Imported from the user-provided board-token registry.
board,ashby,pave,pave,slug,https://jobs.ashbyhq.com/pave,https://api.ashbyhq.com/posting-api/job-board/pave,https://api.ashbyhq.com/posting-api/job-board/pave?includeCompensation=true,GET,listed_in_mherzog_ashby_seed,2026-09-21,ashby_board_tokens_1662.csv,https://github.com/mherzog4/job-boards/blob/main/boards.seed.json,Imported from the user-provided board-token registry.
board,ashby,paxos,paxos,slug,https://jobs.ashbyhq.com/paxos,https://api.ashbyhq.com/posting-api/job-board/paxos,https://api.ashbyhq.com/posting-api/job-board/paxos?includeCompensation=true,GET,listed_in_PDFtoWebsite_ashby_source,2026-09-21,ashby_board_tokens_1662.csv,https://github.com/vedangvatsa/PDFtoWebsite/blob/main/.github/scripts/jobs-sync.mjs,Imported from the user-provided board-token registry.
board,ashby,payabli,payabli,slug,https://jobs.ashbyhq.com/payabli,https://api.ashbyhq.com/posting-api/job-board/payabli,https://api.ashbyhq.com/posting-api/job-board/payabli?includeCompensation=true,GET,listed_in_PDFtoWebsite_ashby_source,2026-09-21,ashby_board_tokens_1662.csv,https://github.com/vedangvatsa/PDFtoWebsite/blob/main/.github/scripts/jobs-sync.mjs,Imported from the user-provided board-token registry.
board,ashby,pebl,pebl,slug,https://jobs.ashbyhq.com/pebl,https://api.ashbyhq.com/posting-api/job-board/pebl,https://api.ashbyhq.com/posting-api/job-board/pebl?includeCompensation=true,GET,listed_in_PDFtoWebsite_ashby_source,2026-09-21,ashby_board_tokens_1662.csv,https://github.com/vedangvatsa/PDFtoWebsite/blob/main/.github/scripts/jobs-sync.mjs,Imported from the user-provided board-token registry.
board,ashby,peek,peek,slug,https://jobs.ashbyhq.com/peek,https://api.ashbyhq.com/posting-api/job-board/peek,https://api.ashbyhq.com/posting-api/job-board/peek?includeCompensation=true,GET,listed_in_PDFtoWebsite_ashby_source,2026-09-21,ashby_board_tokens_1662.csv,https://github.com/vedangvatsa/PDFtoWebsite/blob/main/.github/scripts/jobs-sync.mjs,Imported from the user-provided board-token registry.
board,ashby,pennylane,pennylane,slug,https://jobs.ashbyhq.com/pennylane,https://api.ashbyhq.com/posting-api/job-board/pennylane,https://api.ashbyhq.com/posting-api/job-board/pennylane?includeCompensation=true,GET,verified_in_open-ats-jobs_ashby_source,2026-08-18,ashby_board_tokens_1662.csv,https://github.com/splashdeluxe/open-ats-jobs/blob/main/seeds/companies.json,Imported from the user-provided board-token registry.
board,ashby,people-culture-talent,people-culture-talent,slug,https://jobs.ashbyhq.com/people-culture-talent,https://api.ashbyhq.com/posting-api/job-board/people-culture-talent,https://api.ashbyhq.com/posting-api/job-board/people-culture-talent?includeCompensation=true,GET,listed_in_PDFtoWebsite_ashby_source,2026-09-21,ashby_board_tokens_1662.csv,https://github.com/vedangvatsa/PDFtoWebsite/blob/main/.github/scripts/jobs-sync.mjs,Imported from the user-provided board-token registry.
board,ashby,peppr,peppr,slug,https://jobs.ashbyhq.com/peppr,https://api.ashbyhq.com/posting-api/job-board/peppr,https://api.ashbyhq.com/posting-api/job-board/peppr?includeCompensation=true,GET,listed_in_PDFtoWebsite_ashby_source,2026-09-21,ashby_board_tokens_1662.csv,https://github.com/vedangvatsa/PDFtoWebsite/blob/main/.github/scripts/jobs-sync.mjs,Imported from the user-provided board-token registry.
board,ashby,perchwell,perchwell,slug,https://jobs.ashbyhq.com/perchwell,https://api.ashbyhq.com/posting-api/job-board/perchwell,https://api.ashbyhq.com/posting-api/job-board/perchwell?includeCompensation=true,GET,listed_in_PDFtoWebsite_ashby_source,2026-09-21,ashby_board_tokens_1662.csv,https://github.com/vedangvatsa/PDFtoWebsite/blob/main/.github/scripts/jobs-sync.mjs,Imported from the user-provided board-token registry.
board,ashby,perk,perk,slug,https://jobs.ashbyhq.com/perk,https://api.ashbyhq.com/posting-api/job-board/perk,https://api.ashbyhq.com/posting-api/job-board/perk?includeCompensation=true,GET,listed_in_PDFtoWebsite_ashby_source,2026-09-21,ashby_board_tokens_1662.csv,https://github.com/vedangvatsa/PDFtoWebsite/blob/main/.github/scripts/jobs-sync.mjs,Imported from the user-provided board-token registry.
board,ashby,permitflow,permitflow,slug,https://jobs.ashbyhq.com/permitflow,https://api.ashbyhq.com/posting-api/job-board/permitflow,https://api.ashbyhq.com/posting-api/job-board/permitflow?includeCompensation=true,GET,listed_in_PDFtoWebsite_ashby_source,2026-09-21,ashby_board_tokens_1662.csv,https://github.com/vedangvatsa/PDFtoWebsite/blob/main/.github/scripts/jobs-sync.mjs,Imported from the user-provided board-token registry.
board,ashby,perplexity,perplexity,slug,https://jobs.ashbyhq.com/perplexity,https://api.ashbyhq.com/posting-api/job-board/perplexity,https://api.ashbyhq.com/posting-api/job-board/perplexity?includeCompensation=true,GET,listed_in_PDFtoWebsite_ashby_source,2026-09-21,ashby_board_tokens_1662.csv,https://github.com/vedangvatsa/PDFtoWebsite/blob/main/.github/scripts/jobs-sync.mjs,Imported from the user-provided board-token registry.
board,ashby,persona,persona,slug,https://jobs.ashbyhq.com/persona,https://api.ashbyhq.com/posting-api/job-board/persona,https://api.ashbyhq.com/posting-api/job-board/persona?includeCompensation=true,GET,listed_in_PDFtoWebsite_ashby_source,2026-09-21,ashby_board_tokens_1662.csv,https://github.com/vedangvatsa/PDFtoWebsite/blob/main/.github/scripts/jobs-sync.mjs,Imported from the user-provided board-token registry.
board,ashby,persona.ai,persona.ai,slug,https://jobs.ashbyhq.com/persona.ai,https://api.ashbyhq.com/posting-api/job-board/persona.ai,https://api.ashbyhq.com/posting-api/job-board/persona.ai?includeCompensation=true,GET,listed_in_PDFtoWebsite_ashby_source,2026-09-21,ashby_board_tokens_1662.csv,https://github.com/vedangvatsa/PDFtoWebsite/blob/main/.github/scripts/jobs-sync.mjs,Imported from the user-provided board-token registry.
board,ashby,phantom,phantom,slug,https://jobs.ashbyhq.com/phantom,https://api.ashbyhq.com/posting-api/job-board/phantom,https://api.ashbyhq.com/posting-api/job-board/phantom?includeCompensation=true,GET,listed_in_PDFtoWebsite_ashby_source,2026-09-21,ashby_board_tokens_1662.csv,https://github.com/vedangvatsa/PDFtoWebsite/blob/main/.github/scripts/jobs-sync.mjs,Imported from the user-provided board-token registry.
board,ashby,phia,phia,slug,https://jobs.ashbyhq.com/phia,https://api.ashbyhq.com/posting-api/job-board/phia,https://api.ashbyhq.com/posting-api/job-board/phia?includeCompensation=true,GET,listed_in_PDFtoWebsite_ashby_source,2026-09-21,ashby_board_tokens_1662.csv,https://github.com/vedangvatsa/PDFtoWebsite/blob/main/.github/scripts/jobs-sync.mjs,Imported from the user-provided board-token registry.
board,ashby,phil,phil,slug,https://jobs.ashbyhq.com/phil,https://api.ashbyhq.com/posting-api/job-board/phil,https://api.ashbyhq.com/posting-api/job-board/phil?includeCompensation=true,GET,listed_in_PDFtoWebsite_ashby_source,2026-09-21,ashby_board_tokens_1662.csv,https://github.com/vedangvatsa/PDFtoWebsite/blob/main/.github/scripts/jobs-sync.mjs,Imported from the user-provided board-token registry.
board,ashby,phoebe,phoebe,slug,https://jobs.ashbyhq.com/phoebe,https://api.ashbyhq.com/posting-api/job-board/phoebe,https://api.ashbyhq.com/posting-api/job-board/phoebe?includeCompensation=true,GET,listed_in_PDFtoWebsite_ashby_source,2026-09-21,ashby_board_tokens_1662.csv,https://github.com/vedangvatsa/PDFtoWebsite/blob/main/.github/scripts/jobs-sync.mjs,Imported from the user-provided board-token registry.
board,ashby,phoebe-work,phoebe-work,slug,https://jobs.ashbyhq.com/phoebe-work,https://api.ashbyhq.com/posting-api/job-board/phoebe-work,https://api.ashbyhq.com/posting-api/job-board/phoebe-work?includeCompensation=true,GET,listed_in_PDFtoWebsite_ashby_source,2026-09-21,ashby_board_tokens_1662.csv,https://github.com/vedangvatsa/PDFtoWebsite/blob/main/.github/scripts/jobs-sync.mjs,Imported from the user-provided board-token registry.
board,ashby,phoenix,phoenix,slug,https://jobs.ashbyhq.com/phoenix,https://api.ashbyhq.com/posting-api/job-board/phoenix,https://api.ashbyhq.com/posting-api/job-board/phoenix?includeCompensation=true,GET,listed_in_PDFtoWebsite_ashby_source,2026-09-21,ashby_board_tokens_1662.csv,https://github.com/vedangvatsa/PDFtoWebsite/blob/main/.github/scripts/jobs-sync.mjs,Imported from the user-provided board-token registry.
board,ashby,phonic,phonic,slug,https://jobs.ashbyhq.com/phonic,https://api.ashbyhq.com/posting-api/job-board/phonic,https://api.ashbyhq.com/posting-api/job-board/phonic?includeCompensation=true,GET,listed_in_PDFtoWebsite_ashby_source,2026-09-21,ashby_board_tokens_1662.csv,https://github.com/vedangvatsa/PDFtoWebsite/blob/main/.github/scripts/jobs-sync.mjs,Imported from the user-provided board-token registry.
board,ashby,physicalintelligence,physicalintelligence,slug,https://jobs.ashbyhq.com/physicalintelligence,https://api.ashbyhq.com/posting-api/job-board/physicalintelligence,https://api.ashbyhq.com/posting-api/job-board/physicalintelligence?includeCompensation=true,GET,listed_in_PDFtoWebsite_ashby_source,2026-09-21,ashby_board_tokens_1662.csv,https://github.com/vedangvatsa/PDFtoWebsite/blob/main/.github/scripts/jobs-sync.mjs,Imported from the user-provided board-token registry.
board,ashby,picogrid,picogrid,slug,https://jobs.ashbyhq.com/picogrid,https://api.ashbyhq.com/posting-api/job-board/picogrid,https://api.ashbyhq.com/posting-api/job-board/picogrid?includeCompensation=true,GET,listed_in_PDFtoWebsite_ashby_source,2026-09-21,ashby_board_tokens_1662.csv,https://github.com/vedangvatsa/PDFtoWebsite/blob/main/.github/scripts/jobs-sync.mjs,Imported from the user-provided board-token registry.
board,ashby,pika,pika,slug,https://jobs.ashbyhq.com/pika,https://api.ashbyhq.com/posting-api/job-board/pika,https://api.ashbyhq.com/posting-api/job-board/pika?includeCompensation=true,GET,listed_in_PDFtoWebsite_ashby_source,2026-09-21,ashby_board_tokens_1662.csv,https://github.com/vedangvatsa/PDFtoWebsite/blob/main/.github/scripts/jobs-sync.mjs,Imported from the user-provided board-token registry.
board,ashby,pinecone,pinecone,slug,https://jobs.ashbyhq.com/pinecone,https://api.ashbyhq.com/posting-api/job-board/pinecone,https://api.ashbyhq.com/posting-api/job-board/pinecone?includeCompensation=true,GET,listed_in_PDFtoWebsite_ashby_source,2026-09-21,ashby_board_tokens_1662.csv,https://github.com/vedangvatsa/PDFtoWebsite/blob/main/.github/scripts/jobs-sync.mjs,Imported from the user-provided board-token registry.
board,ashby,pitch,pitch,slug,https://jobs.ashbyhq.com/pitch,https://api.ashbyhq.com/posting-api/job-board/pitch,https://api.ashbyhq.com/posting-api/job-board/pitch?includeCompensation=true,GET,listed_in_PDFtoWebsite_alt_ashby_source,2026-09-21,ashby_board_tokens_1662.csv,https://github.com/vedangvatsa/PDFtoWebsite/blob/main/run-cj.mjs,Imported from the user-provided board-token registry.
board,ashby,plaid,plaid,slug,https://jobs.ashbyhq.com/plaid,https://api.ashbyhq.com/posting-api/job-board/plaid,https://api.ashbyhq.com/posting-api/job-board/plaid?includeCompensation=true,GET,listed_in_PDFtoWebsite_ashby_source,2026-09-21,ashby_board_tokens_1662.csv,https://github.com/vedangvatsa/PDFtoWebsite/blob/main/.github/scripts/jobs-sync.mjs,Imported from the user-provided board-token registry.
board,ashby,plain,plain,slug,https://jobs.ashbyhq.com/plain,https://api.ashbyhq.com/posting-api/job-board/plain,https://api.ashbyhq.com/posting-api/job-board/plain?includeCompensation=true,GET,listed_in_PDFtoWebsite_ashby_source,2026-09-21,ashby_board_tokens_1662.csv,https://github.com/vedangvatsa/PDFtoWebsite/blob/main/.github/scripts/jobs-sync.mjs,Imported from the user-provided board-token registry.
board,ashby,planehr,planehr,slug,https://jobs.ashbyhq.com/planehr,https://api.ashbyhq.com/posting-api/job-board/planehr,https://api.ashbyhq.com/posting-api/job-board/planehr?includeCompensation=true,GET,listed_in_PDFtoWebsite_ashby_source,2026-09-21,ashby_board_tokens_1662.csv,https://github.com/vedangvatsa/PDFtoWebsite/blob/main/.github/scripts/jobs-sync.mjs,Imported from the user-provided board-token registry.
board,ashby,plantingspace,plantingspace,slug,https://jobs.ashbyhq.com/plantingspace,https://api.ashbyhq.com/posting-api/job-board/plantingspace,https://api.ashbyhq.com/posting-api/job-board/plantingspace?includeCompensation=true,GET,listed_in_PDFtoWebsite_ashby_source,2026-09-21,ashby_board_tokens_1662.csv,https://github.com/vedangvatsa/PDFtoWebsite/blob/main/.github/scripts/jobs-sync.mjs,Imported from the user-provided board-token registry.
board,ashby,plasma,plasma,slug,https://jobs.ashbyhq.com/plasma,https://api.ashbyhq.com/posting-api/job-board/plasma,https://api.ashbyhq.com/posting-api/job-board/plasma?includeCompensation=true,GET,listed_in_PDFtoWebsite_ashby_source,2026-09-21,ashby_board_tokens_1662.csv,https://github.com/vedangvatsa/PDFtoWebsite/blob/main/.github/scripts/jobs-sync.mjs,Imported from the user-provided board-token registry.
board,ashby,plasmidsaurus,plasmidsaurus,slug,https://jobs.ashbyhq.com/plasmidsaurus,https://api.ashbyhq.com/posting-api/job-board/plasmidsaurus,https://api.ashbyhq.com/posting-api/job-board/plasmidsaurus?includeCompensation=true,GET,listed_in_PDFtoWebsite_ashby_source,2026-09-21,ashby_board_tokens_1662.csv,https://github.com/vedangvatsa/PDFtoWebsite/blob/main/.github/scripts/jobs-sync.mjs,Imported from the user-provided board-token registry.
board,ashby,platoapp,platoapp,slug,https://jobs.ashbyhq.com/platoapp,https://api.ashbyhq.com/posting-api/job-board/platoapp,https://api.ashbyhq.com/posting-api/job-board/platoapp?includeCompensation=true,GET,listed_in_PDFtoWebsite_alt_ashby_source,2026-09-21,ashby_board_tokens_1662.csv,https://github.com/vedangvatsa/PDFtoWebsite/blob/main/run-cj.mjs,Imported from the user-provided board-token registry.
board,ashby,plaud,plaud,slug,https://jobs.ashbyhq.com/plaud,https://api.ashbyhq.com/posting-api/job-board/plaud,https://api.ashbyhq.com/posting-api/job-board/plaud?includeCompensation=true,GET,listed_in_PDFtoWebsite_ashby_source,2026-09-21,ashby_board_tokens_1662.csv,https://github.com/vedangvatsa/PDFtoWebsite/blob/main/.github/scripts/jobs-sync.mjs,Imported from the user-provided board-token registry.
board,ashby,playground,playground,slug,https://jobs.ashbyhq.com/playground,https://api.ashbyhq.com/posting-api/job-board/playground,https://api.ashbyhq.com/posting-api/job-board/playground?includeCompensation=true,GET,listed_in_PDFtoWebsite_ashby_source,2026-09-21,ashby_board_tokens_1662.csv,https://github.com/vedangvatsa/PDFtoWebsite/blob/main/.github/scripts/jobs-sync.mjs,Imported from the user-provided board-token registry.
board,ashby,playpowerlabs,playpowerlabs,slug,https://jobs.ashbyhq.com/playpowerlabs,https://api.ashbyhq.com/posting-api/job-board/playpowerlabs,https://api.ashbyhq.com/posting-api/job-board/playpowerlabs?includeCompensation=true,GET,listed_in_PDFtoWebsite_alt_ashby_source,2026-09-21,ashby_board_tokens_1662.csv,https://github.com/vedangvatsa/PDFtoWebsite/blob/main/run-cj.mjs,Imported from the user-provided board-token registry.
board,ashby,playson,playson,slug,https://jobs.ashbyhq.com/playson,https://api.ashbyhq.com/posting-api/job-board/playson,https://api.ashbyhq.com/posting-api/job-board/playson?includeCompensation=true,GET,listed_in_PDFtoWebsite_ashby_source,2026-09-21,ashby_board_tokens_1662.csv,https://github.com/vedangvatsa/PDFtoWebsite/blob/main/.github/scripts/jobs-sync.mjs,Imported from the user-provided board-token registry.
board,ashby,pleo,pleo,slug,https://jobs.ashbyhq.com/pleo,https://api.ashbyhq.com/posting-api/job-board/pleo,https://api.ashbyhq.com/posting-api/job-board/pleo?includeCompensation=true,GET,listed_in_PDFtoWebsite_ashby_source,2026-09-21,ashby_board_tokens_1662.csv,https://github.com/vedangvatsa/PDFtoWebsite/blob/main/.github/scripts/jobs-sync.mjs,Imported from the user-provided board-token registry.
board,ashby,pluralfinance,pluralfinance,slug,https://jobs.ashbyhq.com/pluralfinance,https://api.ashbyhq.com/posting-api/job-board/pluralfinance,https://api.ashbyhq.com/posting-api/job-board/pluralfinance?includeCompensation=true,GET,listed_in_PDFtoWebsite_ashby_source,2026-09-21,ashby_board_tokens_1662.csv,https://github.com/vedangvatsa/PDFtoWebsite/blob/main/.github/scripts/jobs-sync.mjs,Imported from the user-provided board-token registry.
board,ashby,pluto-health,pluto-health,slug,https://jobs.ashbyhq.com/pluto-health,https://api.ashbyhq.com/posting-api/job-board/pluto-health,https://api.ashbyhq.com/posting-api/job-board/pluto-health?includeCompensation=true,GET,listed_in_PDFtoWebsite_alt_ashby_source,2026-09-21,ashby_board_tokens_1662.csv,https://github.com/vedangvatsa/PDFtoWebsite/blob/main/run-cj.mjs,Imported from the user-provided board-token registry.
board,ashby,pmmalliance,pmmalliance,slug,https://jobs.ashbyhq.com/pmmalliance,https://api.ashbyhq.com/posting-api/job-board/pmmalliance,https://api.ashbyhq.com/posting-api/job-board/pmmalliance?includeCompensation=true,GET,listed_in_PDFtoWebsite_ashby_source,2026-09-21,ashby_board_tokens_1662.csv,https://github.com/vedangvatsa/PDFtoWebsite/blob/main/.github/scripts/jobs-sync.mjs,Imported from the user-provided board-token registry.
board,ashby,pod-network,pod-network,slug,https://jobs.ashbyhq.com/pod-network,https://api.ashbyhq.com/posting-api/job-board/pod-network,https://api.ashbyhq.com/posting-api/job-board/pod-network?includeCompensation=true,GET,listed_in_PDFtoWebsite_ashby_source,2026-09-21,ashby_board_tokens_1662.csv,https://github.com/vedangvatsa/PDFtoWebsite/blob/main/.github/scripts/jobs-sync.mjs,Imported from the user-provided board-token registry.
board,ashby,podium-automation,podium-automation,slug,https://jobs.ashbyhq.com/podium-automation,https://api.ashbyhq.com/posting-api/job-board/podium-automation,https://api.ashbyhq.com/posting-api/job-board/podium-automation?includeCompensation=true,GET,listed_in_PDFtoWebsite_ashby_source,2026-09-21,ashby_board_tokens_1662.csv,https://github.com/vedangvatsa/PDFtoWebsite/blob/main/.github/scripts/jobs-sync.mjs,Imported from the user-provided board-token registry.
board,ashby,poesis,poesis,slug,https://jobs.ashbyhq.com/poesis,https://api.ashbyhq.com/posting-api/job-board/poesis,https://api.ashbyhq.com/posting-api/job-board/poesis?includeCompensation=true,GET,listed_in_PDFtoWebsite_ashby_source,2026-09-21,ashby_board_tokens_1662.csv,https://github.com/vedangvatsa/PDFtoWebsite/blob/main/.github/scripts/jobs-sync.mjs,Imported from the user-provided board-token registry.
board,ashby,polaranalytics,polaranalytics,slug,https://jobs.ashbyhq.com/polaranalytics,https://api.ashbyhq.com/posting-api/job-board/polaranalytics,https://api.ashbyhq.com/posting-api/job-board/polaranalytics?includeCompensation=true,GET,listed_in_PDFtoWebsite_ashby_source,2026-09-21,ashby_board_tokens_1662.csv,https://github.com/vedangvatsa/PDFtoWebsite/blob/main/.github/scripts/jobs-sync.mjs,Imported from the user-provided board-token registry.
board,ashby,polymarket,polymarket,slug,https://jobs.ashbyhq.com/polymarket,https://api.ashbyhq.com/posting-api/job-board/polymarket,https://api.ashbyhq.com/posting-api/job-board/polymarket?includeCompensation=true,GET,listed_in_PDFtoWebsite_ashby_source,2026-09-21,ashby_board_tokens_1662.csv,https://github.com/vedangvatsa/PDFtoWebsite/blob/main/.github/scripts/jobs-sync.mjs,Imported from the user-provided board-token registry.
board,ashby,poolside,poolside,slug,https://jobs.ashbyhq.com/poolside,https://api.ashbyhq.com/posting-api/job-board/poolside,https://api.ashbyhq.com/posting-api/job-board/poolside?includeCompensation=true,GET,listed_in_PDFtoWebsite_ashby_source,2026-09-21,ashby_board_tokens_1662.csv,https://github.com/vedangvatsa/PDFtoWebsite/blob/main/.github/scripts/jobs-sync.mjs,Imported from the user-provided board-token registry.
board,ashby,popl,popl,slug,https://jobs.ashbyhq.com/popl,https://api.ashbyhq.com/posting-api/job-board/popl,https://api.ashbyhq.com/posting-api/job-board/popl?includeCompensation=true,GET,listed_in_PDFtoWebsite_ashby_source,2026-09-21,ashby_board_tokens_1662.csv,https://github.com/vedangvatsa/PDFtoWebsite/blob/main/.github/scripts/jobs-sync.mjs,Imported from the user-provided board-token registry.
board,ashby,posh,posh,slug,https://jobs.ashbyhq.com/posh,https://api.ashbyhq.com/posting-api/job-board/posh,https://api.ashbyhq.com/posting-api/job-board/posh?includeCompensation=true,GET,listed_in_PDFtoWebsite_ashby_source,2026-09-21,ashby_board_tokens_1662.csv,https://github.com/vedangvatsa/PDFtoWebsite/blob/main/.github/scripts/jobs-sync.mjs,Imported from the user-provided board-token registry.
board,ashby,posh-ai,posh-ai,slug,https://jobs.ashbyhq.com/posh-ai,https://api.ashbyhq.com/posting-api/job-board/posh-ai,https://api.ashbyhq.com/posting-api/job-board/posh-ai?includeCompensation=true,GET,listed_in_PDFtoWebsite_ashby_source,2026-09-21,ashby_board_tokens_1662.csv,https://github.com/vedangvatsa/PDFtoWebsite/blob/main/.github/scripts/jobs-sync.mjs,Imported from the user-provided board-token registry.
board,ashby,poshmark,poshmark,slug,https://jobs.ashbyhq.com/poshmark,https://api.ashbyhq.com/posting-api/job-board/poshmark,https://api.ashbyhq.com/posting-api/job-board/poshmark?includeCompensation=true,GET,listed_in_PDFtoWebsite_ashby_source,2026-09-21,ashby_board_tokens_1662.csv,https://github.com/vedangvatsa/PDFtoWebsite/blob/main/.github/scripts/jobs-sync.mjs,Imported from the user-provided board-token registry.
board,ashby,posthog,posthog,slug,https://jobs.ashbyhq.com/posthog,https://api.ashbyhq.com/posting-api/job-board/posthog,https://api.ashbyhq.com/posting-api/job-board/posthog?includeCompensation=true,GET,listed_in_PDFtoWebsite_ashby_source,2026-09-21,ashby_board_tokens_1662.csv,https://github.com/vedangvatsa/PDFtoWebsite/blob/main/.github/scripts/jobs-sync.mjs,Imported from the user-provided board-token registry.
board,ashby,powerus,powerus,slug,https://jobs.ashbyhq.com/powerus,https://api.ashbyhq.com/posting-api/job-board/powerus,https://api.ashbyhq.com/posting-api/job-board/powerus?includeCompensation=true,GET,listed_in_PDFtoWebsite_ashby_source,2026-09-21,ashby_board_tokens_1662.csv,https://github.com/vedangvatsa/PDFtoWebsite/blob/main/.github/scripts/jobs-sync.mjs,Imported from the user-provided board-token registry.
board,ashby,pravah,pravah,slug,https://jobs.ashbyhq.com/pravah,https://api.ashbyhq.com/posting-api/job-board/pravah,https://api.ashbyhq.com/posting-api/job-board/pravah?includeCompensation=true,GET,listed_in_PDFtoWebsite_ashby_source,2026-09-21,ashby_board_tokens_1662.csv,https://github.com/vedangvatsa/PDFtoWebsite/blob/main/.github/scripts/jobs-sync.mjs,Imported from the user-provided board-token registry.
board,ashby,prefect,prefect,slug,https://jobs.ashbyhq.com/prefect,https://api.ashbyhq.com/posting-api/job-board/prefect,https://api.ashbyhq.com/posting-api/job-board/prefect?includeCompensation=true,GET,listed_in_PDFtoWebsite_ashby_source,2026-09-21,ashby_board_tokens_1662.csv,https://github.com/vedangvatsa/PDFtoWebsite/blob/main/.github/scripts/jobs-sync.mjs,Imported from the user-provided board-token registry.
board,ashby,preference-model,preference-model,slug,https://jobs.ashbyhq.com/preference-model,https://api.ashbyhq.com/posting-api/job-board/preference-model,https://api.ashbyhq.com/posting-api/job-board/preference-model?includeCompensation=true,GET,listed_in_PDFtoWebsite_ashby_source,2026-09-21,ashby_board_tokens_1662.csv,https://github.com/vedangvatsa/PDFtoWebsite/blob/main/.github/scripts/jobs-sync.mjs,Imported from the user-provided board-token registry.
board,ashby,prelim,prelim,slug,https://jobs.ashbyhq.com/prelim,https://api.ashbyhq.com/posting-api/job-board/prelim,https://api.ashbyhq.com/posting-api/job-board/prelim?includeCompensation=true,GET,listed_in_PDFtoWebsite_ashby_source,2026-09-21,ashby_board_tokens_1662.csv,https://github.com/vedangvatsa/PDFtoWebsite/blob/main/.github/scripts/jobs-sync.mjs,Imported from the user-provided board-token registry.
board,ashby,primary,primary,slug,https://jobs.ashbyhq.com/primary,https://api.ashbyhq.com/posting-api/job-board/primary,https://api.ashbyhq.com/posting-api/job-board/primary?includeCompensation=true,GET,listed_in_PDFtoWebsite_ashby_source,2026-09-21,ashby_board_tokens_1662.csv,https://github.com/vedangvatsa/PDFtoWebsite/blob/main/.github/scripts/jobs-sync.mjs,Imported from the user-provided board-token registry.
board,ashby,primeintellect,primeintellect,slug,https://jobs.ashbyhq.com/primeintellect,https://api.ashbyhq.com/posting-api/job-board/primeintellect,https://api.ashbyhq.com/posting-api/job-board/primeintellect?includeCompensation=true,GET,listed_in_PDFtoWebsite_ashby_source,2026-09-21,ashby_board_tokens_1662.csv,https://github.com/vedangvatsa/PDFtoWebsite/blob/main/.github/scripts/jobs-sync.mjs,Imported from the user-provided board-token registry.
board,ashby,primer,primer,slug,https://jobs.ashbyhq.com/primer,https://api.ashbyhq.com/posting-api/job-board/primer,https://api.ashbyhq.com/posting-api/job-board/primer?includeCompensation=true,GET,listed_in_PDFtoWebsite_ashby_source,2026-09-21,ashby_board_tokens_1662.csv,https://github.com/vedangvatsa/PDFtoWebsite/blob/main/.github/scripts/jobs-sync.mjs,Imported from the user-provided board-token registry.
board,ashby,primer.io,primer.io,slug,https://jobs.ashbyhq.com/primer.io,https://api.ashbyhq.com/posting-api/job-board/primer.io,https://api.ashbyhq.com/posting-api/job-board/primer.io?includeCompensation=true,GET,listed_in_PDFtoWebsite_ashby_source,2026-09-21,ashby_board_tokens_1662.csv,https://github.com/vedangvatsa/PDFtoWebsite/blob/main/.github/scripts/jobs-sync.mjs,Imported from the user-provided board-token registry.
board,ashby,prior-labs,prior-labs,slug,https://jobs.ashbyhq.com/prior-labs,https://api.ashbyhq.com/posting-api/job-board/prior-labs,https://api.ashbyhq.com/posting-api/job-board/prior-labs?includeCompensation=true,GET,listed_in_PDFtoWebsite_ashby_source,2026-09-21,ashby_board_tokens_1662.csv,https://github.com/vedangvatsa/PDFtoWebsite/blob/main/.github/scripts/jobs-sync.mjs,Imported from the user-provided board-token registry.
board,ashby,prisma,prisma,slug,https://jobs.ashbyhq.com/prisma,https://api.ashbyhq.com/posting-api/job-board/prisma,https://api.ashbyhq.com/posting-api/job-board/prisma?includeCompensation=true,GET,listed_in_PDFtoWebsite_alt_ashby_source,2026-09-21,ashby_board_tokens_1662.csv,https://github.com/vedangvatsa/PDFtoWebsite/blob/main/run-cj.mjs,Imported from the user-provided board-token registry.
board,ashby,procurementsciences,procurementsciences,slug,https://jobs.ashbyhq.com/procurementsciences,https://api.ashbyhq.com/posting-api/job-board/procurementsciences,https://api.ashbyhq.com/posting-api/job-board/procurementsciences?includeCompensation=true,GET,listed_in_PDFtoWebsite_ashby_source,2026-09-21,ashby_board_tokens_1662.csv,https://github.com/vedangvatsa/PDFtoWebsite/blob/main/.github/scripts/jobs-sync.mjs,Imported from the user-provided board-token registry.
board,ashby,procurify,procurify,slug,https://jobs.ashbyhq.com/procurify,https://api.ashbyhq.com/posting-api/job-board/procurify,https://api.ashbyhq.com/posting-api/job-board/procurify?includeCompensation=true,GET,listed_in_PDFtoWebsite_ashby_source,2026-09-21,ashby_board_tokens_1662.csv,https://github.com/vedangvatsa/PDFtoWebsite/blob/main/.github/scripts/jobs-sync.mjs,Imported from the user-provided board-token registry.
board,ashby,prodigy-education,prodigy-education,slug,https://jobs.ashbyhq.com/prodigy-education,https://api.ashbyhq.com/posting-api/job-board/prodigy-education,https://api.ashbyhq.com/posting-api/job-board/prodigy-education?includeCompensation=true,GET,listed_in_PDFtoWebsite_ashby_source,2026-09-21,ashby_board_tokens_1662.csv,https://github.com/vedangvatsa/PDFtoWebsite/blob/main/.github/scripts/jobs-sync.mjs,Imported from the user-provided board-token registry.
board,ashby,product-now,product-now,slug,https://jobs.ashbyhq.com/product-now,https://api.ashbyhq.com/posting-api/job-board/product-now,https://api.ashbyhq.com/posting-api/job-board/product-now?includeCompensation=true,GET,listed_in_PDFtoWebsite_ashby_source,2026-09-21,ashby_board_tokens_1662.csv,https://github.com/vedangvatsa/PDFtoWebsite/blob/main/.github/scripts/jobs-sync.mjs,Imported from the user-provided board-token registry.
board,ashby,profound,profound,slug,https://jobs.ashbyhq.com/profound,https://api.ashbyhq.com/posting-api/job-board/profound,https://api.ashbyhq.com/posting-api/job-board/profound?includeCompensation=true,GET,listed_in_PDFtoWebsite_ashby_source,2026-09-21,ashby_board_tokens_1662.csv,https://github.com/vedangvatsa/PDFtoWebsite/blob/main/.github/scripts/jobs-sync.mjs,Imported from the user-provided board-token registry.
board,ashby,project-expedition,project-expedition,slug,https://jobs.ashbyhq.com/project-expedition,https://api.ashbyhq.com/posting-api/job-board/project-expedition,https://api.ashbyhq.com/posting-api/job-board/project-expedition?includeCompensation=true,GET,listed_in_PDFtoWebsite_ashby_source,2026-09-21,ashby_board_tokens_1662.csv,https://github.com/vedangvatsa/PDFtoWebsite/blob/main/.github/scripts/jobs-sync.mjs,Imported from the user-provided board-token registry.
board,ashby,prokeep,prokeep,slug,https://jobs.ashbyhq.com/prokeep,https://api.ashbyhq.com/posting-api/job-board/prokeep,https://api.ashbyhq.com/posting-api/job-board/prokeep?includeCompensation=true,GET,listed_in_PDFtoWebsite_ashby_source,2026-09-21,ashby_board_tokens_1662.csv,https://github.com/vedangvatsa/PDFtoWebsite/blob/main/.github/scripts/jobs-sync.mjs,Imported from the user-provided board-token registry.
board,ashby,prometheus,prometheus,slug,https://jobs.ashbyhq.com/prometheus,https://api.ashbyhq.com/posting-api/job-board/prometheus,https://api.ashbyhq.com/posting-api/job-board/prometheus?includeCompensation=true,GET,listed_in_PDFtoWebsite_ashby_source,2026-09-21,ashby_board_tokens_1662.csv,https://github.com/vedangvatsa/PDFtoWebsite/blob/main/.github/scripts/jobs-sync.mjs,Imported from the user-provided board-token registry.
board,ashby,promise,promise,slug,https://jobs.ashbyhq.com/promise,https://api.ashbyhq.com/posting-api/job-board/promise,https://api.ashbyhq.com/posting-api/job-board/promise?includeCompensation=true,GET,listed_in_PDFtoWebsite_ashby_source,2026-09-21,ashby_board_tokens_1662.csv,https://github.com/vedangvatsa/PDFtoWebsite/blob/main/.github/scripts/jobs-sync.mjs,Imported from the user-provided board-token registry.
board,ashby,promise-studios,promise-studios,slug,https://jobs.ashbyhq.com/promise-studios,https://api.ashbyhq.com/posting-api/job-board/promise-studios,https://api.ashbyhq.com/posting-api/job-board/promise-studios?includeCompensation=true,GET,listed_in_PDFtoWebsite_ashby_source,2026-09-21,ashby_board_tokens_1662.csv,https://github.com/vedangvatsa/PDFtoWebsite/blob/main/.github/scripts/jobs-sync.mjs,Imported from the user-provided board-token registry.
board,ashby,prompt,prompt,slug,https://jobs.ashbyhq.com/prompt,https://api.ashbyhq.com/posting-api/job-board/prompt,https://api.ashbyhq.com/posting-api/job-board/prompt?includeCompensation=true,GET,listed_in_PDFtoWebsite_ashby_source,2026-09-21,ashby_board_tokens_1662.csv,https://github.com/vedangvatsa/PDFtoWebsite/blob/main/.github/scripts/jobs-sync.mjs,Imported from the user-provided board-token registry.
board,ashby,proofofplay,proofofplay,slug,https://jobs.ashbyhq.com/proofofplay,https://api.ashbyhq.com/posting-api/job-board/proofofplay,https://api.ashbyhq.com/posting-api/job-board/proofofplay?includeCompensation=true,GET,listed_in_PDFtoWebsite_alt_ashby_source,2026-09-21,ashby_board_tokens_1662.csv,https://github.com/vedangvatsa/PDFtoWebsite/blob/main/run-cj.mjs,Imported from the user-provided board-token registry.
board,ashby,propelus,propelus,slug,https://jobs.ashbyhq.com/propelus,https://api.ashbyhq.com/posting-api/job-board/propelus,https://api.ashbyhq.com/posting-api/job-board/propelus?includeCompensation=true,GET,listed_in_PDFtoWebsite_ashby_source,2026-09-21,ashby_board_tokens_1662.csv,https://github.com/vedangvatsa/PDFtoWebsite/blob/main/.github/scripts/jobs-sync.mjs,Imported from the user-provided board-token registry.
board,ashby,protege,protege,slug,https://jobs.ashbyhq.com/protege,https://api.ashbyhq.com/posting-api/job-board/protege,https://api.ashbyhq.com/posting-api/job-board/protege?includeCompensation=true,GET,listed_in_PDFtoWebsite_ashby_source,2026-09-21,ashby_board_tokens_1662.csv,https://github.com/vedangvatsa/PDFtoWebsite/blob/main/.github/scripts/jobs-sync.mjs,Imported from the user-provided board-token registry.
board,ashby,provable,provable,slug,https://jobs.ashbyhq.com/provable,https://api.ashbyhq.com/posting-api/job-board/provable,https://api.ashbyhq.com/posting-api/job-board/provable?includeCompensation=true,GET,listed_in_PDFtoWebsite_ashby_source,2026-09-21,ashby_board_tokens_1662.csv,https://github.com/vedangvatsa/PDFtoWebsite/blob/main/.github/scripts/jobs-sync.mjs,Imported from the user-provided board-token registry.
board,ashby,proxima-fusion,proxima-fusion,slug,https://jobs.ashbyhq.com/proxima-fusion,https://api.ashbyhq.com/posting-api/job-board/proxima-fusion,https://api.ashbyhq.com/posting-api/job-board/proxima-fusion?includeCompensation=true,GET,listed_in_PDFtoWebsite_ashby_source,2026-09-21,ashby_board_tokens_1662.csv,https://github.com/vedangvatsa/PDFtoWebsite/blob/main/.github/scripts/jobs-sync.mjs,Imported from the user-provided board-token registry.
board,ashby,pulumi,pulumi,slug,https://jobs.ashbyhq.com/pulumi,https://api.ashbyhq.com/posting-api/job-board/pulumi,https://api.ashbyhq.com/posting-api/job-board/pulumi?includeCompensation=true,GET,listed_in_PDFtoWebsite_alt_ashby_source,2026-09-21,ashby_board_tokens_1662.csv,https://github.com/vedangvatsa/PDFtoWebsite/blob/main/run-cj.mjs,Imported from the user-provided board-token registry.
board,ashby,puzzle.io,puzzle.io,slug,https://jobs.ashbyhq.com/puzzle.io,https://api.ashbyhq.com/posting-api/job-board/puzzle.io,https://api.ashbyhq.com/posting-api/job-board/puzzle.io?includeCompensation=true,GET,listed_in_PDFtoWebsite_ashby_source,2026-09-21,ashby_board_tokens_1662.csv,https://github.com/vedangvatsa/PDFtoWebsite/blob/main/.github/scripts/jobs-sync.mjs,Imported from the user-provided board-token registry.
board,ashby,pylon,pylon,slug,https://jobs.ashbyhq.com/pylon,https://api.ashbyhq.com/posting-api/job-board/pylon,https://api.ashbyhq.com/posting-api/job-board/pylon?includeCompensation=true,GET,listed_in_PDFtoWebsite_ashby_source,2026-09-21,ashby_board_tokens_1662.csv,https://github.com/vedangvatsa/PDFtoWebsite/blob/main/.github/scripts/jobs-sync.mjs,Imported from the user-provided board-token registry.
board,ashby,pylon-labs,pylon-labs,slug,https://jobs.ashbyhq.com/pylon-labs,https://api.ashbyhq.com/posting-api/job-board/pylon-labs,https://api.ashbyhq.com/posting-api/job-board/pylon-labs?includeCompensation=true,GET,listed_in_PDFtoWebsite_ashby_source,2026-09-21,ashby_board_tokens_1662.csv,https://github.com/vedangvatsa/PDFtoWebsite/blob/main/.github/scripts/jobs-sync.mjs,Imported from the user-provided board-token registry.
board,ashby,pythnetwork,pythnetwork,slug,https://jobs.ashbyhq.com/pythnetwork,https://api.ashbyhq.com/posting-api/job-board/pythnetwork,https://api.ashbyhq.com/posting-api/job-board/pythnetwork?includeCompensation=true,GET,listed_in_PDFtoWebsite_ashby_source,2026-09-21,ashby_board_tokens_1662.csv,https://github.com/vedangvatsa/PDFtoWebsite/blob/main/.github/scripts/jobs-sync.mjs,Imported from the user-provided board-token registry.
board,ashby,qonto,qonto,slug,https://jobs.ashbyhq.com/qonto,https://api.ashbyhq.com/posting-api/job-board/qonto,https://api.ashbyhq.com/posting-api/job-board/qonto?includeCompensation=true,GET,verified_in_open-ats-jobs_ashby_source,2026-08-18,ashby_board_tokens_1662.csv,https://github.com/splashdeluxe/open-ats-jobs/blob/main/seeds/companies.json,Imported from the user-provided board-token registry.
board,ashby,quadrivia,quadrivia,slug,https://jobs.ashbyhq.com/quadrivia,https://api.ashbyhq.com/posting-api/job-board/quadrivia,https://api.ashbyhq.com/posting-api/job-board/quadrivia?includeCompensation=true,GET,listed_in_PDFtoWebsite_ashby_source,2026-09-21,ashby_board_tokens_1662.csv,https://github.com/vedangvatsa/PDFtoWebsite/blob/main/.github/scripts/jobs-sync.mjs,Imported from the user-provided board-token registry.
board,ashby,qualified,qualified,slug,https://jobs.ashbyhq.com/qualified,https://api.ashbyhq.com/posting-api/job-board/qualified,https://api.ashbyhq.com/posting-api/job-board/qualified?includeCompensation=true,GET,listed_in_PDFtoWebsite_ashby_source,2026-09-21,ashby_board_tokens_1662.csv,https://github.com/vedangvatsa/PDFtoWebsite/blob/main/.github/scripts/jobs-sync.mjs,Imported from the user-provided board-token registry.
board,ashby,quant-aq,quant-aq,slug,https://jobs.ashbyhq.com/quant-aq,https://api.ashbyhq.com/posting-api/job-board/quant-aq,https://api.ashbyhq.com/posting-api/job-board/quant-aq?includeCompensation=true,GET,listed_in_PDFtoWebsite_ashby_source,2026-09-21,ashby_board_tokens_1662.csv,https://github.com/vedangvatsa/PDFtoWebsite/blob/main/.github/scripts/jobs-sync.mjs,Imported from the user-provided board-token registry.
board,ashby,quantware,quantware,slug,https://jobs.ashbyhq.com/quantware,https://api.ashbyhq.com/posting-api/job-board/quantware,https://api.ashbyhq.com/posting-api/job-board/quantware?includeCompensation=true,GET,listed_in_PDFtoWebsite_ashby_source,2026-09-21,ashby_board_tokens_1662.csv,https://github.com/vedangvatsa/PDFtoWebsite/blob/main/.github/scripts/jobs-sync.mjs,Imported from the user-provided board-token registry.
board,ashby,quarks-tech,quarks-tech,slug,https://jobs.ashbyhq.com/quarks-tech,https://api.ashbyhq.com/posting-api/job-board/quarks-tech,https://api.ashbyhq.com/posting-api/job-board/quarks-tech?includeCompensation=true,GET,listed_in_PDFtoWebsite_ashby_source,2026-09-21,ashby_board_tokens_1662.csv,https://github.com/vedangvatsa/PDFtoWebsite/blob/main/.github/scripts/jobs-sync.mjs,Imported from the user-provided board-token registry.
board,ashby,quartermaster,quartermaster,slug,https://jobs.ashbyhq.com/quartermaster,https://api.ashbyhq.com/posting-api/job-board/quartermaster,https://api.ashbyhq.com/posting-api/job-board/quartermaster?includeCompensation=true,GET,listed_in_PDFtoWebsite_ashby_source,2026-09-21,ashby_board_tokens_1662.csv,https://github.com/vedangvatsa/PDFtoWebsite/blob/main/.github/scripts/jobs-sync.mjs,Imported from the user-provided board-token registry.
board,ashby,quicknode,quicknode,slug,https://jobs.ashbyhq.com/quicknode,https://api.ashbyhq.com/posting-api/job-board/quicknode,https://api.ashbyhq.com/posting-api/job-board/quicknode?includeCompensation=true,GET,listed_in_PDFtoWebsite_ashby_source,2026-09-21,ashby_board_tokens_1662.csv,https://github.com/vedangvatsa/PDFtoWebsite/blob/main/.github/scripts/jobs-sync.mjs,Imported from the user-provided board-token registry.
board,ashby,qumis,qumis,slug,https://jobs.ashbyhq.com/qumis,https://api.ashbyhq.com/posting-api/job-board/qumis,https://api.ashbyhq.com/posting-api/job-board/qumis?includeCompensation=true,GET,listed_in_PDFtoWebsite_ashby_source,2026-09-21,ashby_board_tokens_1662.csv,https://github.com/vedangvatsa/PDFtoWebsite/blob/main/.github/scripts/jobs-sync.mjs,Imported from the user-provided board-token registry.
board,ashby,quora,quora,slug,https://jobs.ashbyhq.com/quora,https://api.ashbyhq.com/posting-api/job-board/quora,https://api.ashbyhq.com/posting-api/job-board/quora?includeCompensation=true,GET,listed_in_PDFtoWebsite_ashby_source,2026-09-21,ashby_board_tokens_1662.csv,https://github.com/vedangvatsa/PDFtoWebsite/blob/main/.github/scripts/jobs-sync.mjs,Imported from the user-provided board-token registry.
board,ashby,quotewell,quotewell,slug,https://jobs.ashbyhq.com/quotewell,https://api.ashbyhq.com/posting-api/job-board/quotewell,https://api.ashbyhq.com/posting-api/job-board/quotewell?includeCompensation=true,GET,listed_in_PDFtoWebsite_ashby_source,2026-09-21,ashby_board_tokens_1662.csv,https://github.com/vedangvatsa/PDFtoWebsite/blob/main/.github/scripts/jobs-sync.mjs,Imported from the user-provided board-token registry.
board,ashby,rabot,rabot,slug,https://jobs.ashbyhq.com/rabot,https://api.ashbyhq.com/posting-api/job-board/rabot,https://api.ashbyhq.com/posting-api/job-board/rabot?includeCompensation=true,GET,listed_in_PDFtoWebsite_ashby_source,2026-09-21,ashby_board_tokens_1662.csv,https://github.com/vedangvatsa/PDFtoWebsite/blob/main/.github/scripts/jobs-sync.mjs,Imported from the user-provided board-token registry.
board,ashby,radai,radai,slug,https://jobs.ashbyhq.com/radai,https://api.ashbyhq.com/posting-api/job-board/radai,https://api.ashbyhq.com/posting-api/job-board/radai?includeCompensation=true,GET,listed_in_PDFtoWebsite_ashby_source,2026-09-21,ashby_board_tokens_1662.csv,https://github.com/vedangvatsa/PDFtoWebsite/blob/main/.github/scripts/jobs-sync.mjs,Imported from the user-provided board-token registry.
board,ashby,radar,radar,slug,https://jobs.ashbyhq.com/radar,https://api.ashbyhq.com/posting-api/job-board/radar,https://api.ashbyhq.com/posting-api/job-board/radar?includeCompensation=true,GET,listed_in_PDFtoWebsite_ashby_source,2026-09-21,ashby_board_tokens_1662.csv,https://github.com/vedangvatsa/PDFtoWebsite/blob/main/.github/scripts/jobs-sync.mjs,Imported from the user-provided board-token registry.
board,ashby,radiant,radiant,slug,https://jobs.ashbyhq.com/radiant,https://api.ashbyhq.com/posting-api/job-board/radiant,https://api.ashbyhq.com/posting-api/job-board/radiant?includeCompensation=true,GET,listed_in_PDFtoWebsite_ashby_source,2026-09-21,ashby_board_tokens_1662.csv,https://github.com/vedangvatsa/PDFtoWebsite/blob/main/.github/scripts/jobs-sync.mjs,Imported from the user-provided board-token registry.
board,ashby,raiku,raiku,slug,https://jobs.ashbyhq.com/raiku,https://api.ashbyhq.com/posting-api/job-board/raiku,https://api.ashbyhq.com/posting-api/job-board/raiku?includeCompensation=true,GET,listed_in_PDFtoWebsite_ashby_source,2026-09-21,ashby_board_tokens_1662.csv,https://github.com/vedangvatsa/PDFtoWebsite/blob/main/.github/scripts/jobs-sync.mjs,Imported from the user-provided board-token registry.
board,ashby,railway,railway,slug,https://jobs.ashbyhq.com/railway,https://api.ashbyhq.com/posting-api/job-board/railway,https://api.ashbyhq.com/posting-api/job-board/railway?includeCompensation=true,GET,listed_in_PDFtoWebsite_ashby_source,2026-09-21,ashby_board_tokens_1662.csv,https://github.com/vedangvatsa/PDFtoWebsite/blob/main/.github/scripts/jobs-sync.mjs,Imported from the user-provided board-token registry.
board,ashby,rain,rain,slug,https://jobs.ashbyhq.com/rain,https://api.ashbyhq.com/posting-api/job-board/rain,https://api.ashbyhq.com/posting-api/job-board/rain?includeCompensation=true,GET,listed_in_PDFtoWebsite_ashby_source,2026-09-21,ashby_board_tokens_1662.csv,https://github.com/vedangvatsa/PDFtoWebsite/blob/main/.github/scripts/jobs-sync.mjs,Imported from the user-provided board-token registry.
board,ashby,ramp,ramp,slug,https://jobs.ashbyhq.com/ramp,https://api.ashbyhq.com/posting-api/job-board/ramp,https://api.ashbyhq.com/posting-api/job-board/ramp?includeCompensation=true,GET,listed_in_PDFtoWebsite_ashby_source,2026-09-21,ashby_board_tokens_1662.csv,https://github.com/vedangvatsa/PDFtoWebsite/blob/main/.github/scripts/jobs-sync.mjs,Imported from the user-provided board-token registry.
board,ashby,range,range,slug,https://jobs.ashbyhq.com/range,https://api.ashbyhq.com/posting-api/job-board/range,https://api.ashbyhq.com/posting-api/job-board/range?includeCompensation=true,GET,listed_in_PDFtoWebsite_ashby_source,2026-09-21,ashby_board_tokens_1662.csv,https://github.com/vedangvatsa/PDFtoWebsite/blob/main/.github/scripts/jobs-sync.mjs,Imported from the user-provided board-token registry.
board,ashby,rapdev,rapdev,slug,https://jobs.ashbyhq.com/rapdev,https://api.ashbyhq.com/posting-api/job-board/rapdev,https://api.ashbyhq.com/posting-api/job-board/rapdev?includeCompensation=true,GET,listed_in_PDFtoWebsite_ashby_source,2026-09-21,ashby_board_tokens_1662.csv,https://github.com/vedangvatsa/PDFtoWebsite/blob/main/.github/scripts/jobs-sync.mjs,Imported from the user-provided board-token registry.
board,ashby,raptive,raptive,slug,https://jobs.ashbyhq.com/raptive,https://api.ashbyhq.com/posting-api/job-board/raptive,https://api.ashbyhq.com/posting-api/job-board/raptive?includeCompensation=true,GET,listed_in_PDFtoWebsite_ashby_source,2026-09-21,ashby_board_tokens_1662.csv,https://github.com/vedangvatsa/PDFtoWebsite/blob/main/.github/scripts/jobs-sync.mjs,Imported from the user-provided board-token registry.
board,ashby,raspberry,raspberry,slug,https://jobs.ashbyhq.com/raspberry,https://api.ashbyhq.com/posting-api/job-board/raspberry,https://api.ashbyhq.com/posting-api/job-board/raspberry?includeCompensation=true,GET,listed_in_PDFtoWebsite_ashby_source,2026-09-21,ashby_board_tokens_1662.csv,https://github.com/vedangvatsa/PDFtoWebsite/blob/main/.github/scripts/jobs-sync.mjs,Imported from the user-provided board-token registry.
board,ashby,raycast,raycast,slug,https://jobs.ashbyhq.com/raycast,https://api.ashbyhq.com/posting-api/job-board/raycast,https://api.ashbyhq.com/posting-api/job-board/raycast?includeCompensation=true,GET,listed_in_PDFtoWebsite_ashby_source,2026-09-21,ashby_board_tokens_1662.csv,https://github.com/vedangvatsa/PDFtoWebsite/blob/main/.github/scripts/jobs-sync.mjs,Imported from the user-provided board-token registry.
board,ashby,reacher,reacher,slug,https://jobs.ashbyhq.com/reacher,https://api.ashbyhq.com/posting-api/job-board/reacher,https://api.ashbyhq.com/posting-api/job-board/reacher?includeCompensation=true,GET,listed_in_PDFtoWebsite_ashby_source,2026-09-21,ashby_board_tokens_1662.csv,https://github.com/vedangvatsa/PDFtoWebsite/blob/main/.github/scripts/jobs-sync.mjs,Imported from the user-provided board-token registry.
board,ashby,read-ai,read-ai,slug,https://jobs.ashbyhq.com/read-ai,https://api.ashbyhq.com/posting-api/job-board/read-ai,https://api.ashbyhq.com/posting-api/job-board/read-ai?includeCompensation=true,GET,listed_in_PDFtoWebsite_ashby_source,2026-09-21,ashby_board_tokens_1662.csv,https://github.com/vedangvatsa/PDFtoWebsite/blob/main/.github/scripts/jobs-sync.mjs,Imported from the user-provided board-token registry.
board,ashby,readme,readme,slug,https://jobs.ashbyhq.com/readme,https://api.ashbyhq.com/posting-api/job-board/readme,https://api.ashbyhq.com/posting-api/job-board/readme?includeCompensation=true,GET,verified_in_open-ats-jobs_ashby_source,2026-08-18,ashby_board_tokens_1662.csv,https://github.com/splashdeluxe/open-ats-jobs/blob/main/seeds/companies.json,Imported from the user-provided board-token registry.
board,ashby,ready,ready,slug,https://jobs.ashbyhq.com/ready,https://api.ashbyhq.com/posting-api/job-board/ready,https://api.ashbyhq.com/posting-api/job-board/ready?includeCompensation=true,GET,listed_in_PDFtoWebsite_ashby_source,2026-09-21,ashby_board_tokens_1662.csv,https://github.com/vedangvatsa/PDFtoWebsite/blob/main/.github/scripts/jobs-sync.mjs,Imported from the user-provided board-token registry.
board,ashby,real,real,slug,https://jobs.ashbyhq.com/real,https://api.ashbyhq.com/posting-api/job-board/real,https://api.ashbyhq.com/posting-api/job-board/real?includeCompensation=true,GET,listed_in_PDFtoWebsite_ashby_source,2026-09-21,ashby_board_tokens_1662.csv,https://github.com/vedangvatsa/PDFtoWebsite/blob/main/.github/scripts/jobs-sync.mjs,Imported from the user-provided board-token registry.
board,ashby,rebecca-school,rebecca-school,slug,https://jobs.ashbyhq.com/rebecca-school,https://api.ashbyhq.com/posting-api/job-board/rebecca-school,https://api.ashbyhq.com/posting-api/job-board/rebecca-school?includeCompensation=true,GET,listed_in_PDFtoWebsite_ashby_source,2026-09-21,ashby_board_tokens_1662.csv,https://github.com/vedangvatsa/PDFtoWebsite/blob/main/.github/scripts/jobs-sync.mjs,Imported from the user-provided board-token registry.
board,ashby,recraft,recraft,slug,https://jobs.ashbyhq.com/recraft,https://api.ashbyhq.com/posting-api/job-board/recraft,https://api.ashbyhq.com/posting-api/job-board/recraft?includeCompensation=true,GET,listed_in_PDFtoWebsite_ashby_source,2026-09-21,ashby_board_tokens_1662.csv,https://github.com/vedangvatsa/PDFtoWebsite/blob/main/.github/scripts/jobs-sync.mjs,Imported from the user-provided board-token registry.
board,ashby,red-gate,red-gate,slug,https://jobs.ashbyhq.com/red-gate,https://api.ashbyhq.com/posting-api/job-board/red-gate,https://api.ashbyhq.com/posting-api/job-board/red-gate?includeCompensation=true,GET,listed_in_PDFtoWebsite_ashby_source,2026-09-21,ashby_board_tokens_1662.csv,https://github.com/vedangvatsa/PDFtoWebsite/blob/main/.github/scripts/jobs-sync.mjs,Imported from the user-provided board-token registry.
board,ashby,redis,redis,slug,https://jobs.ashbyhq.com/redis,https://api.ashbyhq.com/posting-api/job-board/redis,https://api.ashbyhq.com/posting-api/job-board/redis?includeCompensation=true,GET,listed_in_PDFtoWebsite_ashby_source,2026-09-21,ashby_board_tokens_1662.csv,https://github.com/vedangvatsa/PDFtoWebsite/blob/main/.github/scripts/jobs-sync.mjs,Imported from the user-provided board-token registry.
board,ashby,redpine,redpine,slug,https://jobs.ashbyhq.com/redpine,https://api.ashbyhq.com/posting-api/job-board/redpine,https://api.ashbyhq.com/posting-api/job-board/redpine?includeCompensation=true,GET,listed_in_PDFtoWebsite_ashby_source,2026-09-21,ashby_board_tokens_1662.csv,https://github.com/vedangvatsa/PDFtoWebsite/blob/main/.github/scripts/jobs-sync.mjs,Imported from the user-provided board-token registry.
board,ashby,reducto,reducto,slug,https://jobs.ashbyhq.com/reducto,https://api.ashbyhq.com/posting-api/job-board/reducto,https://api.ashbyhq.com/posting-api/job-board/reducto?includeCompensation=true,GET,listed_in_PDFtoWebsite_ashby_source,2026-09-21,ashby_board_tokens_1662.csv,https://github.com/vedangvatsa/PDFtoWebsite/blob/main/.github/scripts/jobs-sync.mjs,Imported from the user-provided board-token registry.
board,ashby,reedsy,reedsy,slug,https://jobs.ashbyhq.com/reedsy,https://api.ashbyhq.com/posting-api/job-board/reedsy,https://api.ashbyhq.com/posting-api/job-board/reedsy?includeCompensation=true,GET,listed_in_PDFtoWebsite_ashby_source,2026-09-21,ashby_board_tokens_1662.csv,https://github.com/vedangvatsa/PDFtoWebsite/blob/main/.github/scripts/jobs-sync.mjs,Imported from the user-provided board-token registry.
board,ashby,reevo,reevo,slug,https://jobs.ashbyhq.com/reevo,https://api.ashbyhq.com/posting-api/job-board/reevo,https://api.ashbyhq.com/posting-api/job-board/reevo?includeCompensation=true,GET,listed_in_PDFtoWebsite_ashby_source,2026-09-21,ashby_board_tokens_1662.csv,https://github.com/vedangvatsa/PDFtoWebsite/blob/main/.github/scripts/jobs-sync.mjs,Imported from the user-provided board-token registry.
board,ashby,reflect-orbital,reflect-orbital,slug,https://jobs.ashbyhq.com/reflect-orbital,https://api.ashbyhq.com/posting-api/job-board/reflect-orbital,https://api.ashbyhq.com/posting-api/job-board/reflect-orbital?includeCompensation=true,GET,listed_in_PDFtoWebsite_ashby_source,2026-09-21,ashby_board_tokens_1662.csv,https://github.com/vedangvatsa/PDFtoWebsite/blob/main/.github/scripts/jobs-sync.mjs,Imported from the user-provided board-token registry.
board,ashby,reflectionai,reflectionai,slug,https://jobs.ashbyhq.com/reflectionai,https://api.ashbyhq.com/posting-api/job-board/reflectionai,https://api.ashbyhq.com/posting-api/job-board/reflectionai?includeCompensation=true,GET,listed_in_PDFtoWebsite_ashby_source,2026-09-21,ashby_board_tokens_1662.csv,https://github.com/vedangvatsa/PDFtoWebsite/blob/main/.github/scripts/jobs-sync.mjs,Imported from the user-provided board-token registry.
board,ashby,reflexrobotics,reflexrobotics,slug,https://jobs.ashbyhq.com/reflexrobotics,https://api.ashbyhq.com/posting-api/job-board/reflexrobotics,https://api.ashbyhq.com/posting-api/job-board/reflexrobotics?includeCompensation=true,GET,listed_in_PDFtoWebsite_ashby_source,2026-09-21,ashby_board_tokens_1662.csv,https://github.com/vedangvatsa/PDFtoWebsite/blob/main/.github/scripts/jobs-sync.mjs,Imported from the user-provided board-token registry.
board,ashby,reflow,reflow,slug,https://jobs.ashbyhq.com/reflow,https://api.ashbyhq.com/posting-api/job-board/reflow,https://api.ashbyhq.com/posting-api/job-board/reflow?includeCompensation=true,GET,listed_in_PDFtoWebsite_ashby_source,2026-09-21,ashby_board_tokens_1662.csv,https://github.com/vedangvatsa/PDFtoWebsite/blob/main/.github/scripts/jobs-sync.mjs,Imported from the user-provided board-token registry.
board,ashby,reframesystems,reframesystems,slug,https://jobs.ashbyhq.com/reframesystems,https://api.ashbyhq.com/posting-api/job-board/reframesystems,https://api.ashbyhq.com/posting-api/job-board/reframesystems?includeCompensation=true,GET,listed_in_PDFtoWebsite_ashby_source,2026-09-21,ashby_board_tokens_1662.csv,https://github.com/vedangvatsa/PDFtoWebsite/blob/main/.github/scripts/jobs-sync.mjs,Imported from the user-provided board-token registry.
board,ashby,regent,regent,slug,https://jobs.ashbyhq.com/regent,https://api.ashbyhq.com/posting-api/job-board/regent,https://api.ashbyhq.com/posting-api/job-board/regent?includeCompensation=true,GET,listed_in_PDFtoWebsite_ashby_source,2026-09-21,ashby_board_tokens_1662.csv,https://github.com/vedangvatsa/PDFtoWebsite/blob/main/.github/scripts/jobs-sync.mjs,Imported from the user-provided board-token registry.
board,ashby,rehire,rehire,slug,https://jobs.ashbyhq.com/rehire,https://api.ashbyhq.com/posting-api/job-board/rehire,https://api.ashbyhq.com/posting-api/job-board/rehire?includeCompensation=true,GET,listed_in_PDFtoWebsite_ashby_source,2026-09-21,ashby_board_tokens_1662.csv,https://github.com/vedangvatsa/PDFtoWebsite/blob/main/.github/scripts/jobs-sync.mjs,Imported from the user-provided board-token registry.
board,ashby,reindeer-ai,reindeer-ai,slug,https://jobs.ashbyhq.com/reindeer-ai,https://api.ashbyhq.com/posting-api/job-board/reindeer-ai,https://api.ashbyhq.com/posting-api/job-board/reindeer-ai?includeCompensation=true,GET,listed_in_PDFtoWebsite_ashby_source,2026-09-21,ashby_board_tokens_1662.csv,https://github.com/vedangvatsa/PDFtoWebsite/blob/main/.github/scripts/jobs-sync.mjs,Imported from the user-provided board-token registry.
board,ashby,reinforce-labs-inc,reinforce-labs-inc,slug,https://jobs.ashbyhq.com/reinforce-labs-inc,https://api.ashbyhq.com/posting-api/job-board/reinforce-labs-inc,https://api.ashbyhq.com/posting-api/job-board/reinforce-labs-inc?includeCompensation=true,GET,listed_in_PDFtoWebsite_ashby_source,2026-09-21,ashby_board_tokens_1662.csv,https://github.com/vedangvatsa/PDFtoWebsite/blob/main/.github/scripts/jobs-sync.mjs,Imported from the user-provided board-token registry.
board,ashby,reka,reka,slug,https://jobs.ashbyhq.com/reka,https://api.ashbyhq.com/posting-api/job-board/reka,https://api.ashbyhq.com/posting-api/job-board/reka?includeCompensation=true,GET,listed_in_PDFtoWebsite_ashby_source,2026-09-21,ashby_board_tokens_1662.csv,https://github.com/vedangvatsa/PDFtoWebsite/blob/main/.github/scripts/jobs-sync.mjs,Imported from the user-provided board-token registry.
board,ashby,reklamehealth,reklamehealth,slug,https://jobs.ashbyhq.com/reklamehealth,https://api.ashbyhq.com/posting-api/job-board/reklamehealth,https://api.ashbyhq.com/posting-api/job-board/reklamehealth?includeCompensation=true,GET,listed_in_PDFtoWebsite_ashby_source,2026-09-21,ashby_board_tokens_1662.csv,https://github.com/vedangvatsa/PDFtoWebsite/blob/main/.github/scripts/jobs-sync.mjs,Imported from the user-provided board-token registry.
board,ashby,relay,relay,slug,https://jobs.ashbyhq.com/relay,https://api.ashbyhq.com/posting-api/job-board/relay,https://api.ashbyhq.com/posting-api/job-board/relay?includeCompensation=true,GET,listed_in_PDFtoWebsite_ashby_source,2026-09-21,ashby_board_tokens_1662.csv,https://github.com/vedangvatsa/PDFtoWebsite/blob/main/.github/scripts/jobs-sync.mjs,Imported from the user-provided board-token registry.
board,ashby,relayfi,relayfi,slug,https://jobs.ashbyhq.com/relayfi,https://api.ashbyhq.com/posting-api/job-board/relayfi,https://api.ashbyhq.com/posting-api/job-board/relayfi?includeCompensation=true,GET,listed_in_PDFtoWebsite_ashby_source,2026-09-21,ashby_board_tokens_1662.csv,https://github.com/vedangvatsa/PDFtoWebsite/blob/main/.github/scripts/jobs-sync.mjs,Imported from the user-provided board-token registry.
board,ashby,relayprotocol,relayprotocol,slug,https://jobs.ashbyhq.com/relayprotocol,https://api.ashbyhq.com/posting-api/job-board/relayprotocol,https://api.ashbyhq.com/posting-api/job-board/relayprotocol?includeCompensation=true,GET,listed_in_PDFtoWebsite_ashby_source,2026-09-21,ashby_board_tokens_1662.csv,https://github.com/vedangvatsa/PDFtoWebsite/blob/main/.github/scripts/jobs-sync.mjs,Imported from the user-provided board-token registry.
board,ashby,remarcable-inc,remarcable-inc,slug,https://jobs.ashbyhq.com/remarcable-inc,https://api.ashbyhq.com/posting-api/job-board/remarcable-inc,https://api.ashbyhq.com/posting-api/job-board/remarcable-inc?includeCompensation=true,GET,listed_in_PDFtoWebsite_ashby_source,2026-09-21,ashby_board_tokens_1662.csv,https://github.com/vedangvatsa/PDFtoWebsite/blob/main/.github/scripts/jobs-sync.mjs,Imported from the user-provided board-token registry.
board,ashby,remedyrobotics,remedyrobotics,slug,https://jobs.ashbyhq.com/remedyrobotics,https://api.ashbyhq.com/posting-api/job-board/remedyrobotics,https://api.ashbyhq.com/posting-api/job-board/remedyrobotics?includeCompensation=true,GET,listed_in_PDFtoWebsite_ashby_source,2026-09-21,ashby_board_tokens_1662.csv,https://github.com/vedangvatsa/PDFtoWebsite/blob/main/.github/scripts/jobs-sync.mjs,Imported from the user-provided board-token registry.
board,ashby,render,render,slug,https://jobs.ashbyhq.com/render,https://api.ashbyhq.com/posting-api/job-board/render,https://api.ashbyhq.com/posting-api/job-board/render?includeCompensation=true,GET,listed_in_PDFtoWebsite_ashby_source,2026-09-21,ashby_board_tokens_1662.csv,https://github.com/vedangvatsa/PDFtoWebsite/blob/main/.github/scripts/jobs-sync.mjs,Imported from the user-provided board-token registry.
board,ashby,renuity,renuity,slug,https://jobs.ashbyhq.com/renuity,https://api.ashbyhq.com/posting-api/job-board/renuity,https://api.ashbyhq.com/posting-api/job-board/renuity?includeCompensation=true,GET,listed_in_PDFtoWebsite_ashby_source,2026-09-21,ashby_board_tokens_1662.csv,https://github.com/vedangvatsa/PDFtoWebsite/blob/main/.github/scripts/jobs-sync.mjs,Imported from the user-provided board-token registry.
board,ashby,replicated,replicated,slug,https://jobs.ashbyhq.com/replicated,https://api.ashbyhq.com/posting-api/job-board/replicated,https://api.ashbyhq.com/posting-api/job-board/replicated?includeCompensation=true,GET,listed_in_PDFtoWebsite_alt_ashby_source,2026-09-21,ashby_board_tokens_1662.csv,https://github.com/vedangvatsa/PDFtoWebsite/blob/main/run-cj.mjs,Imported from the user-provided board-token registry.
board,ashby,replit,replit,slug,https://jobs.ashbyhq.com/replit,https://api.ashbyhq.com/posting-api/job-board/replit,https://api.ashbyhq.com/posting-api/job-board/replit?includeCompensation=true,GET,listed_in_PDFtoWebsite_ashby_source,2026-09-21,ashby_board_tokens_1662.csv,https://github.com/vedangvatsa/PDFtoWebsite/blob/main/.github/scripts/jobs-sync.mjs,Imported from the user-provided board-token registry.
board,ashby,replo,replo,slug,https://jobs.ashbyhq.com/replo,https://api.ashbyhq.com/posting-api/job-board/replo,https://api.ashbyhq.com/posting-api/job-board/replo?includeCompensation=true,GET,listed_in_PDFtoWebsite_ashby_source,2026-09-21,ashby_board_tokens_1662.csv,https://github.com/vedangvatsa/PDFtoWebsite/blob/main/.github/scripts/jobs-sync.mjs,Imported from the user-provided board-token registry.
board,ashby,reprally,reprally,slug,https://jobs.ashbyhq.com/reprally,https://api.ashbyhq.com/posting-api/job-board/reprally,https://api.ashbyhq.com/posting-api/job-board/reprally?includeCompensation=true,GET,listed_in_PDFtoWebsite_ashby_source,2026-09-21,ashby_board_tokens_1662.csv,https://github.com/vedangvatsa/PDFtoWebsite/blob/main/.github/scripts/jobs-sync.mjs,Imported from the user-provided board-token registry.
board,ashby,reprise,reprise,slug,https://jobs.ashbyhq.com/reprise,https://api.ashbyhq.com/posting-api/job-board/reprise,https://api.ashbyhq.com/posting-api/job-board/reprise?includeCompensation=true,GET,listed_in_PDFtoWebsite_ashby_source,2026-09-21,ashby_board_tokens_1662.csv,https://github.com/vedangvatsa/PDFtoWebsite/blob/main/.github/scripts/jobs-sync.mjs,Imported from the user-provided board-token registry.
board,ashby,rerun,rerun,slug,https://jobs.ashbyhq.com/rerun,https://api.ashbyhq.com/posting-api/job-board/rerun,https://api.ashbyhq.com/posting-api/job-board/rerun?includeCompensation=true,GET,listed_in_PDFtoWebsite_ashby_source,2026-09-21,ashby_board_tokens_1662.csv,https://github.com/vedangvatsa/PDFtoWebsite/blob/main/.github/scripts/jobs-sync.mjs,Imported from the user-provided board-token registry.
board,ashby,rescale,rescale,slug,https://jobs.ashbyhq.com/rescale,https://api.ashbyhq.com/posting-api/job-board/rescale,https://api.ashbyhq.com/posting-api/job-board/rescale?includeCompensation=true,GET,listed_in_PDFtoWebsite_ashby_source,2026-09-21,ashby_board_tokens_1662.csv,https://github.com/vedangvatsa/PDFtoWebsite/blob/main/.github/scripts/jobs-sync.mjs,Imported from the user-provided board-token registry.
board,ashby,resend,resend,slug,https://jobs.ashbyhq.com/resend,https://api.ashbyhq.com/posting-api/job-board/resend,https://api.ashbyhq.com/posting-api/job-board/resend?includeCompensation=true,GET,listed_in_PDFtoWebsite_ashby_source,2026-09-21,ashby_board_tokens_1662.csv,https://github.com/vedangvatsa/PDFtoWebsite/blob/main/.github/scripts/jobs-sync.mjs,Imported from the user-provided board-token registry.
board,ashby,resq,resq,slug,https://jobs.ashbyhq.com/resq,https://api.ashbyhq.com/posting-api/job-board/resq,https://api.ashbyhq.com/posting-api/job-board/resq?includeCompensation=true,GET,listed_in_PDFtoWebsite_ashby_source,2026-09-21,ashby_board_tokens_1662.csv,https://github.com/vedangvatsa/PDFtoWebsite/blob/main/.github/scripts/jobs-sync.mjs,Imported from the user-provided board-token registry.
board,ashby,restream,restream,slug,https://jobs.ashbyhq.com/restream,https://api.ashbyhq.com/posting-api/job-board/restream,https://api.ashbyhq.com/posting-api/job-board/restream?includeCompensation=true,GET,listed_in_PDFtoWebsite_ashby_source,2026-09-21,ashby_board_tokens_1662.csv,https://github.com/vedangvatsa/PDFtoWebsite/blob/main/.github/scripts/jobs-sync.mjs,Imported from the user-provided board-token registry.
board,ashby,retell-ai,retell-ai,slug,https://jobs.ashbyhq.com/retell-ai,https://api.ashbyhq.com/posting-api/job-board/retell-ai,https://api.ashbyhq.com/posting-api/job-board/retell-ai?includeCompensation=true,GET,listed_in_PDFtoWebsite_ashby_source,2026-09-21,ashby_board_tokens_1662.csv,https://github.com/vedangvatsa/PDFtoWebsite/blob/main/.github/scripts/jobs-sync.mjs,Imported from the user-provided board-token registry.
board,ashby,retool,retool,slug,https://jobs.ashbyhq.com/retool,https://api.ashbyhq.com/posting-api/job-board/retool,https://api.ashbyhq.com/posting-api/job-board/retool?includeCompensation=true,GET,listed_in_PDFtoWebsite_alt_ashby_source,2026-09-21,ashby_board_tokens_1662.csv,https://github.com/vedangvatsa/PDFtoWebsite/blob/main/run-cj.mjs,Imported from the user-provided board-token registry.
board,ashby,rev,rev,slug,https://jobs.ashbyhq.com/rev,https://api.ashbyhq.com/posting-api/job-board/rev,https://api.ashbyhq.com/posting-api/job-board/rev?includeCompensation=true,GET,listed_in_PDFtoWebsite_ashby_source,2026-09-21,ashby_board_tokens_1662.csv,https://github.com/vedangvatsa/PDFtoWebsite/blob/main/.github/scripts/jobs-sync.mjs,Imported from the user-provided board-token registry.
board,ashby,reve,reve,slug,https://jobs.ashbyhq.com/reve,https://api.ashbyhq.com/posting-api/job-board/reve,https://api.ashbyhq.com/posting-api/job-board/reve?includeCompensation=true,GET,listed_in_PDFtoWebsite_ashby_source,2026-09-21,ashby_board_tokens_1662.csv,https://github.com/vedangvatsa/PDFtoWebsite/blob/main/.github/scripts/jobs-sync.mjs,Imported from the user-provided board-token registry.
board,ashby,revenuecat,revenuecat,slug,https://jobs.ashbyhq.com/revenuecat,https://api.ashbyhq.com/posting-api/job-board/revenuecat,https://api.ashbyhq.com/posting-api/job-board/revenuecat?includeCompensation=true,GET,listed_in_PDFtoWebsite_ashby_source,2026-09-21,ashby_board_tokens_1662.csv,https://github.com/vedangvatsa/PDFtoWebsite/blob/main/.github/scripts/jobs-sync.mjs,Imported from the user-provided board-token registry.
board,ashby,revic,revic,slug,https://jobs.ashbyhq.com/revic,https://api.ashbyhq.com/posting-api/job-board/revic,https://api.ashbyhq.com/posting-api/job-board/revic?includeCompensation=true,GET,listed_in_PDFtoWebsite_ashby_source,2026-09-21,ashby_board_tokens_1662.csv,https://github.com/vedangvatsa/PDFtoWebsite/blob/main/.github/scripts/jobs-sync.mjs,Imported from the user-provided board-token registry.
board,ashby,reviserobotics,reviserobotics,slug,https://jobs.ashbyhq.com/reviserobotics,https://api.ashbyhq.com/posting-api/job-board/reviserobotics,https://api.ashbyhq.com/posting-api/job-board/reviserobotics?includeCompensation=true,GET,listed_in_PDFtoWebsite_ashby_source,2026-09-21,ashby_board_tokens_1662.csv,https://github.com/vedangvatsa/PDFtoWebsite/blob/main/.github/scripts/jobs-sync.mjs,Imported from the user-provided board-token registry.
board,ashby,revv-hq,revv-hq,slug,https://jobs.ashbyhq.com/revv-hq,https://api.ashbyhq.com/posting-api/job-board/revv-hq,https://api.ashbyhq.com/posting-api/job-board/revv-hq?includeCompensation=true,GET,listed_in_PDFtoWebsite_ashby_source,2026-09-21,ashby_board_tokens_1662.csv,https://github.com/vedangvatsa/PDFtoWebsite/blob/main/.github/scripts/jobs-sync.mjs,Imported from the user-provided board-token registry.
board,ashby,rewind,rewind,slug,https://jobs.ashbyhq.com/rewind,https://api.ashbyhq.com/posting-api/job-board/rewind,https://api.ashbyhq.com/posting-api/job-board/rewind?includeCompensation=true,GET,listed_in_PDFtoWebsite_ashby_source,2026-09-21,ashby_board_tokens_1662.csv,https://github.com/vedangvatsa/PDFtoWebsite/blob/main/.github/scripts/jobs-sync.mjs,Imported from the user-provided board-token registry.
board,ashby,rho,rho,slug,https://jobs.ashbyhq.com/rho,https://api.ashbyhq.com/posting-api/job-board/rho,https://api.ashbyhq.com/posting-api/job-board/rho?includeCompensation=true,GET,listed_in_PDFtoWebsite_ashby_source,2026-09-21,ashby_board_tokens_1662.csv,https://github.com/vedangvatsa/PDFtoWebsite/blob/main/.github/scripts/jobs-sync.mjs,Imported from the user-provided board-token registry.
board,ashby,ridealso,ridealso,slug,https://jobs.ashbyhq.com/ridealso,https://api.ashbyhq.com/posting-api/job-board/ridealso,https://api.ashbyhq.com/posting-api/job-board/ridealso?includeCompensation=true,GET,listed_in_PDFtoWebsite_ashby_source,2026-09-21,ashby_board_tokens_1662.csv,https://github.com/vedangvatsa/PDFtoWebsite/blob/main/.github/scripts/jobs-sync.mjs,Imported from the user-provided board-token registry.
board,ashby,rilla,rilla,slug,https://jobs.ashbyhq.com/rilla,https://api.ashbyhq.com/posting-api/job-board/rilla,https://api.ashbyhq.com/posting-api/job-board/rilla?includeCompensation=true,GET,listed_in_PDFtoWebsite_ashby_source,2026-09-21,ashby_board_tokens_1662.csv,https://github.com/vedangvatsa/PDFtoWebsite/blob/main/.github/scripts/jobs-sync.mjs,Imported from the user-provided board-token registry.
board,ashby,rillet,rillet,slug,https://jobs.ashbyhq.com/rillet,https://api.ashbyhq.com/posting-api/job-board/rillet,https://api.ashbyhq.com/posting-api/job-board/rillet?includeCompensation=true,GET,listed_in_PDFtoWebsite_ashby_source,2026-09-21,ashby_board_tokens_1662.csv,https://github.com/vedangvatsa/PDFtoWebsite/blob/main/.github/scripts/jobs-sync.mjs,Imported from the user-provided board-token registry.
board,ashby,river,river,slug,https://jobs.ashbyhq.com/river,https://api.ashbyhq.com/posting-api/job-board/river,https://api.ashbyhq.com/posting-api/job-board/river?includeCompensation=true,GET,listed_in_PDFtoWebsite_ashby_source,2026-09-21,ashby_board_tokens_1662.csv,https://github.com/vedangvatsa/PDFtoWebsite/blob/main/.github/scripts/jobs-sync.mjs,Imported from the user-provided board-token registry.
board,ashby,riveron,riveron,slug,https://jobs.ashbyhq.com/riveron,https://api.ashbyhq.com/posting-api/job-board/riveron,https://api.ashbyhq.com/posting-api/job-board/riveron?includeCompensation=true,GET,listed_in_PDFtoWebsite_ashby_source,2026-09-21,ashby_board_tokens_1662.csv,https://github.com/vedangvatsa/PDFtoWebsite/blob/main/.github/scripts/jobs-sync.mjs,Imported from the user-provided board-token registry.
board,ashby,rize,rize,slug,https://jobs.ashbyhq.com/rize,https://api.ashbyhq.com/posting-api/job-board/rize,https://api.ashbyhq.com/posting-api/job-board/rize?includeCompensation=true,GET,listed_in_PDFtoWebsite_alt_ashby_source,2026-09-21,ashby_board_tokens_1662.csv,https://github.com/vedangvatsa/PDFtoWebsite/blob/main/run-cj.mjs,Imported from the user-provided board-token registry.
board,ashby,roadsurfer.com,roadsurfer.com,slug,https://jobs.ashbyhq.com/roadsurfer.com,https://api.ashbyhq.com/posting-api/job-board/roadsurfer.com,https://api.ashbyhq.com/posting-api/job-board/roadsurfer.com?includeCompensation=true,GET,listed_in_PDFtoWebsite_ashby_source,2026-09-21,ashby_board_tokens_1662.csv,https://github.com/vedangvatsa/PDFtoWebsite/blob/main/.github/scripts/jobs-sync.mjs,Imported from the user-provided board-token registry.
board,ashby,roboflow,roboflow,slug,https://jobs.ashbyhq.com/roboflow,https://api.ashbyhq.com/posting-api/job-board/roboflow,https://api.ashbyhq.com/posting-api/job-board/roboflow?includeCompensation=true,GET,listed_in_PDFtoWebsite_ashby_source,2026-09-21,ashby_board_tokens_1662.csv,https://github.com/vedangvatsa/PDFtoWebsite/blob/main/.github/scripts/jobs-sync.mjs,Imported from the user-provided board-token registry.
board,ashby,robot-learning-co,robot-learning-co,slug,https://jobs.ashbyhq.com/robot-learning-co,https://api.ashbyhq.com/posting-api/job-board/robot-learning-co,https://api.ashbyhq.com/posting-api/job-board/robot-learning-co?includeCompensation=true,GET,listed_in_PDFtoWebsite_alt_ashby_source,2026-09-21,ashby_board_tokens_1662.csv,https://github.com/vedangvatsa/PDFtoWebsite/blob/main/run-cj.mjs,Imported from the user-provided board-token registry.
board,ashby,roebling,roebling,slug,https://jobs.ashbyhq.com/roebling,https://api.ashbyhq.com/posting-api/job-board/roebling,https://api.ashbyhq.com/posting-api/job-board/roebling?includeCompensation=true,GET,listed_in_PDFtoWebsite_alt_ashby_source,2026-09-21,ashby_board_tokens_1662.csv,https://github.com/vedangvatsa/PDFtoWebsite/blob/main/run-cj.mjs,Imported from the user-provided board-token registry.
board,ashby,rogo,rogo,slug,https://jobs.ashbyhq.com/rogo,https://api.ashbyhq.com/posting-api/job-board/rogo,https://api.ashbyhq.com/posting-api/job-board/rogo?includeCompensation=true,GET,listed_in_PDFtoWebsite_ashby_source,2026-09-21,ashby_board_tokens_1662.csv,https://github.com/vedangvatsa/PDFtoWebsite/blob/main/.github/scripts/jobs-sync.mjs,Imported from the user-provided board-token registry.
board,ashby,roo-code,roo-code,slug,https://jobs.ashbyhq.com/roo-code,https://api.ashbyhq.com/posting-api/job-board/roo-code,https://api.ashbyhq.com/posting-api/job-board/roo-code?includeCompensation=true,GET,listed_in_PDFtoWebsite_ashby_source,2026-09-21,ashby_board_tokens_1662.csv,https://github.com/vedangvatsa/PDFtoWebsite/blob/main/.github/scripts/jobs-sync.mjs,Imported from the user-provided board-token registry.
board,ashby,roompricegenie,roompricegenie,slug,https://jobs.ashbyhq.com/roompricegenie,https://api.ashbyhq.com/posting-api/job-board/roompricegenie,https://api.ashbyhq.com/posting-api/job-board/roompricegenie?includeCompensation=true,GET,listed_in_PDFtoWebsite_ashby_source,2026-09-21,ashby_board_tokens_1662.csv,https://github.com/vedangvatsa/PDFtoWebsite/blob/main/.github/scripts/jobs-sync.mjs,Imported from the user-provided board-token registry.
board,ashby,rothys,rothys,slug,https://jobs.ashbyhq.com/rothys,https://api.ashbyhq.com/posting-api/job-board/rothys,https://api.ashbyhq.com/posting-api/job-board/rothys?includeCompensation=true,GET,listed_in_PDFtoWebsite_ashby_source,2026-09-21,ashby_board_tokens_1662.csv,https://github.com/vedangvatsa/PDFtoWebsite/blob/main/.github/scripts/jobs-sync.mjs,Imported from the user-provided board-token registry.
board,ashby,rowan,rowan,slug,https://jobs.ashbyhq.com/rowan,https://api.ashbyhq.com/posting-api/job-board/rowan,https://api.ashbyhq.com/posting-api/job-board/rowan?includeCompensation=true,GET,listed_in_PDFtoWebsite_ashby_source,2026-09-21,ashby_board_tokens_1662.csv,https://github.com/vedangvatsa/PDFtoWebsite/blob/main/.github/scripts/jobs-sync.mjs,Imported from the user-provided board-token registry.
board,ashby,rubie,rubie,slug,https://jobs.ashbyhq.com/rubie,https://api.ashbyhq.com/posting-api/job-board/rubie,https://api.ashbyhq.com/posting-api/job-board/rubie?includeCompensation=true,GET,listed_in_PDFtoWebsite_ashby_source,2026-09-21,ashby_board_tokens_1662.csv,https://github.com/vedangvatsa/PDFtoWebsite/blob/main/.github/scripts/jobs-sync.mjs,Imported from the user-provided board-token registry.
board,ashby,ruby-labs,ruby-labs,slug,https://jobs.ashbyhq.com/ruby-labs,https://api.ashbyhq.com/posting-api/job-board/ruby-labs,https://api.ashbyhq.com/posting-api/job-board/ruby-labs?includeCompensation=true,GET,listed_in_PDFtoWebsite_ashby_source,2026-09-21,ashby_board_tokens_1662.csv,https://github.com/vedangvatsa/PDFtoWebsite/blob/main/.github/scripts/jobs-sync.mjs,Imported from the user-provided board-token registry.
board,ashby,rula,rula,slug,https://jobs.ashbyhq.com/rula,https://api.ashbyhq.com/posting-api/job-board/rula,https://api.ashbyhq.com/posting-api/job-board/rula?includeCompensation=true,GET,listed_in_PDFtoWebsite_ashby_source,2026-09-21,ashby_board_tokens_1662.csv,https://github.com/vedangvatsa/PDFtoWebsite/blob/main/.github/scripts/jobs-sync.mjs,Imported from the user-provided board-token registry.
board,ashby,rundoo,rundoo,slug,https://jobs.ashbyhq.com/rundoo,https://api.ashbyhq.com/posting-api/job-board/rundoo,https://api.ashbyhq.com/posting-api/job-board/rundoo?includeCompensation=true,GET,listed_in_PDFtoWebsite_ashby_source,2026-09-21,ashby_board_tokens_1662.csv,https://github.com/vedangvatsa/PDFtoWebsite/blob/main/.github/scripts/jobs-sync.mjs,Imported from the user-provided board-token registry.
board,ashby,runna,runna,slug,https://jobs.ashbyhq.com/runna,https://api.ashbyhq.com/posting-api/job-board/runna,https://api.ashbyhq.com/posting-api/job-board/runna?includeCompensation=true,GET,listed_in_PDFtoWebsite_ashby_source,2026-09-21,ashby_board_tokens_1662.csv,https://github.com/vedangvatsa/PDFtoWebsite/blob/main/.github/scripts/jobs-sync.mjs,Imported from the user-provided board-token registry.
board,ashby,runpod,runpod,slug,https://jobs.ashbyhq.com/runpod,https://api.ashbyhq.com/posting-api/job-board/runpod,https://api.ashbyhq.com/posting-api/job-board/runpod?includeCompensation=true,GET,listed_in_PDFtoWebsite_ashby_source,2026-09-21,ashby_board_tokens_1662.csv,https://github.com/vedangvatsa/PDFtoWebsite/blob/main/.github/scripts/jobs-sync.mjs,Imported from the user-provided board-token registry.
board,ashby,runway,runway,slug,https://jobs.ashbyhq.com/runway,https://api.ashbyhq.com/posting-api/job-board/runway,https://api.ashbyhq.com/posting-api/job-board/runway?includeCompensation=true,GET,listed_in_PDFtoWebsite_ashby_source,2026-09-21,ashby_board_tokens_1662.csv,https://github.com/vedangvatsa/PDFtoWebsite/blob/main/.github/scripts/jobs-sync.mjs,Imported from the user-provided board-token registry.
board,ashby,rwazi,rwazi,slug,https://jobs.ashbyhq.com/rwazi,https://api.ashbyhq.com/posting-api/job-board/rwazi,https://api.ashbyhq.com/posting-api/job-board/rwazi?includeCompensation=true,GET,listed_in_PDFtoWebsite_ashby_source,2026-09-21,ashby_board_tokens_1662.csv,https://github.com/vedangvatsa/PDFtoWebsite/blob/main/.github/scripts/jobs-sync.mjs,Imported from the user-provided board-token registry.
board,ashby,rythm,rythm,slug,https://jobs.ashbyhq.com/rythm,https://api.ashbyhq.com/posting-api/job-board/rythm,https://api.ashbyhq.com/posting-api/job-board/rythm?includeCompensation=true,GET,listed_in_PDFtoWebsite_ashby_source,2026-09-21,ashby_board_tokens_1662.csv,https://github.com/vedangvatsa/PDFtoWebsite/blob/main/.github/scripts/jobs-sync.mjs,Imported from the user-provided board-token registry.
board,ashby,s2,s2,slug,https://jobs.ashbyhq.com/s2,https://api.ashbyhq.com/posting-api/job-board/s2,https://api.ashbyhq.com/posting-api/job-board/s2?includeCompensation=true,GET,listed_in_PDFtoWebsite_ashby_source,2026-09-21,ashby_board_tokens_1662.csv,https://github.com/vedangvatsa/PDFtoWebsite/blob/main/.github/scripts/jobs-sync.mjs,Imported from the user-provided board-token registry.
board,ashby,safelease,safelease,slug,https://jobs.ashbyhq.com/safelease,https://api.ashbyhq.com/posting-api/job-board/safelease,https://api.ashbyhq.com/posting-api/job-board/safelease?includeCompensation=true,GET,listed_in_PDFtoWebsite_ashby_source,2026-09-21,ashby_board_tokens_1662.csv,https://github.com/vedangvatsa/PDFtoWebsite/blob/main/.github/scripts/jobs-sync.mjs,Imported from the user-provided board-token registry.
board,ashby,sagelabs.ai,sagelabs.ai,slug,https://jobs.ashbyhq.com/sagelabs.ai,https://api.ashbyhq.com/posting-api/job-board/sagelabs.ai,https://api.ashbyhq.com/posting-api/job-board/sagelabs.ai?includeCompensation=true,GET,listed_in_PDFtoWebsite_ashby_source,2026-09-21,ashby_board_tokens_1662.csv,https://github.com/vedangvatsa/PDFtoWebsite/blob/main/.github/scripts/jobs-sync.mjs,Imported from the user-provided board-token registry.
board,ashby,sahara,sahara,slug,https://jobs.ashbyhq.com/sahara,https://api.ashbyhq.com/posting-api/job-board/sahara,https://api.ashbyhq.com/posting-api/job-board/sahara?includeCompensation=true,GET,listed_in_PDFtoWebsite_ashby_source,2026-09-21,ashby_board_tokens_1662.csv,https://github.com/vedangvatsa/PDFtoWebsite/blob/main/.github/scripts/jobs-sync.mjs,Imported from the user-provided board-token registry.
board,ashby,salesape-ai,salesape-ai,slug,https://jobs.ashbyhq.com/salesape-ai,https://api.ashbyhq.com/posting-api/job-board/salesape-ai,https://api.ashbyhq.com/posting-api/job-board/salesape-ai?includeCompensation=true,GET,listed_in_PDFtoWebsite_ashby_source,2026-09-21,ashby_board_tokens_1662.csv,https://github.com/vedangvatsa/PDFtoWebsite/blob/main/.github/scripts/jobs-sync.mjs,Imported from the user-provided board-token registry.
board,ashby,salient,salient,slug,https://jobs.ashbyhq.com/salient,https://api.ashbyhq.com/posting-api/job-board/salient,https://api.ashbyhq.com/posting-api/job-board/salient?includeCompensation=true,GET,listed_in_PDFtoWebsite_ashby_source,2026-09-21,ashby_board_tokens_1662.csv,https://github.com/vedangvatsa/PDFtoWebsite/blob/main/.github/scripts/jobs-sync.mjs,Imported from the user-provided board-token registry.
board,ashby,sanctuary,sanctuary,slug,https://jobs.ashbyhq.com/sanctuary,https://api.ashbyhq.com/posting-api/job-board/sanctuary,https://api.ashbyhq.com/posting-api/job-board/sanctuary?includeCompensation=true,GET,listed_in_PDFtoWebsite_ashby_source,2026-09-21,ashby_board_tokens_1662.csv,https://github.com/vedangvatsa/PDFtoWebsite/blob/main/.github/scripts/jobs-sync.mjs,Imported from the user-provided board-token registry.
board,ashby,sandbar,sandbar,slug,https://jobs.ashbyhq.com/sandbar,https://api.ashbyhq.com/posting-api/job-board/sandbar,https://api.ashbyhq.com/posting-api/job-board/sandbar?includeCompensation=true,GET,listed_in_PDFtoWebsite_ashby_source,2026-09-21,ashby_board_tokens_1662.csv,https://github.com/vedangvatsa/PDFtoWebsite/blob/main/.github/scripts/jobs-sync.mjs,Imported from the user-provided board-token registry.
board,ashby,sandboxaq,sandboxaq,slug,https://jobs.ashbyhq.com/sandboxaq,https://api.ashbyhq.com/posting-api/job-board/sandboxaq,https://api.ashbyhq.com/posting-api/job-board/sandboxaq?includeCompensation=true,GET,listed_in_PDFtoWebsite_ashby_source,2026-09-21,ashby_board_tokens_1662.csv,https://github.com/vedangvatsa/PDFtoWebsite/blob/main/.github/scripts/jobs-sync.mjs,Imported from the user-provided board-token registry.
board,ashby,sanity,sanity,slug,https://jobs.ashbyhq.com/sanity,https://api.ashbyhq.com/posting-api/job-board/sanity,https://api.ashbyhq.com/posting-api/job-board/sanity?includeCompensation=true,GET,listed_in_PDFtoWebsite_ashby_source,2026-09-21,ashby_board_tokens_1662.csv,https://github.com/vedangvatsa/PDFtoWebsite/blob/main/.github/scripts/jobs-sync.mjs,Imported from the user-provided board-token registry.
board,ashby,sapiom,sapiom,slug,https://jobs.ashbyhq.com/sapiom,https://api.ashbyhq.com/posting-api/job-board/sapiom,https://api.ashbyhq.com/posting-api/job-board/sapiom?includeCompensation=true,GET,listed_in_PDFtoWebsite_ashby_source,2026-09-21,ashby_board_tokens_1662.csv,https://github.com/vedangvatsa/PDFtoWebsite/blob/main/.github/scripts/jobs-sync.mjs,Imported from the user-provided board-token registry.
board,ashby,sardine,sardine,slug,https://jobs.ashbyhq.com/sardine,https://api.ashbyhq.com/posting-api/job-board/sardine,https://api.ashbyhq.com/posting-api/job-board/sardine?includeCompensation=true,GET,listed_in_PDFtoWebsite_ashby_source,2026-09-21,ashby_board_tokens_1662.csv,https://github.com/vedangvatsa/PDFtoWebsite/blob/main/.github/scripts/jobs-sync.mjs,Imported from the user-provided board-token registry.
board,ashby,sarvam,sarvam,slug,https://jobs.ashbyhq.com/sarvam,https://api.ashbyhq.com/posting-api/job-board/sarvam,https://api.ashbyhq.com/posting-api/job-board/sarvam?includeCompensation=true,GET,listed_in_PDFtoWebsite_ashby_source,2026-09-21,ashby_board_tokens_1662.csv,https://github.com/vedangvatsa/PDFtoWebsite/blob/main/.github/scripts/jobs-sync.mjs,Imported from the user-provided board-token registry.
board,ashby,satispay,satispay,slug,https://jobs.ashbyhq.com/satispay,https://api.ashbyhq.com/posting-api/job-board/satispay,https://api.ashbyhq.com/posting-api/job-board/satispay?includeCompensation=true,GET,listed_in_PDFtoWebsite_ashby_source,2026-09-21,ashby_board_tokens_1662.csv,https://github.com/vedangvatsa/PDFtoWebsite/blob/main/.github/scripts/jobs-sync.mjs,Imported from the user-provided board-token registry.
board,ashby,savvy,savvy,slug,https://jobs.ashbyhq.com/savvy,https://api.ashbyhq.com/posting-api/job-board/savvy,https://api.ashbyhq.com/posting-api/job-board/savvy?includeCompensation=true,GET,listed_in_PDFtoWebsite_ashby_source,2026-09-21,ashby_board_tokens_1662.csv,https://github.com/vedangvatsa/PDFtoWebsite/blob/main/.github/scripts/jobs-sync.mjs,Imported from the user-provided board-token registry.
board,ashby,scalemath,scalemath,slug,https://jobs.ashbyhq.com/scalemath,https://api.ashbyhq.com/posting-api/job-board/scalemath,https://api.ashbyhq.com/posting-api/job-board/scalemath?includeCompensation=true,GET,listed_in_PDFtoWebsite_ashby_source,2026-09-21,ashby_board_tokens_1662.csv,https://github.com/vedangvatsa/PDFtoWebsite/blob/main/.github/scripts/jobs-sync.mjs,Imported from the user-provided board-token registry.
board,ashby,scaler,scaler,slug,https://jobs.ashbyhq.com/scaler,https://api.ashbyhq.com/posting-api/job-board/scaler,https://api.ashbyhq.com/posting-api/job-board/scaler?includeCompensation=true,GET,listed_in_PDFtoWebsite_ashby_source,2026-09-21,ashby_board_tokens_1662.csv,https://github.com/vedangvatsa/PDFtoWebsite/blob/main/.github/scripts/jobs-sync.mjs,Imported from the user-provided board-token registry.
board,ashby,scan-com,scan-com,slug,https://jobs.ashbyhq.com/scan-com,https://api.ashbyhq.com/posting-api/job-board/scan-com,https://api.ashbyhq.com/posting-api/job-board/scan-com?includeCompensation=true,GET,listed_in_PDFtoWebsite_ashby_source,2026-09-21,ashby_board_tokens_1662.csv,https://github.com/vedangvatsa/PDFtoWebsite/blob/main/.github/scripts/jobs-sync.mjs,Imported from the user-provided board-token registry.
board,ashby,scarlet,scarlet,slug,https://jobs.ashbyhq.com/scarlet,https://api.ashbyhq.com/posting-api/job-board/scarlet,https://api.ashbyhq.com/posting-api/job-board/scarlet?includeCompensation=true,GET,listed_in_PDFtoWebsite_ashby_source,2026-09-21,ashby_board_tokens_1662.csv,https://github.com/vedangvatsa/PDFtoWebsite/blob/main/.github/scripts/jobs-sync.mjs,Imported from the user-provided board-token registry.
board,ashby,sciforium,sciforium,slug,https://jobs.ashbyhq.com/sciforium,https://api.ashbyhq.com/posting-api/job-board/sciforium,https://api.ashbyhq.com/posting-api/job-board/sciforium?includeCompensation=true,GET,listed_in_PDFtoWebsite_ashby_source,2026-09-21,ashby_board_tokens_1662.csv,https://github.com/vedangvatsa/PDFtoWebsite/blob/main/.github/scripts/jobs-sync.mjs,Imported from the user-provided board-token registry.
board,ashby,scorewarrior,scorewarrior,slug,https://jobs.ashbyhq.com/scorewarrior,https://api.ashbyhq.com/posting-api/job-board/scorewarrior,https://api.ashbyhq.com/posting-api/job-board/scorewarrior?includeCompensation=true,GET,listed_in_PDFtoWebsite_ashby_source,2026-09-21,ashby_board_tokens_1662.csv,https://github.com/vedangvatsa/PDFtoWebsite/blob/main/.github/scripts/jobs-sync.mjs,Imported from the user-provided board-token registry.
board,ashby,scribdinc,scribdinc,slug,https://jobs.ashbyhq.com/scribdinc,https://api.ashbyhq.com/posting-api/job-board/scribdinc,https://api.ashbyhq.com/posting-api/job-board/scribdinc?includeCompensation=true,GET,listed_in_PDFtoWebsite_ashby_source,2026-09-21,ashby_board_tokens_1662.csv,https://github.com/vedangvatsa/PDFtoWebsite/blob/main/.github/scripts/jobs-sync.mjs,Imported from the user-provided board-token registry.
board,ashby,scribe,scribe,slug,https://jobs.ashbyhq.com/scribe,https://api.ashbyhq.com/posting-api/job-board/scribe,https://api.ashbyhq.com/posting-api/job-board/scribe?includeCompensation=true,GET,listed_in_PDFtoWebsite_ashby_source,2026-09-21,ashby_board_tokens_1662.csv,https://github.com/vedangvatsa/PDFtoWebsite/blob/main/.github/scripts/jobs-sync.mjs,Imported from the user-provided board-token registry.
board,ashby,sdsc,sdsc,slug,https://jobs.ashbyhq.com/sdsc,https://api.ashbyhq.com/posting-api/job-board/sdsc,https://api.ashbyhq.com/posting-api/job-board/sdsc?includeCompensation=true,GET,listed_in_PDFtoWebsite_ashby_source,2026-09-21,ashby_board_tokens_1662.csv,https://github.com/vedangvatsa/PDFtoWebsite/blob/main/.github/scripts/jobs-sync.mjs,Imported from the user-provided board-token registry.
board,ashby,seamflow,seamflow,slug,https://jobs.ashbyhq.com/seamflow,https://api.ashbyhq.com/posting-api/job-board/seamflow,https://api.ashbyhq.com/posting-api/job-board/seamflow?includeCompensation=true,GET,listed_in_PDFtoWebsite_ashby_source,2026-09-21,ashby_board_tokens_1662.csv,https://github.com/vedangvatsa/PDFtoWebsite/blob/main/.github/scripts/jobs-sync.mjs,Imported from the user-provided board-token registry.
board,ashby,seconddinner,seconddinner,slug,https://jobs.ashbyhq.com/seconddinner,https://api.ashbyhq.com/posting-api/job-board/seconddinner,https://api.ashbyhq.com/posting-api/job-board/seconddinner?includeCompensation=true,GET,listed_in_PDFtoWebsite_ashby_source,2026-09-21,ashby_board_tokens_1662.csv,https://github.com/vedangvatsa/PDFtoWebsite/blob/main/.github/scripts/jobs-sync.mjs,Imported from the user-provided board-token registry.
board,ashby,secureframe,secureframe,slug,https://jobs.ashbyhq.com/secureframe,https://api.ashbyhq.com/posting-api/job-board/secureframe,https://api.ashbyhq.com/posting-api/job-board/secureframe?includeCompensation=true,GET,verified_in_open-ats-jobs_ashby_source,2026-08-18,ashby_board_tokens_1662.csv,https://github.com/splashdeluxe/open-ats-jobs/blob/main/seeds/companies.json,Imported from the user-provided board-token registry.
board,ashby,sellfire,sellfire,slug,https://jobs.ashbyhq.com/sellfire,https://api.ashbyhq.com/posting-api/job-board/sellfire,https://api.ashbyhq.com/posting-api/job-board/sellfire?includeCompensation=true,GET,listed_in_PDFtoWebsite_ashby_source,2026-09-21,ashby_board_tokens_1662.csv,https://github.com/vedangvatsa/PDFtoWebsite/blob/main/.github/scripts/jobs-sync.mjs,Imported from the user-provided board-token registry.
board,ashby,semgrep,semgrep,slug,https://jobs.ashbyhq.com/semgrep,https://api.ashbyhq.com/posting-api/job-board/semgrep,https://api.ashbyhq.com/posting-api/job-board/semgrep?includeCompensation=true,GET,listed_in_PDFtoWebsite_ashby_source,2026-09-21,ashby_board_tokens_1662.csv,https://github.com/vedangvatsa/PDFtoWebsite/blob/main/.github/scripts/jobs-sync.mjs,Imported from the user-provided board-token registry.
board,ashby,seneca,seneca,slug,https://jobs.ashbyhq.com/seneca,https://api.ashbyhq.com/posting-api/job-board/seneca,https://api.ashbyhq.com/posting-api/job-board/seneca?includeCompensation=true,GET,listed_in_PDFtoWebsite_ashby_source,2026-09-21,ashby_board_tokens_1662.csv,https://github.com/vedangvatsa/PDFtoWebsite/blob/main/.github/scripts/jobs-sync.mjs,Imported from the user-provided board-token registry.
board,ashby,sensmore,sensmore,slug,https://jobs.ashbyhq.com/sensmore,https://api.ashbyhq.com/posting-api/job-board/sensmore,https://api.ashbyhq.com/posting-api/job-board/sensmore?includeCompensation=true,GET,listed_in_PDFtoWebsite_ashby_source,2026-09-21,ashby_board_tokens_1662.csv,https://github.com/vedangvatsa/PDFtoWebsite/blob/main/.github/scripts/jobs-sync.mjs,Imported from the user-provided board-token registry.
board,ashby,sent,sent,slug,https://jobs.ashbyhq.com/sent,https://api.ashbyhq.com/posting-api/job-board/sent,https://api.ashbyhq.com/posting-api/job-board/sent?includeCompensation=true,GET,listed_in_PDFtoWebsite_ashby_source,2026-09-21,ashby_board_tokens_1662.csv,https://github.com/vedangvatsa/PDFtoWebsite/blob/main/.github/scripts/jobs-sync.mjs,Imported from the user-provided board-token registry.
board,ashby,sentient,sentient,slug,https://jobs.ashbyhq.com/sentient,https://api.ashbyhq.com/posting-api/job-board/sentient,https://api.ashbyhq.com/posting-api/job-board/sentient?includeCompensation=true,GET,listed_in_PDFtoWebsite_ashby_source,2026-09-21,ashby_board_tokens_1662.csv,https://github.com/vedangvatsa/PDFtoWebsite/blob/main/.github/scripts/jobs-sync.mjs,Imported from the user-provided board-token registry.
board,ashby,sentra,sentra,slug,https://jobs.ashbyhq.com/sentra,https://api.ashbyhq.com/posting-api/job-board/sentra,https://api.ashbyhq.com/posting-api/job-board/sentra?includeCompensation=true,GET,listed_in_PDFtoWebsite_ashby_source,2026-09-21,ashby_board_tokens_1662.csv,https://github.com/vedangvatsa/PDFtoWebsite/blob/main/.github/scripts/jobs-sync.mjs,Imported from the user-provided board-token registry.
board,ashby,sentry,sentry,slug,https://jobs.ashbyhq.com/sentry,https://api.ashbyhq.com/posting-api/job-board/sentry,https://api.ashbyhq.com/posting-api/job-board/sentry?includeCompensation=true,GET,listed_in_PDFtoWebsite_ashby_source,2026-09-21,ashby_board_tokens_1662.csv,https://github.com/vedangvatsa/PDFtoWebsite/blob/main/.github/scripts/jobs-sync.mjs,Imported from the user-provided board-token registry.
board,ashby,seon,seon,slug,https://jobs.ashbyhq.com/seon,https://api.ashbyhq.com/posting-api/job-board/seon,https://api.ashbyhq.com/posting-api/job-board/seon?includeCompensation=true,GET,listed_in_PDFtoWebsite_ashby_source,2026-09-21,ashby_board_tokens_1662.csv,https://github.com/vedangvatsa/PDFtoWebsite/blob/main/.github/scripts/jobs-sync.mjs,Imported from the user-provided board-token registry.
board,ashby,sequence,sequence,slug,https://jobs.ashbyhq.com/sequence,https://api.ashbyhq.com/posting-api/job-board/sequence,https://api.ashbyhq.com/posting-api/job-board/sequence?includeCompensation=true,GET,listed_in_PDFtoWebsite_ashby_source,2026-09-21,ashby_board_tokens_1662.csv,https://github.com/vedangvatsa/PDFtoWebsite/blob/main/.github/scripts/jobs-sync.mjs,Imported from the user-provided board-token registry.
board,ashby,serverobotics,serverobotics,slug,https://jobs.ashbyhq.com/serverobotics,https://api.ashbyhq.com/posting-api/job-board/serverobotics,https://api.ashbyhq.com/posting-api/job-board/serverobotics?includeCompensation=true,GET,listed_in_PDFtoWebsite_ashby_source,2026-09-21,ashby_board_tokens_1662.csv,https://github.com/vedangvatsa/PDFtoWebsite/blob/main/.github/scripts/jobs-sync.mjs,Imported from the user-provided board-token registry.
board,ashby,sesame,sesame,slug,https://jobs.ashbyhq.com/sesame,https://api.ashbyhq.com/posting-api/job-board/sesame,https://api.ashbyhq.com/posting-api/job-board/sesame?includeCompensation=true,GET,listed_in_PDFtoWebsite_ashby_source,2026-09-21,ashby_board_tokens_1662.csv,https://github.com/vedangvatsa/PDFtoWebsite/blob/main/.github/scripts/jobs-sync.mjs,Imported from the user-provided board-token registry.
board,ashby,sevaro,sevaro,slug,https://jobs.ashbyhq.com/sevaro,https://api.ashbyhq.com/posting-api/job-board/sevaro,https://api.ashbyhq.com/posting-api/job-board/sevaro?includeCompensation=true,GET,listed_in_PDFtoWebsite_ashby_source,2026-09-21,ashby_board_tokens_1662.csv,https://github.com/vedangvatsa/PDFtoWebsite/blob/main/.github/scripts/jobs-sync.mjs,Imported from the user-provided board-token registry.
board,ashby,sevenai,sevenai,slug,https://jobs.ashbyhq.com/sevenai,https://api.ashbyhq.com/posting-api/job-board/sevenai,https://api.ashbyhq.com/posting-api/job-board/sevenai?includeCompensation=true,GET,listed_in_PDFtoWebsite_ashby_source,2026-09-21,ashby_board_tokens_1662.csv,https://github.com/vedangvatsa/PDFtoWebsite/blob/main/.github/scripts/jobs-sync.mjs,Imported from the user-provided board-token registry.
board,ashby,sfcompute,sfcompute,slug,https://jobs.ashbyhq.com/sfcompute,https://api.ashbyhq.com/posting-api/job-board/sfcompute,https://api.ashbyhq.com/posting-api/job-board/sfcompute?includeCompensation=true,GET,listed_in_PDFtoWebsite_ashby_source,2026-09-21,ashby_board_tokens_1662.csv,https://github.com/vedangvatsa/PDFtoWebsite/blob/main/.github/scripts/jobs-sync.mjs,Imported from the user-provided board-token registry.
board,ashby,shepherd,shepherd,slug,https://jobs.ashbyhq.com/shepherd,https://api.ashbyhq.com/posting-api/job-board/shepherd,https://api.ashbyhq.com/posting-api/job-board/shepherd?includeCompensation=true,GET,listed_in_PDFtoWebsite_ashby_source,2026-09-21,ashby_board_tokens_1662.csv,https://github.com/vedangvatsa/PDFtoWebsite/blob/main/.github/scripts/jobs-sync.mjs,Imported from the user-provided board-token registry.
board,ashby,shiftkey,shiftkey,slug,https://jobs.ashbyhq.com/shiftkey,https://api.ashbyhq.com/posting-api/job-board/shiftkey,https://api.ashbyhq.com/posting-api/job-board/shiftkey?includeCompensation=true,GET,listed_in_PDFtoWebsite_ashby_source,2026-09-21,ashby_board_tokens_1662.csv,https://github.com/vedangvatsa/PDFtoWebsite/blob/main/.github/scripts/jobs-sync.mjs,Imported from the user-provided board-token registry.
board,ashby,shortstory,shortstory,slug,https://jobs.ashbyhq.com/shortstory,https://api.ashbyhq.com/posting-api/job-board/shortstory,https://api.ashbyhq.com/posting-api/job-board/shortstory?includeCompensation=true,GET,listed_in_PDFtoWebsite_ashby_source,2026-09-21,ashby_board_tokens_1662.csv,https://github.com/vedangvatsa/PDFtoWebsite/blob/main/.github/scripts/jobs-sync.mjs,Imported from the user-provided board-token registry.
board,ashby,sibill,sibill,slug,https://jobs.ashbyhq.com/sibill,https://api.ashbyhq.com/posting-api/job-board/sibill,https://api.ashbyhq.com/posting-api/job-board/sibill?includeCompensation=true,GET,listed_in_PDFtoWebsite_ashby_source,2026-09-21,ashby_board_tokens_1662.csv,https://github.com/vedangvatsa/PDFtoWebsite/blob/main/.github/scripts/jobs-sync.mjs,Imported from the user-provided board-token registry.
board,ashby,siena,siena,slug,https://jobs.ashbyhq.com/siena,https://api.ashbyhq.com/posting-api/job-board/siena,https://api.ashbyhq.com/posting-api/job-board/siena?includeCompensation=true,GET,listed_in_PDFtoWebsite_ashby_source,2026-09-21,ashby_board_tokens_1662.csv,https://github.com/vedangvatsa/PDFtoWebsite/blob/main/.github/scripts/jobs-sync.mjs,Imported from the user-provided board-token registry.
board,ashby,sierra,sierra,slug,https://jobs.ashbyhq.com/sierra,https://api.ashbyhq.com/posting-api/job-board/sierra,https://api.ashbyhq.com/posting-api/job-board/sierra?includeCompensation=true,GET,listed_in_PDFtoWebsite_ashby_source,2026-09-21,ashby_board_tokens_1662.csv,https://github.com/vedangvatsa/PDFtoWebsite/blob/main/.github/scripts/jobs-sync.mjs,Imported from the user-provided board-token registry.
board,ashby,sierra-studio,sierra-studio,slug,https://jobs.ashbyhq.com/sierra-studio,https://api.ashbyhq.com/posting-api/job-board/sierra-studio,https://api.ashbyhq.com/posting-api/job-board/sierra-studio?includeCompensation=true,GET,listed_in_PDFtoWebsite_ashby_source,2026-09-21,ashby_board_tokens_1662.csv,https://github.com/vedangvatsa/PDFtoWebsite/blob/main/.github/scripts/jobs-sync.mjs,Imported from the user-provided board-token registry.
board,ashby,sieve,sieve,slug,https://jobs.ashbyhq.com/sieve,https://api.ashbyhq.com/posting-api/job-board/sieve,https://api.ashbyhq.com/posting-api/job-board/sieve?includeCompensation=true,GET,listed_in_PDFtoWebsite_ashby_source,2026-09-21,ashby_board_tokens_1662.csv,https://github.com/vedangvatsa/PDFtoWebsite/blob/main/.github/scripts/jobs-sync.mjs,Imported from the user-provided board-token registry.
board,ashby,siftstack,siftstack,slug,https://jobs.ashbyhq.com/siftstack,https://api.ashbyhq.com/posting-api/job-board/siftstack,https://api.ashbyhq.com/posting-api/job-board/siftstack?includeCompensation=true,GET,listed_in_PDFtoWebsite_ashby_source,2026-09-21,ashby_board_tokens_1662.csv,https://github.com/vedangvatsa/PDFtoWebsite/blob/main/.github/scripts/jobs-sync.mjs,Imported from the user-provided board-token registry.
board,ashby,signalwire,signalwire,slug,https://jobs.ashbyhq.com/signalwire,https://api.ashbyhq.com/posting-api/job-board/signalwire,https://api.ashbyhq.com/posting-api/job-board/signalwire?includeCompensation=true,GET,listed_in_PDFtoWebsite_ashby_source,2026-09-21,ashby_board_tokens_1662.csv,https://github.com/vedangvatsa/PDFtoWebsite/blob/main/.github/scripts/jobs-sync.mjs,Imported from the user-provided board-token registry.
board,ashby,signoz,signoz,slug,https://jobs.ashbyhq.com/signoz,https://api.ashbyhq.com/posting-api/job-board/signoz,https://api.ashbyhq.com/posting-api/job-board/signoz?includeCompensation=true,GET,listed_in_PDFtoWebsite_ashby_source,2026-09-21,ashby_board_tokens_1662.csv,https://github.com/vedangvatsa/PDFtoWebsite/blob/main/.github/scripts/jobs-sync.mjs,Imported from the user-provided board-token registry.
board,ashby,sigp,sigp,slug,https://jobs.ashbyhq.com/sigp,https://api.ashbyhq.com/posting-api/job-board/sigp,https://api.ashbyhq.com/posting-api/job-board/sigp?includeCompensation=true,GET,listed_in_PDFtoWebsite_ashby_source,2026-09-21,ashby_board_tokens_1662.csv,https://github.com/vedangvatsa/PDFtoWebsite/blob/main/.github/scripts/jobs-sync.mjs,Imported from the user-provided board-token registry.
board,ashby,silver,silver,slug,https://jobs.ashbyhq.com/silver,https://api.ashbyhq.com/posting-api/job-board/silver,https://api.ashbyhq.com/posting-api/job-board/silver?includeCompensation=true,GET,listed_in_PDFtoWebsite_ashby_source,2026-09-21,ashby_board_tokens_1662.csv,https://github.com/vedangvatsa/PDFtoWebsite/blob/main/.github/scripts/jobs-sync.mjs,Imported from the user-provided board-token registry.
board,ashby,sim,sim,slug,https://jobs.ashbyhq.com/sim,https://api.ashbyhq.com/posting-api/job-board/sim,https://api.ashbyhq.com/posting-api/job-board/sim?includeCompensation=true,GET,listed_in_PDFtoWebsite_ashby_source,2026-09-21,ashby_board_tokens_1662.csv,https://github.com/vedangvatsa/PDFtoWebsite/blob/main/.github/scripts/jobs-sync.mjs,Imported from the user-provided board-token registry.
board,ashby,simular,simular,slug,https://jobs.ashbyhq.com/simular,https://api.ashbyhq.com/posting-api/job-board/simular,https://api.ashbyhq.com/posting-api/job-board/simular?includeCompensation=true,GET,listed_in_PDFtoWebsite_ashby_source,2026-09-21,ashby_board_tokens_1662.csv,https://github.com/vedangvatsa/PDFtoWebsite/blob/main/.github/scripts/jobs-sync.mjs,Imported from the user-provided board-token registry.
board,ashby,siro,siro,slug,https://jobs.ashbyhq.com/siro,https://api.ashbyhq.com/posting-api/job-board/siro,https://api.ashbyhq.com/posting-api/job-board/siro?includeCompensation=true,GET,listed_in_PDFtoWebsite_ashby_source,2026-09-21,ashby_board_tokens_1662.csv,https://github.com/vedangvatsa/PDFtoWebsite/blob/main/.github/scripts/jobs-sync.mjs,Imported from the user-provided board-token registry.
board,ashby,sisu,sisu,slug,https://jobs.ashbyhq.com/sisu,https://api.ashbyhq.com/posting-api/job-board/sisu,https://api.ashbyhq.com/posting-api/job-board/sisu?includeCompensation=true,GET,listed_in_PDFtoWebsite_ashby_source,2026-09-21,ashby_board_tokens_1662.csv,https://github.com/vedangvatsa/PDFtoWebsite/blob/main/.github/scripts/jobs-sync.mjs,Imported from the user-provided board-token registry.
board,ashby,sitemate,sitemate,slug,https://jobs.ashbyhq.com/sitemate,https://api.ashbyhq.com/posting-api/job-board/sitemate,https://api.ashbyhq.com/posting-api/job-board/sitemate?includeCompensation=true,GET,listed_in_PDFtoWebsite_ashby_source,2026-09-21,ashby_board_tokens_1662.csv,https://github.com/vedangvatsa/PDFtoWebsite/blob/main/.github/scripts/jobs-sync.mjs,Imported from the user-provided board-token registry.
board,ashby,siteminder,siteminder,slug,https://jobs.ashbyhq.com/siteminder,https://api.ashbyhq.com/posting-api/job-board/siteminder,https://api.ashbyhq.com/posting-api/job-board/siteminder?includeCompensation=true,GET,listed_in_PDFtoWebsite_ashby_source,2026-09-21,ashby_board_tokens_1662.csv,https://github.com/vedangvatsa/PDFtoWebsite/blob/main/.github/scripts/jobs-sync.mjs,Imported from the user-provided board-token registry.
board,ashby,skimmer,skimmer,slug,https://jobs.ashbyhq.com/skimmer,https://api.ashbyhq.com/posting-api/job-board/skimmer,https://api.ashbyhq.com/posting-api/job-board/skimmer?includeCompensation=true,GET,listed_in_PDFtoWebsite_ashby_source,2026-09-21,ashby_board_tokens_1662.csv,https://github.com/vedangvatsa/PDFtoWebsite/blob/main/.github/scripts/jobs-sync.mjs,Imported from the user-provided board-token registry.
board,ashby,skip-loans,skip-loans,slug,https://jobs.ashbyhq.com/skip-loans,https://api.ashbyhq.com/posting-api/job-board/skip-loans,https://api.ashbyhq.com/posting-api/job-board/skip-loans?includeCompensation=true,GET,listed_in_PDFtoWebsite_ashby_source,2026-09-21,ashby_board_tokens_1662.csv,https://github.com/vedangvatsa/PDFtoWebsite/blob/main/.github/scripts/jobs-sync.mjs,Imported from the user-provided board-token registry.
board,ashby,skydio,skydio,slug,https://jobs.ashbyhq.com/skydio,https://api.ashbyhq.com/posting-api/job-board/skydio,https://api.ashbyhq.com/posting-api/job-board/skydio?includeCompensation=true,GET,listed_in_PDFtoWebsite_ashby_source,2026-09-21,ashby_board_tokens_1662.csv,https://github.com/vedangvatsa/PDFtoWebsite/blob/main/.github/scripts/jobs-sync.mjs,Imported from the user-provided board-token registry.
board,ashby,skymavis,skymavis,slug,https://jobs.ashbyhq.com/skymavis,https://api.ashbyhq.com/posting-api/job-board/skymavis,https://api.ashbyhq.com/posting-api/job-board/skymavis?includeCompensation=true,GET,listed_in_PDFtoWebsite_ashby_source,2026-09-21,ashby_board_tokens_1662.csv,https://github.com/vedangvatsa/PDFtoWebsite/blob/main/.github/scripts/jobs-sync.mjs,Imported from the user-provided board-token registry.
board,ashby,skynrg,skynrg,slug,https://jobs.ashbyhq.com/skynrg,https://api.ashbyhq.com/posting-api/job-board/skynrg,https://api.ashbyhq.com/posting-api/job-board/skynrg?includeCompensation=true,GET,listed_in_PDFtoWebsite_ashby_source,2026-09-21,ashby_board_tokens_1662.csv,https://github.com/vedangvatsa/PDFtoWebsite/blob/main/.github/scripts/jobs-sync.mjs,Imported from the user-provided board-token registry.
board,ashby,slant,slant,slug,https://jobs.ashbyhq.com/slant,https://api.ashbyhq.com/posting-api/job-board/slant,https://api.ashbyhq.com/posting-api/job-board/slant?includeCompensation=true,GET,listed_in_PDFtoWebsite_ashby_source,2026-09-21,ashby_board_tokens_1662.csv,https://github.com/vedangvatsa/PDFtoWebsite/blob/main/.github/scripts/jobs-sync.mjs,Imported from the user-provided board-token registry.
board,ashby,slash-financial,slash-financial,slug,https://jobs.ashbyhq.com/slash-financial,https://api.ashbyhq.com/posting-api/job-board/slash-financial,https://api.ashbyhq.com/posting-api/job-board/slash-financial?includeCompensation=true,GET,listed_in_PDFtoWebsite_ashby_source,2026-09-21,ashby_board_tokens_1662.csv,https://github.com/vedangvatsa/PDFtoWebsite/blob/main/.github/scripts/jobs-sync.mjs,Imported from the user-provided board-token registry.
board,ashby,sleeper,sleeper,slug,https://jobs.ashbyhq.com/sleeper,https://api.ashbyhq.com/posting-api/job-board/sleeper,https://api.ashbyhq.com/posting-api/job-board/sleeper?includeCompensation=true,GET,listed_in_PDFtoWebsite_ashby_source,2026-09-21,ashby_board_tokens_1662.csv,https://github.com/vedangvatsa/PDFtoWebsite/blob/main/.github/scripts/jobs-sync.mjs,Imported from the user-provided board-token registry.
board,ashby,slingshot-aerospace,slingshot-aerospace,slug,https://jobs.ashbyhq.com/slingshot-aerospace,https://api.ashbyhq.com/posting-api/job-board/slingshot-aerospace,https://api.ashbyhq.com/posting-api/job-board/slingshot-aerospace?includeCompensation=true,GET,listed_in_PDFtoWebsite_ashby_source,2026-09-21,ashby_board_tokens_1662.csv,https://github.com/vedangvatsa/PDFtoWebsite/blob/main/.github/scripts/jobs-sync.mjs,Imported from the user-provided board-token registry.
board,ashby,slingshotai,slingshotai,slug,https://jobs.ashbyhq.com/slingshotai,https://api.ashbyhq.com/posting-api/job-board/slingshotai,https://api.ashbyhq.com/posting-api/job-board/slingshotai?includeCompensation=true,GET,listed_in_PDFtoWebsite_ashby_source,2026-09-21,ashby_board_tokens_1662.csv,https://github.com/vedangvatsa/PDFtoWebsite/blob/main/.github/scripts/jobs-sync.mjs,Imported from the user-provided board-token registry.
board,ashby,slope,slope,slug,https://jobs.ashbyhq.com/slope,https://api.ashbyhq.com/posting-api/job-board/slope,https://api.ashbyhq.com/posting-api/job-board/slope?includeCompensation=true,GET,listed_in_PDFtoWebsite_ashby_source,2026-09-21,ashby_board_tokens_1662.csv,https://github.com/vedangvatsa/PDFtoWebsite/blob/main/.github/scripts/jobs-sync.mjs,Imported from the user-provided board-token registry.
board,ashby,smallest,smallest,slug,https://jobs.ashbyhq.com/smallest,https://api.ashbyhq.com/posting-api/job-board/smallest,https://api.ashbyhq.com/posting-api/job-board/smallest?includeCompensation=true,GET,listed_in_PDFtoWebsite_ashby_source,2026-09-21,ashby_board_tokens_1662.csv,https://github.com/vedangvatsa/PDFtoWebsite/blob/main/.github/scripts/jobs-sync.mjs,Imported from the user-provided board-token registry.
board,ashby,smalls,smalls,slug,https://jobs.ashbyhq.com/smalls,https://api.ashbyhq.com/posting-api/job-board/smalls,https://api.ashbyhq.com/posting-api/job-board/smalls?includeCompensation=true,GET,listed_in_PDFtoWebsite_ashby_source,2026-09-21,ashby_board_tokens_1662.csv,https://github.com/vedangvatsa/PDFtoWebsite/blob/main/.github/scripts/jobs-sync.mjs,Imported from the user-provided board-token registry.
board,ashby,smallstep,smallstep,slug,https://jobs.ashbyhq.com/smallstep,https://api.ashbyhq.com/posting-api/job-board/smallstep,https://api.ashbyhq.com/posting-api/job-board/smallstep?includeCompensation=true,GET,listed_in_PDFtoWebsite_ashby_source,2026-09-21,ashby_board_tokens_1662.csv,https://github.com/vedangvatsa/PDFtoWebsite/blob/main/.github/scripts/jobs-sync.mjs,Imported from the user-provided board-token registry.
board,ashby,smartleaf,smartleaf,slug,https://jobs.ashbyhq.com/smartleaf,https://api.ashbyhq.com/posting-api/job-board/smartleaf,https://api.ashbyhq.com/posting-api/job-board/smartleaf?includeCompensation=true,GET,listed_in_PDFtoWebsite_ashby_source,2026-09-21,ashby_board_tokens_1662.csv,https://github.com/vedangvatsa/PDFtoWebsite/blob/main/.github/scripts/jobs-sync.mjs,Imported from the user-provided board-token registry.
board,ashby,snappy,snappy,slug,https://jobs.ashbyhq.com/snappy,https://api.ashbyhq.com/posting-api/job-board/snappy,https://api.ashbyhq.com/posting-api/job-board/snappy?includeCompensation=true,GET,listed_in_PDFtoWebsite_ashby_source,2026-09-21,ashby_board_tokens_1662.csv,https://github.com/vedangvatsa/PDFtoWebsite/blob/main/.github/scripts/jobs-sync.mjs,Imported from the user-provided board-token registry.
board,ashby,snd,snd,slug,https://jobs.ashbyhq.com/snd,https://api.ashbyhq.com/posting-api/job-board/snd,https://api.ashbyhq.com/posting-api/job-board/snd?includeCompensation=true,GET,listed_in_PDFtoWebsite_ashby_source,2026-09-21,ashby_board_tokens_1662.csv,https://github.com/vedangvatsa/PDFtoWebsite/blob/main/.github/scripts/jobs-sync.mjs,Imported from the user-provided board-token registry.
board,ashby,snowball,snowball,slug,https://jobs.ashbyhq.com/snowball,https://api.ashbyhq.com/posting-api/job-board/snowball,https://api.ashbyhq.com/posting-api/job-board/snowball?includeCompensation=true,GET,listed_in_PDFtoWebsite_ashby_source,2026-09-21,ashby_board_tokens_1662.csv,https://github.com/vedangvatsa/PDFtoWebsite/blob/main/.github/scripts/jobs-sync.mjs,Imported from the user-provided board-token registry.
board,ashby,snowflake,snowflake,slug,https://jobs.ashbyhq.com/snowflake,https://api.ashbyhq.com/posting-api/job-board/snowflake,https://api.ashbyhq.com/posting-api/job-board/snowflake?includeCompensation=true,GET,listed_in_PDFtoWebsite_ashby_source,2026-09-21,ashby_board_tokens_1662.csv,https://github.com/vedangvatsa/PDFtoWebsite/blob/main/.github/scripts/jobs-sync.mjs,Imported from the user-provided board-token registry.
board,ashby,snyk,snyk,slug,https://jobs.ashbyhq.com/snyk,https://api.ashbyhq.com/posting-api/job-board/snyk,https://api.ashbyhq.com/posting-api/job-board/snyk?includeCompensation=true,GET,listed_in_PDFtoWebsite_ashby_source,2026-09-21,ashby_board_tokens_1662.csv,https://github.com/vedangvatsa/PDFtoWebsite/blob/main/.github/scripts/jobs-sync.mjs,Imported from the user-provided board-token registry.
board,ashby,sobek-ai,sobek-ai,slug,https://jobs.ashbyhq.com/sobek-ai,https://api.ashbyhq.com/posting-api/job-board/sobek-ai,https://api.ashbyhq.com/posting-api/job-board/sobek-ai?includeCompensation=true,GET,listed_in_PDFtoWebsite_ashby_source,2026-09-21,ashby_board_tokens_1662.csv,https://github.com/vedangvatsa/PDFtoWebsite/blob/main/.github/scripts/jobs-sync.mjs,Imported from the user-provided board-token registry.
board,ashby,socure,socure,slug,https://jobs.ashbyhq.com/socure,https://api.ashbyhq.com/posting-api/job-board/socure,https://api.ashbyhq.com/posting-api/job-board/socure?includeCompensation=true,GET,listed_in_PDFtoWebsite_ashby_source,2026-09-21,ashby_board_tokens_1662.csv,https://github.com/vedangvatsa/PDFtoWebsite/blob/main/.github/scripts/jobs-sync.mjs,Imported from the user-provided board-token registry.
board,ashby,softwarevision,softwarevision,slug,https://jobs.ashbyhq.com/softwarevision,https://api.ashbyhq.com/posting-api/job-board/softwarevision,https://api.ashbyhq.com/posting-api/job-board/softwarevision?includeCompensation=true,GET,listed_in_PDFtoWebsite_ashby_source,2026-09-21,ashby_board_tokens_1662.csv,https://github.com/vedangvatsa/PDFtoWebsite/blob/main/.github/scripts/jobs-sync.mjs,Imported from the user-provided board-token registry.
board,ashby,sola,sola,slug,https://jobs.ashbyhq.com/sola,https://api.ashbyhq.com/posting-api/job-board/sola,https://api.ashbyhq.com/posting-api/job-board/sola?includeCompensation=true,GET,listed_in_PDFtoWebsite_ashby_source,2026-09-21,ashby_board_tokens_1662.csv,https://github.com/vedangvatsa/PDFtoWebsite/blob/main/.github/scripts/jobs-sync.mjs,Imported from the user-provided board-token registry.
board,ashby,solace,solace,slug,https://jobs.ashbyhq.com/solace,https://api.ashbyhq.com/posting-api/job-board/solace,https://api.ashbyhq.com/posting-api/job-board/solace?includeCompensation=true,GET,listed_in_PDFtoWebsite_ashby_source,2026-09-21,ashby_board_tokens_1662.csv,https://github.com/vedangvatsa/PDFtoWebsite/blob/main/.github/scripts/jobs-sync.mjs,Imported from the user-provided board-token registry.
board,ashby,solanalabs,solanalabs,slug,https://jobs.ashbyhq.com/solanalabs,https://api.ashbyhq.com/posting-api/job-board/solanalabs,https://api.ashbyhq.com/posting-api/job-board/solanalabs?includeCompensation=true,GET,listed_in_PDFtoWebsite_ashby_source,2026-09-21,ashby_board_tokens_1662.csv,https://github.com/vedangvatsa/PDFtoWebsite/blob/main/.github/scripts/jobs-sync.mjs,Imported from the user-provided board-token registry.
board,ashby,solstice,solstice,slug,https://jobs.ashbyhq.com/solstice,https://api.ashbyhq.com/posting-api/job-board/solstice,https://api.ashbyhq.com/posting-api/job-board/solstice?includeCompensation=true,GET,listed_in_PDFtoWebsite_ashby_source,2026-09-21,ashby_board_tokens_1662.csv,https://github.com/vedangvatsa/PDFtoWebsite/blob/main/.github/scripts/jobs-sync.mjs,Imported from the user-provided board-token registry.
board,ashby,somethings,somethings,slug,https://jobs.ashbyhq.com/somethings,https://api.ashbyhq.com/posting-api/job-board/somethings,https://api.ashbyhq.com/posting-api/job-board/somethings?includeCompensation=true,GET,listed_in_PDFtoWebsite_ashby_source,2026-09-21,ashby_board_tokens_1662.csv,https://github.com/vedangvatsa/PDFtoWebsite/blob/main/.github/scripts/jobs-sync.mjs,Imported from the user-provided board-token registry.
board,ashby,somnia,somnia,slug,https://jobs.ashbyhq.com/somnia,https://api.ashbyhq.com/posting-api/job-board/somnia,https://api.ashbyhq.com/posting-api/job-board/somnia?includeCompensation=true,GET,listed_in_PDFtoWebsite_ashby_source,2026-09-21,ashby_board_tokens_1662.csv,https://github.com/vedangvatsa/PDFtoWebsite/blob/main/.github/scripts/jobs-sync.mjs,Imported from the user-provided board-token registry.
board,ashby,sondermind,sondermind,slug,https://jobs.ashbyhq.com/sondermind,https://api.ashbyhq.com/posting-api/job-board/sondermind,https://api.ashbyhq.com/posting-api/job-board/sondermind?includeCompensation=true,GET,listed_in_PDFtoWebsite_ashby_source,2026-09-21,ashby_board_tokens_1662.csv,https://github.com/vedangvatsa/PDFtoWebsite/blob/main/.github/scripts/jobs-sync.mjs,Imported from the user-provided board-token registry.
board,ashby,sonio,sonio,slug,https://jobs.ashbyhq.com/sonio,https://api.ashbyhq.com/posting-api/job-board/sonio,https://api.ashbyhq.com/posting-api/job-board/sonio?includeCompensation=true,GET,listed_in_PDFtoWebsite_ashby_source,2026-09-21,ashby_board_tokens_1662.csv,https://github.com/vedangvatsa/PDFtoWebsite/blob/main/.github/scripts/jobs-sync.mjs,Imported from the user-provided board-token registry.
board,ashby,sorare,sorare,slug,https://jobs.ashbyhq.com/sorare,https://api.ashbyhq.com/posting-api/job-board/sorare,https://api.ashbyhq.com/posting-api/job-board/sorare?includeCompensation=true,GET,listed_in_PDFtoWebsite_ashby_source,2026-09-21,ashby_board_tokens_1662.csv,https://github.com/vedangvatsa/PDFtoWebsite/blob/main/.github/scripts/jobs-sync.mjs,Imported from the user-provided board-token registry.
board,ashby,sourcegraph,sourcegraph,slug,https://jobs.ashbyhq.com/sourcegraph,https://api.ashbyhq.com/posting-api/job-board/sourcegraph,https://api.ashbyhq.com/posting-api/job-board/sourcegraph?includeCompensation=true,GET,listed_in_PDFtoWebsite_alt_ashby_source,2026-09-21,ashby_board_tokens_1662.csv,https://github.com/vedangvatsa/PDFtoWebsite/blob/main/run-cj.mjs,Imported from the user-provided board-token registry.
board,ashby,sourgum,sourgum,slug,https://jobs.ashbyhq.com/sourgum,https://api.ashbyhq.com/posting-api/job-board/sourgum,https://api.ashbyhq.com/posting-api/job-board/sourgum?includeCompensation=true,GET,listed_in_PDFtoWebsite_ashby_source,2026-09-21,ashby_board_tokens_1662.csv,https://github.com/vedangvatsa/PDFtoWebsite/blob/main/.github/scripts/jobs-sync.mjs,Imported from the user-provided board-token registry.
board,ashby,span,span,slug,https://jobs.ashbyhq.com/span,https://api.ashbyhq.com/posting-api/job-board/span,https://api.ashbyhq.com/posting-api/job-board/span?includeCompensation=true,GET,listed_in_PDFtoWebsite_ashby_source,2026-09-21,ashby_board_tokens_1662.csv,https://github.com/vedangvatsa/PDFtoWebsite/blob/main/.github/scripts/jobs-sync.mjs,Imported from the user-provided board-token registry.
board,ashby,span.app,span.app,slug,https://jobs.ashbyhq.com/span.app,https://api.ashbyhq.com/posting-api/job-board/span.app,https://api.ashbyhq.com/posting-api/job-board/span.app?includeCompensation=true,GET,listed_in_PDFtoWebsite_ashby_source,2026-09-21,ashby_board_tokens_1662.csv,https://github.com/vedangvatsa/PDFtoWebsite/blob/main/.github/scripts/jobs-sync.mjs,Imported from the user-provided board-token registry.
board,ashby,spare,spare,slug,https://jobs.ashbyhq.com/spare,https://api.ashbyhq.com/posting-api/job-board/spare,https://api.ashbyhq.com/posting-api/job-board/spare?includeCompensation=true,GET,listed_in_PDFtoWebsite_ashby_source,2026-09-21,ashby_board_tokens_1662.csv,https://github.com/vedangvatsa/PDFtoWebsite/blob/main/.github/scripts/jobs-sync.mjs,Imported from the user-provided board-token registry.
board,ashby,speak,speak,slug,https://jobs.ashbyhq.com/speak,https://api.ashbyhq.com/posting-api/job-board/speak,https://api.ashbyhq.com/posting-api/job-board/speak?includeCompensation=true,GET,listed_in_PDFtoWebsite_ashby_source,2026-09-21,ashby_board_tokens_1662.csv,https://github.com/vedangvatsa/PDFtoWebsite/blob/main/.github/scripts/jobs-sync.mjs,Imported from the user-provided board-token registry.
board,ashby,speakeasy,speakeasy,slug,https://jobs.ashbyhq.com/speakeasy,https://api.ashbyhq.com/posting-api/job-board/speakeasy,https://api.ashbyhq.com/posting-api/job-board/speakeasy?includeCompensation=true,GET,listed_in_PDFtoWebsite_ashby_source,2026-09-21,ashby_board_tokens_1662.csv,https://github.com/vedangvatsa/PDFtoWebsite/blob/main/.github/scripts/jobs-sync.mjs,Imported from the user-provided board-token registry.
board,ashby,spear-ai,spear-ai,slug,https://jobs.ashbyhq.com/spear-ai,https://api.ashbyhq.com/posting-api/job-board/spear-ai,https://api.ashbyhq.com/posting-api/job-board/spear-ai?includeCompensation=true,GET,listed_in_PDFtoWebsite_ashby_source,2026-09-21,ashby_board_tokens_1662.csv,https://github.com/vedangvatsa/PDFtoWebsite/blob/main/.github/scripts/jobs-sync.mjs,Imported from the user-provided board-token registry.
board,ashby,spearbio,spearbio,slug,https://jobs.ashbyhq.com/spearbio,https://api.ashbyhq.com/posting-api/job-board/spearbio,https://api.ashbyhq.com/posting-api/job-board/spearbio?includeCompensation=true,GET,listed_in_PDFtoWebsite_ashby_source,2026-09-21,ashby_board_tokens_1662.csv,https://github.com/vedangvatsa/PDFtoWebsite/blob/main/.github/scripts/jobs-sync.mjs,Imported from the user-provided board-token registry.
board,ashby,specter,specter,slug,https://jobs.ashbyhq.com/specter,https://api.ashbyhq.com/posting-api/job-board/specter,https://api.ashbyhq.com/posting-api/job-board/specter?includeCompensation=true,GET,listed_in_PDFtoWebsite_ashby_source,2026-09-21,ashby_board_tokens_1662.csv,https://github.com/vedangvatsa/PDFtoWebsite/blob/main/.github/scripts/jobs-sync.mjs,Imported from the user-provided board-token registry.
board,ashby,spexi,spexi,slug,https://jobs.ashbyhq.com/spexi,https://api.ashbyhq.com/posting-api/job-board/spexi,https://api.ashbyhq.com/posting-api/job-board/spexi?includeCompensation=true,GET,listed_in_PDFtoWebsite_ashby_source,2026-09-21,ashby_board_tokens_1662.csv,https://github.com/vedangvatsa/PDFtoWebsite/blob/main/.github/scripts/jobs-sync.mjs,Imported from the user-provided board-token registry.
board,ashby,spherical,spherical,slug,https://jobs.ashbyhq.com/spherical,https://api.ashbyhq.com/posting-api/job-board/spherical,https://api.ashbyhq.com/posting-api/job-board/spherical?includeCompensation=true,GET,listed_in_PDFtoWebsite_ashby_source,2026-09-21,ashby_board_tokens_1662.csv,https://github.com/vedangvatsa/PDFtoWebsite/blob/main/.github/scripts/jobs-sync.mjs,Imported from the user-provided board-token registry.
board,ashby,spiral,spiral,slug,https://jobs.ashbyhq.com/spiral,https://api.ashbyhq.com/posting-api/job-board/spiral,https://api.ashbyhq.com/posting-api/job-board/spiral?includeCompensation=true,GET,listed_in_PDFtoWebsite_ashby_source,2026-09-21,ashby_board_tokens_1662.csv,https://github.com/vedangvatsa/PDFtoWebsite/blob/main/.github/scripts/jobs-sync.mjs,Imported from the user-provided board-token registry.
board,ashby,splose,splose,slug,https://jobs.ashbyhq.com/splose,https://api.ashbyhq.com/posting-api/job-board/splose,https://api.ashbyhq.com/posting-api/job-board/splose?includeCompensation=true,GET,listed_in_PDFtoWebsite_ashby_source,2026-09-21,ashby_board_tokens_1662.csv,https://github.com/vedangvatsa/PDFtoWebsite/blob/main/.github/scripts/jobs-sync.mjs,Imported from the user-provided board-token registry.
board,ashby,spotdraft,spotdraft,slug,https://jobs.ashbyhq.com/spotdraft,https://api.ashbyhq.com/posting-api/job-board/spotdraft,https://api.ashbyhq.com/posting-api/job-board/spotdraft?includeCompensation=true,GET,listed_in_PDFtoWebsite_ashby_source,2026-09-21,ashby_board_tokens_1662.csv,https://github.com/vedangvatsa/PDFtoWebsite/blob/main/.github/scripts/jobs-sync.mjs,Imported from the user-provided board-token registry.
board,ashby,sprinter-health,sprinter-health,slug,https://jobs.ashbyhq.com/sprinter-health,https://api.ashbyhq.com/posting-api/job-board/sprinter-health,https://api.ashbyhq.com/posting-api/job-board/sprinter-health?includeCompensation=true,GET,listed_in_PDFtoWebsite_ashby_source,2026-09-21,ashby_board_tokens_1662.csv,https://github.com/vedangvatsa/PDFtoWebsite/blob/main/.github/scripts/jobs-sync.mjs,Imported from the user-provided board-token registry.
board,ashby,squad,squad,slug,https://jobs.ashbyhq.com/squad,https://api.ashbyhq.com/posting-api/job-board/squad,https://api.ashbyhq.com/posting-api/job-board/squad?includeCompensation=true,GET,listed_in_PDFtoWebsite_ashby_source,2026-09-21,ashby_board_tokens_1662.csv,https://github.com/vedangvatsa/PDFtoWebsite/blob/main/.github/scripts/jobs-sync.mjs,Imported from the user-provided board-token registry.
board,ashby,squads,squads,slug,https://jobs.ashbyhq.com/squads,https://api.ashbyhq.com/posting-api/job-board/squads,https://api.ashbyhq.com/posting-api/job-board/squads?includeCompensation=true,GET,listed_in_PDFtoWebsite_ashby_source,2026-09-21,ashby_board_tokens_1662.csv,https://github.com/vedangvatsa/PDFtoWebsite/blob/main/.github/scripts/jobs-sync.mjs,Imported from the user-provided board-token registry.
board,ashby,squint.ai,squint.ai,slug,https://jobs.ashbyhq.com/squint.ai,https://api.ashbyhq.com/posting-api/job-board/squint.ai,https://api.ashbyhq.com/posting-api/job-board/squint.ai?includeCompensation=true,GET,listed_in_PDFtoWebsite_ashby_source,2026-09-21,ashby_board_tokens_1662.csv,https://github.com/vedangvatsa/PDFtoWebsite/blob/main/.github/scripts/jobs-sync.mjs,Imported from the user-provided board-token registry.
board,ashby,ssi,ssi,slug,https://jobs.ashbyhq.com/ssi,https://api.ashbyhq.com/posting-api/job-board/ssi,https://api.ashbyhq.com/posting-api/job-board/ssi?includeCompensation=true,GET,listed_in_PDFtoWebsite_ashby_source,2026-09-21,ashby_board_tokens_1662.csv,https://github.com/vedangvatsa/PDFtoWebsite/blob/main/.github/scripts/jobs-sync.mjs,Imported from the user-provided board-token registry.
board,ashby,st-labs,st-labs,slug,https://jobs.ashbyhq.com/st-labs,https://api.ashbyhq.com/posting-api/job-board/st-labs,https://api.ashbyhq.com/posting-api/job-board/st-labs?includeCompensation=true,GET,listed_in_PDFtoWebsite_ashby_source,2026-09-21,ashby_board_tokens_1662.csv,https://github.com/vedangvatsa/PDFtoWebsite/blob/main/.github/scripts/jobs-sync.mjs,Imported from the user-provided board-token registry.
board,ashby,stable,stable,slug,https://jobs.ashbyhq.com/stable,https://api.ashbyhq.com/posting-api/job-board/stable,https://api.ashbyhq.com/posting-api/job-board/stable?includeCompensation=true,GET,listed_in_PDFtoWebsite_ashby_source,2026-09-21,ashby_board_tokens_1662.csv,https://github.com/vedangvatsa/PDFtoWebsite/blob/main/.github/scripts/jobs-sync.mjs,Imported from the user-provided board-token registry.
board,ashby,stacker,stacker,slug,https://jobs.ashbyhq.com/stacker,https://api.ashbyhq.com/posting-api/job-board/stacker,https://api.ashbyhq.com/posting-api/job-board/stacker?includeCompensation=true,GET,listed_in_PDFtoWebsite_ashby_source,2026-09-21,ashby_board_tokens_1662.csv,https://github.com/vedangvatsa/PDFtoWebsite/blob/main/.github/scripts/jobs-sync.mjs,Imported from the user-provided board-token registry.
board,ashby,stackone,stackone,slug,https://jobs.ashbyhq.com/stackone,https://api.ashbyhq.com/posting-api/job-board/stackone,https://api.ashbyhq.com/posting-api/job-board/stackone?includeCompensation=true,GET,listed_in_PDFtoWebsite_ashby_source,2026-09-21,ashby_board_tokens_1662.csv,https://github.com/vedangvatsa/PDFtoWebsite/blob/main/.github/scripts/jobs-sync.mjs,Imported from the user-provided board-token registry.
board,ashby,stainlessapi,stainlessapi,slug,https://jobs.ashbyhq.com/stainlessapi,https://api.ashbyhq.com/posting-api/job-board/stainlessapi,https://api.ashbyhq.com/posting-api/job-board/stainlessapi?includeCompensation=true,GET,listed_in_PDFtoWebsite_ashby_source,2026-09-21,ashby_board_tokens_1662.csv,https://github.com/vedangvatsa/PDFtoWebsite/blob/main/.github/scripts/jobs-sync.mjs,Imported from the user-provided board-token registry.
board,ashby,standardfleet,standardfleet,slug,https://jobs.ashbyhq.com/standardfleet,https://api.ashbyhq.com/posting-api/job-board/standardfleet,https://api.ashbyhq.com/posting-api/job-board/standardfleet?includeCompensation=true,GET,listed_in_PDFtoWebsite_ashby_source,2026-09-21,ashby_board_tokens_1662.csv,https://github.com/vedangvatsa/PDFtoWebsite/blob/main/.github/scripts/jobs-sync.mjs,Imported from the user-provided board-token registry.
board,ashby,starbridge,starbridge,slug,https://jobs.ashbyhq.com/starbridge,https://api.ashbyhq.com/posting-api/job-board/starbridge,https://api.ashbyhq.com/posting-api/job-board/starbridge?includeCompensation=true,GET,listed_in_PDFtoWebsite_ashby_source,2026-09-21,ashby_board_tokens_1662.csv,https://github.com/vedangvatsa/PDFtoWebsite/blob/main/.github/scripts/jobs-sync.mjs,Imported from the user-provided board-token registry.
board,ashby,starpath.space,starpath.space,slug,https://jobs.ashbyhq.com/starpath.space,https://api.ashbyhq.com/posting-api/job-board/starpath.space,https://api.ashbyhq.com/posting-api/job-board/starpath.space?includeCompensation=true,GET,listed_in_PDFtoWebsite_ashby_source,2026-09-21,ashby_board_tokens_1662.csv,https://github.com/vedangvatsa/PDFtoWebsite/blob/main/.github/scripts/jobs-sync.mjs,Imported from the user-provided board-token registry.
board,ashby,startvim,startvim,slug,https://jobs.ashbyhq.com/startvim,https://api.ashbyhq.com/posting-api/job-board/startvim,https://api.ashbyhq.com/posting-api/job-board/startvim?includeCompensation=true,GET,listed_in_PDFtoWebsite_ashby_source,2026-09-21,ashby_board_tokens_1662.csv,https://github.com/vedangvatsa/PDFtoWebsite/blob/main/.github/scripts/jobs-sync.mjs,Imported from the user-provided board-token registry.
board,ashby,stash,stash,slug,https://jobs.ashbyhq.com/stash,https://api.ashbyhq.com/posting-api/job-board/stash,https://api.ashbyhq.com/posting-api/job-board/stash?includeCompensation=true,GET,listed_in_PDFtoWebsite_ashby_source,2026-09-21,ashby_board_tokens_1662.csv,https://github.com/vedangvatsa/PDFtoWebsite/blob/main/.github/scripts/jobs-sync.mjs,Imported from the user-provided board-token registry.
board,ashby,statista,statista,slug,https://jobs.ashbyhq.com/statista,https://api.ashbyhq.com/posting-api/job-board/statista,https://api.ashbyhq.com/posting-api/job-board/statista?includeCompensation=true,GET,listed_in_PDFtoWebsite_ashby_source,2026-09-21,ashby_board_tokens_1662.csv,https://github.com/vedangvatsa/PDFtoWebsite/blob/main/.github/scripts/jobs-sync.mjs,Imported from the user-provided board-token registry.
board,ashby,statsig,statsig,slug,https://jobs.ashbyhq.com/statsig,https://api.ashbyhq.com/posting-api/job-board/statsig,https://api.ashbyhq.com/posting-api/job-board/statsig?includeCompensation=true,GET,listed_in_PDFtoWebsite_ashby_source,2026-09-21,ashby_board_tokens_1662.csv,https://github.com/vedangvatsa/PDFtoWebsite/blob/main/.github/scripts/jobs-sync.mjs,Imported from the user-provided board-token registry.
board,ashby,stay22,stay22,slug,https://jobs.ashbyhq.com/stay22,https://api.ashbyhq.com/posting-api/job-board/stay22,https://api.ashbyhq.com/posting-api/job-board/stay22?includeCompensation=true,GET,listed_in_PDFtoWebsite_ashby_source,2026-09-21,ashby_board_tokens_1662.csv,https://github.com/vedangvatsa/PDFtoWebsite/blob/main/.github/scripts/jobs-sync.mjs,Imported from the user-provided board-token registry.
board,ashby,stayai,stayai,slug,https://jobs.ashbyhq.com/stayai,https://api.ashbyhq.com/posting-api/job-board/stayai,https://api.ashbyhq.com/posting-api/job-board/stayai?includeCompensation=true,GET,listed_in_PDFtoWebsite_ashby_source,2026-09-21,ashby_board_tokens_1662.csv,https://github.com/vedangvatsa/PDFtoWebsite/blob/main/.github/scripts/jobs-sync.mjs,Imported from the user-provided board-token registry.
board,ashby,staycation,staycation,slug,https://jobs.ashbyhq.com/staycation,https://api.ashbyhq.com/posting-api/job-board/staycation,https://api.ashbyhq.com/posting-api/job-board/staycation?includeCompensation=true,GET,listed_in_PDFtoWebsite_ashby_source,2026-09-21,ashby_board_tokens_1662.csv,https://github.com/vedangvatsa/PDFtoWebsite/blob/main/.github/scripts/jobs-sync.mjs,Imported from the user-provided board-token registry.
board,ashby,steel,steel,slug,https://jobs.ashbyhq.com/steel,https://api.ashbyhq.com/posting-api/job-board/steel,https://api.ashbyhq.com/posting-api/job-board/steel?includeCompensation=true,GET,listed_in_PDFtoWebsite_ashby_source,2026-09-21,ashby_board_tokens_1662.csv,https://github.com/vedangvatsa/PDFtoWebsite/blob/main/.github/scripts/jobs-sync.mjs,Imported from the user-provided board-token registry.
board,ashby,stellar,stellar,slug,https://jobs.ashbyhq.com/stellar,https://api.ashbyhq.com/posting-api/job-board/stellar,https://api.ashbyhq.com/posting-api/job-board/stellar?includeCompensation=true,GET,listed_in_PDFtoWebsite_ashby_source,2026-09-21,ashby_board_tokens_1662.csv,https://github.com/vedangvatsa/PDFtoWebsite/blob/main/.github/scripts/jobs-sync.mjs,Imported from the user-provided board-token registry.
board,ashby,stellar-health,stellar-health,slug,https://jobs.ashbyhq.com/stellar-health,https://api.ashbyhq.com/posting-api/job-board/stellar-health,https://api.ashbyhq.com/posting-api/job-board/stellar-health?includeCompensation=true,GET,listed_in_PDFtoWebsite_ashby_source,2026-09-21,ashby_board_tokens_1662.csv,https://github.com/vedangvatsa/PDFtoWebsite/blob/main/.github/scripts/jobs-sync.mjs,Imported from the user-provided board-token registry.
board,ashby,stepful,stepful,slug,https://jobs.ashbyhq.com/stepful,https://api.ashbyhq.com/posting-api/job-board/stepful,https://api.ashbyhq.com/posting-api/job-board/stepful?includeCompensation=true,GET,listed_in_PDFtoWebsite_ashby_source,2026-09-21,ashby_board_tokens_1662.csv,https://github.com/vedangvatsa/PDFtoWebsite/blob/main/.github/scripts/jobs-sync.mjs,Imported from the user-provided board-token registry.
board,ashby,stickermule,stickermule,slug,https://jobs.ashbyhq.com/stickermule,https://api.ashbyhq.com/posting-api/job-board/stickermule,https://api.ashbyhq.com/posting-api/job-board/stickermule?includeCompensation=true,GET,listed_in_PDFtoWebsite_ashby_source,2026-09-21,ashby_board_tokens_1662.csv,https://github.com/vedangvatsa/PDFtoWebsite/blob/main/.github/scripts/jobs-sync.mjs,Imported from the user-provided board-token registry.
board,ashby,strategic-growth-partners,strategic-growth-partners,slug,https://jobs.ashbyhq.com/strategic-growth-partners,https://api.ashbyhq.com/posting-api/job-board/strategic-growth-partners,https://api.ashbyhq.com/posting-api/job-board/strategic-growth-partners?includeCompensation=true,GET,listed_in_PDFtoWebsite_ashby_source,2026-09-21,ashby_board_tokens_1662.csv,https://github.com/vedangvatsa/PDFtoWebsite/blob/main/.github/scripts/jobs-sync.mjs,Imported from the user-provided board-token registry.
board,ashby,strava,strava,slug,https://jobs.ashbyhq.com/strava,https://api.ashbyhq.com/posting-api/job-board/strava,https://api.ashbyhq.com/posting-api/job-board/strava?includeCompensation=true,GET,listed_in_PDFtoWebsite_ashby_source,2026-09-21,ashby_board_tokens_1662.csv,https://github.com/vedangvatsa/PDFtoWebsite/blob/main/.github/scripts/jobs-sync.mjs,Imported from the user-provided board-token registry.
board,ashby,stream,stream,slug,https://jobs.ashbyhq.com/stream,https://api.ashbyhq.com/posting-api/job-board/stream,https://api.ashbyhq.com/posting-api/job-board/stream?includeCompensation=true,GET,listed_in_PDFtoWebsite_ashby_source,2026-09-21,ashby_board_tokens_1662.csv,https://github.com/vedangvatsa/PDFtoWebsite/blob/main/.github/scripts/jobs-sync.mjs,Imported from the user-provided board-token registry.
board,ashby,streetgroup,streetgroup,slug,https://jobs.ashbyhq.com/streetgroup,https://api.ashbyhq.com/posting-api/job-board/streetgroup,https://api.ashbyhq.com/posting-api/job-board/streetgroup?includeCompensation=true,GET,listed_in_PDFtoWebsite_ashby_source,2026-09-21,ashby_board_tokens_1662.csv,https://github.com/vedangvatsa/PDFtoWebsite/blob/main/.github/scripts/jobs-sync.mjs,Imported from the user-provided board-token registry.
board,ashby,strongdm,strongdm,slug,https://jobs.ashbyhq.com/strongdm,https://api.ashbyhq.com/posting-api/job-board/strongdm,https://api.ashbyhq.com/posting-api/job-board/strongdm?includeCompensation=true,GET,listed_in_PDFtoWebsite_ashby_source,2026-09-21,ashby_board_tokens_1662.csv,https://github.com/vedangvatsa/PDFtoWebsite/blob/main/.github/scripts/jobs-sync.mjs,Imported from the user-provided board-token registry.
board,ashby,stronghold,stronghold,slug,https://jobs.ashbyhq.com/stronghold,https://api.ashbyhq.com/posting-api/job-board/stronghold,https://api.ashbyhq.com/posting-api/job-board/stronghold?includeCompensation=true,GET,listed_in_PDFtoWebsite_ashby_source,2026-09-21,ashby_board_tokens_1662.csv,https://github.com/vedangvatsa/PDFtoWebsite/blob/main/.github/scripts/jobs-sync.mjs,Imported from the user-provided board-token registry.
board,ashby,stuut-ai,stuut-ai,slug,https://jobs.ashbyhq.com/stuut-ai,https://api.ashbyhq.com/posting-api/job-board/stuut-ai,https://api.ashbyhq.com/posting-api/job-board/stuut-ai?includeCompensation=true,GET,listed_in_PDFtoWebsite_ashby_source,2026-09-21,ashby_board_tokens_1662.csv,https://github.com/vedangvatsa/PDFtoWebsite/blob/main/.github/scripts/jobs-sync.mjs,Imported from the user-provided board-token registry.
board,ashby,stytch,stytch,slug,https://jobs.ashbyhq.com/stytch,https://api.ashbyhq.com/posting-api/job-board/stytch,https://api.ashbyhq.com/posting-api/job-board/stytch?includeCompensation=true,GET,listed_in_PDFtoWebsite_ashby_source,2026-09-21,ashby_board_tokens_1662.csv,https://github.com/vedangvatsa/PDFtoWebsite/blob/main/.github/scripts/jobs-sync.mjs,Imported from the user-provided board-token registry.
board,ashby,substack,substack,slug,https://jobs.ashbyhq.com/substack,https://api.ashbyhq.com/posting-api/job-board/substack,https://api.ashbyhq.com/posting-api/job-board/substack?includeCompensation=true,GET,listed_in_PDFtoWebsite_ashby_source,2026-09-21,ashby_board_tokens_1662.csv,https://github.com/vedangvatsa/PDFtoWebsite/blob/main/.github/scripts/jobs-sync.mjs,Imported from the user-provided board-token registry.
board,ashby,subzero,subzero,slug,https://jobs.ashbyhq.com/subzero,https://api.ashbyhq.com/posting-api/job-board/subzero,https://api.ashbyhq.com/posting-api/job-board/subzero?includeCompensation=true,GET,listed_in_PDFtoWebsite_ashby_source,2026-09-21,ashby_board_tokens_1662.csv,https://github.com/vedangvatsa/PDFtoWebsite/blob/main/.github/scripts/jobs-sync.mjs,Imported from the user-provided board-token registry.
board,ashby,succinct,succinct,slug,https://jobs.ashbyhq.com/succinct,https://api.ashbyhq.com/posting-api/job-board/succinct,https://api.ashbyhq.com/posting-api/job-board/succinct?includeCompensation=true,GET,listed_in_PDFtoWebsite_ashby_source,2026-09-21,ashby_board_tokens_1662.csv,https://github.com/vedangvatsa/PDFtoWebsite/blob/main/.github/scripts/jobs-sync.mjs,Imported from the user-provided board-token registry.
board,ashby,suite-studios,suite-studios,slug,https://jobs.ashbyhq.com/suite-studios,https://api.ashbyhq.com/posting-api/job-board/suite-studios,https://api.ashbyhq.com/posting-api/job-board/suite-studios?includeCompensation=true,GET,listed_in_PDFtoWebsite_ashby_source,2026-09-21,ashby_board_tokens_1662.csv,https://github.com/vedangvatsa/PDFtoWebsite/blob/main/.github/scripts/jobs-sync.mjs,Imported from the user-provided board-token registry.
board,ashby,sully-ai,sully-ai,slug,https://jobs.ashbyhq.com/sully-ai,https://api.ashbyhq.com/posting-api/job-board/sully-ai,https://api.ashbyhq.com/posting-api/job-board/sully-ai?includeCompensation=true,GET,listed_in_PDFtoWebsite_alt_ashby_source,2026-09-21,ashby_board_tokens_1662.csv,https://github.com/vedangvatsa/PDFtoWebsite/blob/main/run-cj.mjs,Imported from the user-provided board-token registry.
board,ashby,sunday,sunday,slug,https://jobs.ashbyhq.com/sunday,https://api.ashbyhq.com/posting-api/job-board/sunday,https://api.ashbyhq.com/posting-api/job-board/sunday?includeCompensation=true,GET,listed_in_PDFtoWebsite_ashby_source,2026-09-21,ashby_board_tokens_1662.csv,https://github.com/vedangvatsa/PDFtoWebsite/blob/main/.github/scripts/jobs-sync.mjs,Imported from the user-provided board-token registry.
board,ashby,sunflower-sober,sunflower-sober,slug,https://jobs.ashbyhq.com/sunflower-sober,https://api.ashbyhq.com/posting-api/job-board/sunflower-sober,https://api.ashbyhq.com/posting-api/job-board/sunflower-sober?includeCompensation=true,GET,listed_in_PDFtoWebsite_ashby_source,2026-09-21,ashby_board_tokens_1662.csv,https://github.com/vedangvatsa/PDFtoWebsite/blob/main/.github/scripts/jobs-sync.mjs,Imported from the user-provided board-token registry.
board,ashby,suno,suno,slug,https://jobs.ashbyhq.com/suno,https://api.ashbyhq.com/posting-api/job-board/suno,https://api.ashbyhq.com/posting-api/job-board/suno?includeCompensation=true,GET,listed_in_PDFtoWebsite_ashby_source,2026-09-21,ashby_board_tokens_1662.csv,https://github.com/vedangvatsa/PDFtoWebsite/blob/main/.github/scripts/jobs-sync.mjs,Imported from the user-provided board-token registry.
board,ashby,supabase,supabase,slug,https://jobs.ashbyhq.com/supabase,https://api.ashbyhq.com/posting-api/job-board/supabase,https://api.ashbyhq.com/posting-api/job-board/supabase?includeCompensation=true,GET,listed_in_PDFtoWebsite_ashby_source,2026-09-21,ashby_board_tokens_1662.csv,https://github.com/vedangvatsa/PDFtoWebsite/blob/main/.github/scripts/jobs-sync.mjs,Imported from the user-provided board-token registry.
board,ashby,super.com,super.com,slug,https://jobs.ashbyhq.com/super.com,https://api.ashbyhq.com/posting-api/job-board/super.com,https://api.ashbyhq.com/posting-api/job-board/super.com?includeCompensation=true,GET,listed_in_PDFtoWebsite_ashby_source,2026-09-21,ashby_board_tokens_1662.csv,https://github.com/vedangvatsa/PDFtoWebsite/blob/main/.github/scripts/jobs-sync.mjs,Imported from the user-provided board-token registry.
board,ashby,superdial,superdial,slug,https://jobs.ashbyhq.com/superdial,https://api.ashbyhq.com/posting-api/job-board/superdial,https://api.ashbyhq.com/posting-api/job-board/superdial?includeCompensation=true,GET,listed_in_PDFtoWebsite_ashby_source,2026-09-21,ashby_board_tokens_1662.csv,https://github.com/vedangvatsa/PDFtoWebsite/blob/main/.github/scripts/jobs-sync.mjs,Imported from the user-provided board-token registry.
board,ashby,superduper,superduper,slug,https://jobs.ashbyhq.com/superduper,https://api.ashbyhq.com/posting-api/job-board/superduper,https://api.ashbyhq.com/posting-api/job-board/superduper?includeCompensation=true,GET,listed_in_PDFtoWebsite_alt_ashby_source,2026-09-21,ashby_board_tokens_1662.csv,https://github.com/vedangvatsa/PDFtoWebsite/blob/main/run-cj.mjs,Imported from the user-provided board-token registry.
board,ashby,superhuman,superhuman,slug,https://jobs.ashbyhq.com/superhuman,https://api.ashbyhq.com/posting-api/job-board/superhuman,https://api.ashbyhq.com/posting-api/job-board/superhuman?includeCompensation=true,GET,listed_in_PDFtoWebsite_ashby_source,2026-09-21,ashby_board_tokens_1662.csv,https://github.com/vedangvatsa/PDFtoWebsite/blob/main/.github/scripts/jobs-sync.mjs,Imported from the user-provided board-token registry.
board,ashby,superlinear,superlinear,slug,https://jobs.ashbyhq.com/superlinear,https://api.ashbyhq.com/posting-api/job-board/superlinear,https://api.ashbyhq.com/posting-api/job-board/superlinear?includeCompensation=true,GET,listed_in_PDFtoWebsite_ashby_source,2026-09-21,ashby_board_tokens_1662.csv,https://github.com/vedangvatsa/PDFtoWebsite/blob/main/.github/scripts/jobs-sync.mjs,Imported from the user-provided board-token registry.
board,ashby,superpower,superpower,slug,https://jobs.ashbyhq.com/superpower,https://api.ashbyhq.com/posting-api/job-board/superpower,https://api.ashbyhq.com/posting-api/job-board/superpower?includeCompensation=true,GET,listed_in_PDFtoWebsite_ashby_source,2026-09-21,ashby_board_tokens_1662.csv,https://github.com/vedangvatsa/PDFtoWebsite/blob/main/.github/scripts/jobs-sync.mjs,Imported from the user-provided board-token registry.
board,ashby,suzy,suzy,slug,https://jobs.ashbyhq.com/suzy,https://api.ashbyhq.com/posting-api/job-board/suzy,https://api.ashbyhq.com/posting-api/job-board/suzy?includeCompensation=true,GET,listed_in_PDFtoWebsite_ashby_source,2026-09-21,ashby_board_tokens_1662.csv,https://github.com/vedangvatsa/PDFtoWebsite/blob/main/.github/scripts/jobs-sync.mjs,Imported from the user-provided board-token registry.
board,ashby,swans,swans,slug,https://jobs.ashbyhq.com/swans,https://api.ashbyhq.com/posting-api/job-board/swans,https://api.ashbyhq.com/posting-api/job-board/swans?includeCompensation=true,GET,listed_in_PDFtoWebsite_ashby_source,2026-09-21,ashby_board_tokens_1662.csv,https://github.com/vedangvatsa/PDFtoWebsite/blob/main/.github/scripts/jobs-sync.mjs,Imported from the user-provided board-token registry.
board,ashby,swarmaero,swarmaero,slug,https://jobs.ashbyhq.com/swarmaero,https://api.ashbyhq.com/posting-api/job-board/swarmaero,https://api.ashbyhq.com/posting-api/job-board/swarmaero?includeCompensation=true,GET,listed_in_mherzog_ashby_seed,2026-09-21,ashby_board_tokens_1662.csv,https://github.com/mherzog4/job-boards/blob/main/boards.seed.json,Imported from the user-provided board-token registry.
board,ashby,swarmer,swarmer,slug,https://jobs.ashbyhq.com/swarmer,https://api.ashbyhq.com/posting-api/job-board/swarmer,https://api.ashbyhq.com/posting-api/job-board/swarmer?includeCompensation=true,GET,listed_in_PDFtoWebsite_ashby_source,2026-09-21,ashby_board_tokens_1662.csv,https://github.com/vedangvatsa/PDFtoWebsite/blob/main/.github/scripts/jobs-sync.mjs,Imported from the user-provided board-token registry.
board,ashby,swarmia,swarmia,slug,https://jobs.ashbyhq.com/swarmia,https://api.ashbyhq.com/posting-api/job-board/swarmia,https://api.ashbyhq.com/posting-api/job-board/swarmia?includeCompensation=true,GET,listed_in_PDFtoWebsite_ashby_source,2026-09-21,ashby_board_tokens_1662.csv,https://github.com/vedangvatsa/PDFtoWebsite/blob/main/.github/scripts/jobs-sync.mjs,Imported from the user-provided board-token registry.
board,ashby,sweatpals,sweatpals,slug,https://jobs.ashbyhq.com/sweatpals,https://api.ashbyhq.com/posting-api/job-board/sweatpals,https://api.ashbyhq.com/posting-api/job-board/sweatpals?includeCompensation=true,GET,listed_in_PDFtoWebsite_ashby_source,2026-09-21,ashby_board_tokens_1662.csv,https://github.com/vedangvatsa/PDFtoWebsite/blob/main/.github/scripts/jobs-sync.mjs,Imported from the user-provided board-token registry.
board,ashby,sweedpos.com,sweedpos.com,slug,https://jobs.ashbyhq.com/sweedpos.com,https://api.ashbyhq.com/posting-api/job-board/sweedpos.com,https://api.ashbyhq.com/posting-api/job-board/sweedpos.com?includeCompensation=true,GET,listed_in_PDFtoWebsite_ashby_source,2026-09-21,ashby_board_tokens_1662.csv,https://github.com/vedangvatsa/PDFtoWebsite/blob/main/.github/scripts/jobs-sync.mjs,Imported from the user-provided board-token registry.
board,ashby,sweep,sweep,slug,https://jobs.ashbyhq.com/sweep,https://api.ashbyhq.com/posting-api/job-board/sweep,https://api.ashbyhq.com/posting-api/job-board/sweep?includeCompensation=true,GET,listed_in_PDFtoWebsite_ashby_source,2026-09-21,ashby_board_tokens_1662.csv,https://github.com/vedangvatsa/PDFtoWebsite/blob/main/.github/scripts/jobs-sync.mjs,Imported from the user-provided board-token registry.
board,ashby,swoop,swoop,slug,https://jobs.ashbyhq.com/swoop,https://api.ashbyhq.com/posting-api/job-board/swoop,https://api.ashbyhq.com/posting-api/job-board/swoop?includeCompensation=true,GET,listed_in_PDFtoWebsite_ashby_source,2026-09-21,ashby_board_tokens_1662.csv,https://github.com/vedangvatsa/PDFtoWebsite/blob/main/.github/scripts/jobs-sync.mjs,Imported from the user-provided board-token registry.
board,ashby,sydecar,sydecar,slug,https://jobs.ashbyhq.com/sydecar,https://api.ashbyhq.com/posting-api/job-board/sydecar,https://api.ashbyhq.com/posting-api/job-board/sydecar?includeCompensation=true,GET,listed_in_PDFtoWebsite_ashby_source,2026-09-21,ashby_board_tokens_1662.csv,https://github.com/vedangvatsa/PDFtoWebsite/blob/main/.github/scripts/jobs-sync.mjs,Imported from the user-provided board-token registry.
board,ashby,symbiotic,symbiotic,slug,https://jobs.ashbyhq.com/symbiotic,https://api.ashbyhq.com/posting-api/job-board/symbiotic,https://api.ashbyhq.com/posting-api/job-board/symbiotic?includeCompensation=true,GET,listed_in_PDFtoWebsite_ashby_source,2026-09-21,ashby_board_tokens_1662.csv,https://github.com/vedangvatsa/PDFtoWebsite/blob/main/.github/scripts/jobs-sync.mjs,Imported from the user-provided board-token registry.
board,ashby,symmetry,symmetry,slug,https://jobs.ashbyhq.com/symmetry,https://api.ashbyhq.com/posting-api/job-board/symmetry,https://api.ashbyhq.com/posting-api/job-board/symmetry?includeCompensation=true,GET,listed_in_PDFtoWebsite_ashby_source,2026-09-21,ashby_board_tokens_1662.csv,https://github.com/vedangvatsa/PDFtoWebsite/blob/main/.github/scripts/jobs-sync.mjs,Imported from the user-provided board-token registry.
board,ashby,synquery,synquery,slug,https://jobs.ashbyhq.com/synquery,https://api.ashbyhq.com/posting-api/job-board/synquery,https://api.ashbyhq.com/posting-api/job-board/synquery?includeCompensation=true,GET,listed_in_PDFtoWebsite_ashby_source,2026-09-21,ashby_board_tokens_1662.csv,https://github.com/vedangvatsa/PDFtoWebsite/blob/main/.github/scripts/jobs-sync.mjs,Imported from the user-provided board-token registry.
board,ashby,synthesia,synthesia,slug,https://jobs.ashbyhq.com/synthesia,https://api.ashbyhq.com/posting-api/job-board/synthesia,https://api.ashbyhq.com/posting-api/job-board/synthesia?includeCompensation=true,GET,listed_in_PDFtoWebsite_ashby_source,2026-09-21,ashby_board_tokens_1662.csv,https://github.com/vedangvatsa/PDFtoWebsite/blob/main/.github/scripts/jobs-sync.mjs,Imported from the user-provided board-token registry.
board,ashby,synthflow,synthflow,slug,https://jobs.ashbyhq.com/synthflow,https://api.ashbyhq.com/posting-api/job-board/synthflow,https://api.ashbyhq.com/posting-api/job-board/synthflow?includeCompensation=true,GET,listed_in_PDFtoWebsite_ashby_source,2026-09-21,ashby_board_tokens_1662.csv,https://github.com/vedangvatsa/PDFtoWebsite/blob/main/.github/scripts/jobs-sync.mjs,Imported from the user-provided board-token registry.
board,ashby,synthpop,synthpop,slug,https://jobs.ashbyhq.com/synthpop,https://api.ashbyhq.com/posting-api/job-board/synthpop,https://api.ashbyhq.com/posting-api/job-board/synthpop?includeCompensation=true,GET,listed_in_PDFtoWebsite_ashby_source,2026-09-21,ashby_board_tokens_1662.csv,https://github.com/vedangvatsa/PDFtoWebsite/blob/main/.github/scripts/jobs-sync.mjs,Imported from the user-provided board-token registry.
board,ashby,tabs,tabs,slug,https://jobs.ashbyhq.com/tabs,https://api.ashbyhq.com/posting-api/job-board/tabs,https://api.ashbyhq.com/posting-api/job-board/tabs?includeCompensation=true,GET,listed_in_PDFtoWebsite_ashby_source,2026-09-21,ashby_board_tokens_1662.csv,https://github.com/vedangvatsa/PDFtoWebsite/blob/main/.github/scripts/jobs-sync.mjs,Imported from the user-provided board-token registry.
board,ashby,tabz,tabz,slug,https://jobs.ashbyhq.com/tabz,https://api.ashbyhq.com/posting-api/job-board/tabz,https://api.ashbyhq.com/posting-api/job-board/tabz?includeCompensation=true,GET,listed_in_PDFtoWebsite_ashby_source,2026-09-21,ashby_board_tokens_1662.csv,https://github.com/vedangvatsa/PDFtoWebsite/blob/main/.github/scripts/jobs-sync.mjs,Imported from the user-provided board-token registry.
board,ashby,taekus,taekus,slug,https://jobs.ashbyhq.com/taekus,https://api.ashbyhq.com/posting-api/job-board/taekus,https://api.ashbyhq.com/posting-api/job-board/taekus?includeCompensation=true,GET,listed_in_PDFtoWebsite_ashby_source,2026-09-21,ashby_board_tokens_1662.csv,https://github.com/vedangvatsa/PDFtoWebsite/blob/main/.github/scripts/jobs-sync.mjs,Imported from the user-provided board-token registry.
board,ashby,tajir,tajir,slug,https://jobs.ashbyhq.com/tajir,https://api.ashbyhq.com/posting-api/job-board/tajir,https://api.ashbyhq.com/posting-api/job-board/tajir?includeCompensation=true,GET,listed_in_PDFtoWebsite_ashby_source,2026-09-21,ashby_board_tokens_1662.csv,https://github.com/vedangvatsa/PDFtoWebsite/blob/main/.github/scripts/jobs-sync.mjs,Imported from the user-provided board-token registry.
board,ashby,take2,take2,slug,https://jobs.ashbyhq.com/take2,https://api.ashbyhq.com/posting-api/job-board/take2,https://api.ashbyhq.com/posting-api/job-board/take2?includeCompensation=true,GET,listed_in_PDFtoWebsite_ashby_source,2026-09-21,ashby_board_tokens_1662.csv,https://github.com/vedangvatsa/PDFtoWebsite/blob/main/.github/scripts/jobs-sync.mjs,Imported from the user-provided board-token registry.
board,ashby,taktile,taktile,slug,https://jobs.ashbyhq.com/taktile,https://api.ashbyhq.com/posting-api/job-board/taktile,https://api.ashbyhq.com/posting-api/job-board/taktile?includeCompensation=true,GET,listed_in_PDFtoWebsite_ashby_source,2026-09-21,ashby_board_tokens_1662.csv,https://github.com/vedangvatsa/PDFtoWebsite/blob/main/.github/scripts/jobs-sync.mjs,Imported from the user-provided board-token registry.
board,ashby,Talent Safari,talentsafari,slug,https://jobs.ashbyhq.com/talentsafari,https://api.ashbyhq.com/posting-api/job-board/talentsafari,https://api.ashbyhq.com/posting-api/job-board/talentsafari?includeCompensation=true,GET,africa_directory_active,2026-09-22,Thelastpoet/africa-ats-directory,https://github.com/Thelastpoet/africa-ats-directory,Curated Africa ATS directory; country=KE; source status=active. Revalidate live status during crawl.
board,ashby,talkiatry,talkiatry,slug,https://jobs.ashbyhq.com/talkiatry,https://api.ashbyhq.com/posting-api/job-board/talkiatry,https://api.ashbyhq.com/posting-api/job-board/talkiatry?includeCompensation=true,GET,listed_in_PDFtoWebsite_ashby_source,2026-09-21,ashby_board_tokens_1662.csv,https://github.com/vedangvatsa/PDFtoWebsite/blob/main/.github/scripts/jobs-sync.mjs,Imported from the user-provided board-token registry.
board,ashby,talos-trading,talos-trading,slug,https://jobs.ashbyhq.com/talos-trading,https://api.ashbyhq.com/posting-api/job-board/talos-trading,https://api.ashbyhq.com/posting-api/job-board/talos-trading?includeCompensation=true,GET,listed_in_PDFtoWebsite_ashby_source,2026-09-21,ashby_board_tokens_1662.csv,https://github.com/vedangvatsa/PDFtoWebsite/blob/main/.github/scripts/jobs-sync.mjs,Imported from the user-provided board-token registry.
board,ashby,tandem,tandem,slug,https://jobs.ashbyhq.com/tandem,https://api.ashbyhq.com/posting-api/job-board/tandem,https://api.ashbyhq.com/posting-api/job-board/tandem?includeCompensation=true,GET,listed_in_PDFtoWebsite_alt_ashby_source,2026-09-21,ashby_board_tokens_1662.csv,https://github.com/vedangvatsa/PDFtoWebsite/blob/main/run-cj.mjs,Imported from the user-provided board-token registry.
board,ashby,tapcart,tapcart,slug,https://jobs.ashbyhq.com/tapcart,https://api.ashbyhq.com/posting-api/job-board/tapcart,https://api.ashbyhq.com/posting-api/job-board/tapcart?includeCompensation=true,GET,listed_in_PDFtoWebsite_ashby_source,2026-09-21,ashby_board_tokens_1662.csv,https://github.com/vedangvatsa/PDFtoWebsite/blob/main/.github/scripts/jobs-sync.mjs,Imported from the user-provided board-token registry.
board,ashby,tarro,tarro,slug,https://jobs.ashbyhq.com/tarro,https://api.ashbyhq.com/posting-api/job-board/tarro,https://api.ashbyhq.com/posting-api/job-board/tarro?includeCompensation=true,GET,listed_in_PDFtoWebsite_ashby_source,2026-09-21,ashby_board_tokens_1662.csv,https://github.com/vedangvatsa/PDFtoWebsite/blob/main/.github/scripts/jobs-sync.mjs,Imported from the user-provided board-token registry.
board,ashby,tavahealth,tavahealth,slug,https://jobs.ashbyhq.com/tavahealth,https://api.ashbyhq.com/posting-api/job-board/tavahealth,https://api.ashbyhq.com/posting-api/job-board/tavahealth?includeCompensation=true,GET,listed_in_PDFtoWebsite_ashby_source,2026-09-21,ashby_board_tokens_1662.csv,https://github.com/vedangvatsa/PDFtoWebsite/blob/main/.github/scripts/jobs-sync.mjs,Imported from the user-provided board-token registry.
board,ashby,tavily,tavily,slug,https://jobs.ashbyhq.com/tavily,https://api.ashbyhq.com/posting-api/job-board/tavily,https://api.ashbyhq.com/posting-api/job-board/tavily?includeCompensation=true,GET,listed_in_PDFtoWebsite_ashby_source,2026-09-21,ashby_board_tokens_1662.csv,https://github.com/vedangvatsa/PDFtoWebsite/blob/main/.github/scripts/jobs-sync.mjs,Imported from the user-provided board-token registry.
board,ashby,tavus,tavus,slug,https://jobs.ashbyhq.com/tavus,https://api.ashbyhq.com/posting-api/job-board/tavus,https://api.ashbyhq.com/posting-api/job-board/tavus?includeCompensation=true,GET,listed_in_PDFtoWebsite_ashby_source,2026-09-21,ashby_board_tokens_1662.csv,https://github.com/vedangvatsa/PDFtoWebsite/blob/main/.github/scripts/jobs-sync.mjs,Imported from the user-provided board-token registry.
board,ashby,taxbit,taxbit,slug,https://jobs.ashbyhq.com/taxbit,https://api.ashbyhq.com/posting-api/job-board/taxbit,https://api.ashbyhq.com/posting-api/job-board/taxbit?includeCompensation=true,GET,listed_in_PDFtoWebsite_alt_ashby_source,2026-09-21,ashby_board_tokens_1662.csv,https://github.com/vedangvatsa/PDFtoWebsite/blob/main/run-cj.mjs,Imported from the user-provided board-token registry.
board,ashby,taxfix.com,taxfix.com,slug,https://jobs.ashbyhq.com/taxfix.com,https://api.ashbyhq.com/posting-api/job-board/taxfix.com,https://api.ashbyhq.com/posting-api/job-board/taxfix.com?includeCompensation=true,GET,listed_in_PDFtoWebsite_ashby_source,2026-09-21,ashby_board_tokens_1662.csv,https://github.com/vedangvatsa/PDFtoWebsite/blob/main/.github/scripts/jobs-sync.mjs,Imported from the user-provided board-token registry.
board,ashby,teal-health,teal-health,slug,https://jobs.ashbyhq.com/teal-health,https://api.ashbyhq.com/posting-api/job-board/teal-health,https://api.ashbyhq.com/posting-api/job-board/teal-health?includeCompensation=true,GET,listed_in_PDFtoWebsite_ashby_source,2026-09-21,ashby_board_tokens_1662.csv,https://github.com/vedangvatsa/PDFtoWebsite/blob/main/.github/scripts/jobs-sync.mjs,Imported from the user-provided board-token registry.
board,ashby,teambridge,teambridge,slug,https://jobs.ashbyhq.com/teambridge,https://api.ashbyhq.com/posting-api/job-board/teambridge,https://api.ashbyhq.com/posting-api/job-board/teambridge?includeCompensation=true,GET,listed_in_PDFtoWebsite_ashby_source,2026-09-21,ashby_board_tokens_1662.csv,https://github.com/vedangvatsa/PDFtoWebsite/blob/main/.github/scripts/jobs-sync.mjs,Imported from the user-provided board-token registry.
board,ashby,teamworks,teamworks,slug,https://jobs.ashbyhq.com/teamworks,https://api.ashbyhq.com/posting-api/job-board/teamworks,https://api.ashbyhq.com/posting-api/job-board/teamworks?includeCompensation=true,GET,listed_in_PDFtoWebsite_ashby_source,2026-09-21,ashby_board_tokens_1662.csv,https://github.com/vedangvatsa/PDFtoWebsite/blob/main/.github/scripts/jobs-sync.mjs,Imported from the user-provided board-token registry.
board,ashby,technimove,technimove,slug,https://jobs.ashbyhq.com/technimove,https://api.ashbyhq.com/posting-api/job-board/technimove,https://api.ashbyhq.com/posting-api/job-board/technimove?includeCompensation=true,GET,listed_in_PDFtoWebsite_ashby_source,2026-09-21,ashby_board_tokens_1662.csv,https://github.com/vedangvatsa/PDFtoWebsite/blob/main/.github/scripts/jobs-sync.mjs,Imported from the user-provided board-token registry.
board,ashby,tekion,tekion,slug,https://jobs.ashbyhq.com/tekion,https://api.ashbyhq.com/posting-api/job-board/tekion,https://api.ashbyhq.com/posting-api/job-board/tekion?includeCompensation=true,GET,listed_in_PDFtoWebsite_ashby_source,2026-09-21,ashby_board_tokens_1662.csv,https://github.com/vedangvatsa/PDFtoWebsite/blob/main/.github/scripts/jobs-sync.mjs,Imported from the user-provided board-token registry.
board,ashby,teleport,teleport,slug,https://jobs.ashbyhq.com/teleport,https://api.ashbyhq.com/posting-api/job-board/teleport,https://api.ashbyhq.com/posting-api/job-board/teleport?includeCompensation=true,GET,listed_in_PDFtoWebsite_alt_ashby_source,2026-09-21,ashby_board_tokens_1662.csv,https://github.com/vedangvatsa/PDFtoWebsite/blob/main/run-cj.mjs,Imported from the user-provided board-token registry.
board,ashby,teleskope,teleskope,slug,https://jobs.ashbyhq.com/teleskope,https://api.ashbyhq.com/posting-api/job-board/teleskope,https://api.ashbyhq.com/posting-api/job-board/teleskope?includeCompensation=true,GET,listed_in_PDFtoWebsite_ashby_source,2026-09-21,ashby_board_tokens_1662.csv,https://github.com/vedangvatsa/PDFtoWebsite/blob/main/.github/scripts/jobs-sync.mjs,Imported from the user-provided board-token registry.
board,ashby,tem,tem,slug,https://jobs.ashbyhq.com/tem,https://api.ashbyhq.com/posting-api/job-board/tem,https://api.ashbyhq.com/posting-api/job-board/tem?includeCompensation=true,GET,listed_in_PDFtoWebsite_ashby_source,2026-09-21,ashby_board_tokens_1662.csv,https://github.com/vedangvatsa/PDFtoWebsite/blob/main/.github/scripts/jobs-sync.mjs,Imported from the user-provided board-token registry.
board,ashby,tempo,tempo,slug,https://jobs.ashbyhq.com/tempo,https://api.ashbyhq.com/posting-api/job-board/tempo,https://api.ashbyhq.com/posting-api/job-board/tempo?includeCompensation=true,GET,listed_in_PDFtoWebsite_ashby_source,2026-09-21,ashby_board_tokens_1662.csv,https://github.com/vedangvatsa/PDFtoWebsite/blob/main/.github/scripts/jobs-sync.mjs,Imported from the user-provided board-token registry.
board,ashby,tempo-xyz,tempo-xyz,slug,https://jobs.ashbyhq.com/tempo-xyz,https://api.ashbyhq.com/posting-api/job-board/tempo-xyz,https://api.ashbyhq.com/posting-api/job-board/tempo-xyz?includeCompensation=true,GET,listed_in_PDFtoWebsite_ashby_source,2026-09-21,ashby_board_tokens_1662.csv,https://github.com/vedangvatsa/PDFtoWebsite/blob/main/.github/scripts/jobs-sync.mjs,Imported from the user-provided board-token registry.
board,ashby,temporal,temporal,slug,https://jobs.ashbyhq.com/temporal,https://api.ashbyhq.com/posting-api/job-board/temporal,https://api.ashbyhq.com/posting-api/job-board/temporal?includeCompensation=true,GET,verified_in_open-ats-jobs_ashby_source,2026-08-18,ashby_board_tokens_1662.csv,https://github.com/splashdeluxe/open-ats-jobs/blob/main/seeds/companies.json,Imported from the user-provided board-token registry.
board,ashby,tenderly,tenderly,slug,https://jobs.ashbyhq.com/tenderly,https://api.ashbyhq.com/posting-api/job-board/tenderly,https://api.ashbyhq.com/posting-api/job-board/tenderly?includeCompensation=true,GET,listed_in_PDFtoWebsite_ashby_source,2026-09-21,ashby_board_tokens_1662.csv,https://github.com/vedangvatsa/PDFtoWebsite/blob/main/.github/scripts/jobs-sync.mjs,Imported from the user-provided board-token registry.
board,ashby,tenexlabs,tenexlabs,slug,https://jobs.ashbyhq.com/tenexlabs,https://api.ashbyhq.com/posting-api/job-board/tenexlabs,https://api.ashbyhq.com/posting-api/job-board/tenexlabs?includeCompensation=true,GET,listed_in_PDFtoWebsite_ashby_source,2026-09-21,ashby_board_tokens_1662.csv,https://github.com/vedangvatsa/PDFtoWebsite/blob/main/.github/scripts/jobs-sync.mjs,Imported from the user-provided board-token registry.
board,ashby,tennr,tennr,slug,https://jobs.ashbyhq.com/tennr,https://api.ashbyhq.com/posting-api/job-board/tennr,https://api.ashbyhq.com/posting-api/job-board/tennr?includeCompensation=true,GET,listed_in_PDFtoWebsite_ashby_source,2026-09-21,ashby_board_tokens_1662.csv,https://github.com/vedangvatsa/PDFtoWebsite/blob/main/.github/scripts/jobs-sync.mjs,Imported from the user-provided board-token registry.
board,ashby,tensorwave,tensorwave,slug,https://jobs.ashbyhq.com/tensorwave,https://api.ashbyhq.com/posting-api/job-board/tensorwave,https://api.ashbyhq.com/posting-api/job-board/tensorwave?includeCompensation=true,GET,listed_in_PDFtoWebsite_ashby_source,2026-09-21,ashby_board_tokens_1662.csv,https://github.com/vedangvatsa/PDFtoWebsite/blob/main/.github/scripts/jobs-sync.mjs,Imported from the user-provided board-token registry.
board,ashby,teraswitch,teraswitch,slug,https://jobs.ashbyhq.com/teraswitch,https://api.ashbyhq.com/posting-api/job-board/teraswitch,https://api.ashbyhq.com/posting-api/job-board/teraswitch?includeCompensation=true,GET,listed_in_PDFtoWebsite_ashby_source,2026-09-21,ashby_board_tokens_1662.csv,https://github.com/vedangvatsa/PDFtoWebsite/blob/main/.github/scripts/jobs-sync.mjs,Imported from the user-provided board-token registry.
board,ashby,terraai,terraai,slug,https://jobs.ashbyhq.com/terraai,https://api.ashbyhq.com/posting-api/job-board/terraai,https://api.ashbyhq.com/posting-api/job-board/terraai?includeCompensation=true,GET,listed_in_PDFtoWebsite_ashby_source,2026-09-21,ashby_board_tokens_1662.csv,https://github.com/vedangvatsa/PDFtoWebsite/blob/main/.github/scripts/jobs-sync.mjs,Imported from the user-provided board-token registry.
board,ashby,terranova,terranova,slug,https://jobs.ashbyhq.com/terranova,https://api.ashbyhq.com/posting-api/job-board/terranova,https://api.ashbyhq.com/posting-api/job-board/terranova?includeCompensation=true,GET,listed_in_PDFtoWebsite_ashby_source,2026-09-21,ashby_board_tokens_1662.csv,https://github.com/vedangvatsa/PDFtoWebsite/blob/main/.github/scripts/jobs-sync.mjs,Imported from the user-provided board-token registry.
board,ashby,tessera-labs,tessera-labs,slug,https://jobs.ashbyhq.com/tessera-labs,https://api.ashbyhq.com/posting-api/job-board/tessera-labs,https://api.ashbyhq.com/posting-api/job-board/tessera-labs?includeCompensation=true,GET,listed_in_PDFtoWebsite_ashby_source,2026-09-21,ashby_board_tokens_1662.csv,https://github.com/vedangvatsa/PDFtoWebsite/blob/main/.github/scripts/jobs-sync.mjs,Imported from the user-provided board-token registry.
board,ashby,texture,texture,slug,https://jobs.ashbyhq.com/texture,https://api.ashbyhq.com/posting-api/job-board/texture,https://api.ashbyhq.com/posting-api/job-board/texture?includeCompensation=true,GET,listed_in_PDFtoWebsite_ashby_source,2026-09-21,ashby_board_tokens_1662.csv,https://github.com/vedangvatsa/PDFtoWebsite/blob/main/.github/scripts/jobs-sync.mjs,Imported from the user-provided board-token registry.
board,ashby,teya,teya,slug,https://jobs.ashbyhq.com/teya,https://api.ashbyhq.com/posting-api/job-board/teya,https://api.ashbyhq.com/posting-api/job-board/teya?includeCompensation=true,GET,listed_in_PDFtoWebsite_ashby_source,2026-09-21,ashby_board_tokens_1662.csv,https://github.com/vedangvatsa/PDFtoWebsite/blob/main/.github/scripts/jobs-sync.mjs,Imported from the user-provided board-token registry.
board,ashby,the-exploration-company,the-exploration-company,slug,https://jobs.ashbyhq.com/the-exploration-company,https://api.ashbyhq.com/posting-api/job-board/the-exploration-company,https://api.ashbyhq.com/posting-api/job-board/the-exploration-company?includeCompensation=true,GET,listed_in_PDFtoWebsite_ashby_source,2026-09-21,ashby_board_tokens_1662.csv,https://github.com/vedangvatsa/PDFtoWebsite/blob/main/.github/scripts/jobs-sync.mjs,Imported from the user-provided board-token registry.
board,ashby,the-flex,the-flex,slug,https://jobs.ashbyhq.com/the-flex,https://api.ashbyhq.com/posting-api/job-board/the-flex,https://api.ashbyhq.com/posting-api/job-board/the-flex?includeCompensation=true,GET,listed_in_PDFtoWebsite_ashby_source,2026-09-21,ashby_board_tokens_1662.csv,https://github.com/vedangvatsa/PDFtoWebsite/blob/main/.github/scripts/jobs-sync.mjs,Imported from the user-provided board-token registry.
board,ashby,the-global-talent-co,the-global-talent-co,slug,https://jobs.ashbyhq.com/the-global-talent-co,https://api.ashbyhq.com/posting-api/job-board/the-global-talent-co,https://api.ashbyhq.com/posting-api/job-board/the-global-talent-co?includeCompensation=true,GET,listed_in_PDFtoWebsite_ashby_source,2026-09-21,ashby_board_tokens_1662.csv,https://github.com/vedangvatsa/PDFtoWebsite/blob/main/.github/scripts/jobs-sync.mjs,Imported from the user-provided board-token registry.
board,ashby,the-learning-spectrum,the-learning-spectrum,slug,https://jobs.ashbyhq.com/the-learning-spectrum,https://api.ashbyhq.com/posting-api/job-board/the-learning-spectrum,https://api.ashbyhq.com/posting-api/job-board/the-learning-spectrum?includeCompensation=true,GET,listed_in_PDFtoWebsite_ashby_source,2026-09-21,ashby_board_tokens_1662.csv,https://github.com/vedangvatsa/PDFtoWebsite/blob/main/.github/scripts/jobs-sync.mjs,Imported from the user-provided board-token registry.
board,ashby,the-sales-people,the-sales-people,slug,https://jobs.ashbyhq.com/the-sales-people,https://api.ashbyhq.com/posting-api/job-board/the-sales-people,https://api.ashbyhq.com/posting-api/job-board/the-sales-people?includeCompensation=true,GET,listed_in_PDFtoWebsite_alt_ashby_source,2026-09-21,ashby_board_tokens_1662.csv,https://github.com/vedangvatsa/PDFtoWebsite/blob/main/run-cj.mjs,Imported from the user-provided board-token registry.
board,ashby,the-studio,the-studio,slug,https://jobs.ashbyhq.com/the-studio,https://api.ashbyhq.com/posting-api/job-board/the-studio,https://api.ashbyhq.com/posting-api/job-board/the-studio?includeCompensation=true,GET,listed_in_PDFtoWebsite_ashby_source,2026-09-21,ashby_board_tokens_1662.csv,https://github.com/vedangvatsa/PDFtoWebsite/blob/main/.github/scripts/jobs-sync.mjs,Imported from the user-provided board-token registry.
board,ashby,theflex,theflex,slug,https://jobs.ashbyhq.com/theflex,https://api.ashbyhq.com/posting-api/job-board/theflex,https://api.ashbyhq.com/posting-api/job-board/theflex?includeCompensation=true,GET,listed_in_PDFtoWebsite_ashby_source,2026-09-21,ashby_board_tokens_1662.csv,https://github.com/vedangvatsa/PDFtoWebsite/blob/main/.github/scripts/jobs-sync.mjs,Imported from the user-provided board-token registry.
board,ashby,themindcompany,themindcompany,slug,https://jobs.ashbyhq.com/themindcompany,https://api.ashbyhq.com/posting-api/job-board/themindcompany,https://api.ashbyhq.com/posting-api/job-board/themindcompany?includeCompensation=true,GET,listed_in_PDFtoWebsite_ashby_source,2026-09-21,ashby_board_tokens_1662.csv,https://github.com/vedangvatsa/PDFtoWebsite/blob/main/.github/scripts/jobs-sync.mjs,Imported from the user-provided board-token registry.
board,ashby,thesis,thesis,slug,https://jobs.ashbyhq.com/thesis,https://api.ashbyhq.com/posting-api/job-board/thesis,https://api.ashbyhq.com/posting-api/job-board/thesis?includeCompensation=true,GET,listed_in_PDFtoWebsite_ashby_source,2026-09-21,ashby_board_tokens_1662.csv,https://github.com/vedangvatsa/PDFtoWebsite/blob/main/.github/scripts/jobs-sync.mjs,Imported from the user-provided board-token registry.
board,ashby,thewfsgroup,thewfsgroup,slug,https://jobs.ashbyhq.com/thewfsgroup,https://api.ashbyhq.com/posting-api/job-board/thewfsgroup,https://api.ashbyhq.com/posting-api/job-board/thewfsgroup?includeCompensation=true,GET,listed_in_PDFtoWebsite_ashby_source,2026-09-21,ashby_board_tokens_1662.csv,https://github.com/vedangvatsa/PDFtoWebsite/blob/main/.github/scripts/jobs-sync.mjs,Imported from the user-provided board-token registry.
board,ashby,theydo,theydo,slug,https://jobs.ashbyhq.com/theydo,https://api.ashbyhq.com/posting-api/job-board/theydo,https://api.ashbyhq.com/posting-api/job-board/theydo?includeCompensation=true,GET,listed_in_PDFtoWebsite_ashby_source,2026-09-21,ashby_board_tokens_1662.csv,https://github.com/vedangvatsa/PDFtoWebsite/blob/main/.github/scripts/jobs-sync.mjs,Imported from the user-provided board-token registry.
board,ashby,thndr,thndr,slug,https://jobs.ashbyhq.com/thndr,https://api.ashbyhq.com/posting-api/job-board/thndr,https://api.ashbyhq.com/posting-api/job-board/thndr?includeCompensation=true,GET,listed_in_PDFtoWebsite_ashby_source,2026-09-21,ashby_board_tokens_1662.csv,https://github.com/vedangvatsa/PDFtoWebsite/blob/main/.github/scripts/jobs-sync.mjs,Imported from the user-provided board-token registry.
board,ashby,thought-machine,thought-machine,slug,https://jobs.ashbyhq.com/thought-machine,https://api.ashbyhq.com/posting-api/job-board/thought-machine,https://api.ashbyhq.com/posting-api/job-board/thought-machine?includeCompensation=true,GET,listed_in_PDFtoWebsite_ashby_source,2026-09-21,ashby_board_tokens_1662.csv,https://github.com/vedangvatsa/PDFtoWebsite/blob/main/.github/scripts/jobs-sync.mjs,Imported from the user-provided board-token registry.
board,ashby,thrill-labs,thrill-labs,slug,https://jobs.ashbyhq.com/thrill-labs,https://api.ashbyhq.com/posting-api/job-board/thrill-labs,https://api.ashbyhq.com/posting-api/job-board/thrill-labs?includeCompensation=true,GET,listed_in_PDFtoWebsite_ashby_source,2026-09-21,ashby_board_tokens_1662.csv,https://github.com/vedangvatsa/PDFtoWebsite/blob/main/.github/scripts/jobs-sync.mjs,Imported from the user-provided board-token registry.
board,ashby,tigerdata,tigerdata,slug,https://jobs.ashbyhq.com/tigerdata,https://api.ashbyhq.com/posting-api/job-board/tigerdata,https://api.ashbyhq.com/posting-api/job-board/tigerdata?includeCompensation=true,GET,listed_in_PDFtoWebsite_ashby_source,2026-09-21,ashby_board_tokens_1662.csv,https://github.com/vedangvatsa/PDFtoWebsite/blob/main/.github/scripts/jobs-sync.mjs,Imported from the user-provided board-token registry.
board,ashby,tilthq,tilthq,slug,https://jobs.ashbyhq.com/tilthq,https://api.ashbyhq.com/posting-api/job-board/tilthq,https://api.ashbyhq.com/posting-api/job-board/tilthq?includeCompensation=true,GET,listed_in_PDFtoWebsite_ashby_source,2026-09-21,ashby_board_tokens_1662.csv,https://github.com/vedangvatsa/PDFtoWebsite/blob/main/.github/scripts/jobs-sync.mjs,Imported from the user-provided board-token registry.
board,ashby,timely,timely,slug,https://jobs.ashbyhq.com/timely,https://api.ashbyhq.com/posting-api/job-board/timely,https://api.ashbyhq.com/posting-api/job-board/timely?includeCompensation=true,GET,listed_in_PDFtoWebsite_ashby_source,2026-09-21,ashby_board_tokens_1662.csv,https://github.com/vedangvatsa/PDFtoWebsite/blob/main/.github/scripts/jobs-sync.mjs,Imported from the user-provided board-token registry.
board,ashby,tin-can,tin-can,slug,https://jobs.ashbyhq.com/tin-can,https://api.ashbyhq.com/posting-api/job-board/tin-can,https://api.ashbyhq.com/posting-api/job-board/tin-can?includeCompensation=true,GET,listed_in_PDFtoWebsite_ashby_source,2026-09-21,ashby_board_tokens_1662.csv,https://github.com/vedangvatsa/PDFtoWebsite/blob/main/.github/scripts/jobs-sync.mjs,Imported from the user-provided board-token registry.
board,ashby,tinybird,tinybird,slug,https://jobs.ashbyhq.com/tinybird,https://api.ashbyhq.com/posting-api/job-board/tinybird,https://api.ashbyhq.com/posting-api/job-board/tinybird?includeCompensation=true,GET,listed_in_PDFtoWebsite_alt_ashby_source,2026-09-21,ashby_board_tokens_1662.csv,https://github.com/vedangvatsa/PDFtoWebsite/blob/main/run-cj.mjs,Imported from the user-provided board-token registry.
board,ashby,titan,titan,slug,https://jobs.ashbyhq.com/titan,https://api.ashbyhq.com/posting-api/job-board/titan,https://api.ashbyhq.com/posting-api/job-board/titan?includeCompensation=true,GET,listed_in_PDFtoWebsite_ashby_source,2026-09-21,ashby_board_tokens_1662.csv,https://github.com/vedangvatsa/PDFtoWebsite/blob/main/.github/scripts/jobs-sync.mjs,Imported from the user-provided board-token registry.
board,ashby,titan-ai,titan-ai,slug,https://jobs.ashbyhq.com/titan-ai,https://api.ashbyhq.com/posting-api/job-board/titan-ai,https://api.ashbyhq.com/posting-api/job-board/titan-ai?includeCompensation=true,GET,listed_in_PDFtoWebsite_ashby_source,2026-09-21,ashby_board_tokens_1662.csv,https://github.com/vedangvatsa/PDFtoWebsite/blob/main/.github/scripts/jobs-sync.mjs,Imported from the user-provided board-token registry.
board,ashby,tldr.tech,tldr.tech,slug,https://jobs.ashbyhq.com/tldr.tech,https://api.ashbyhq.com/posting-api/job-board/tldr.tech,https://api.ashbyhq.com/posting-api/job-board/tldr.tech?includeCompensation=true,GET,listed_in_PDFtoWebsite_ashby_source,2026-09-21,ashby_board_tokens_1662.csv,https://github.com/vedangvatsa/PDFtoWebsite/blob/main/.github/scripts/jobs-sync.mjs,Imported from the user-provided board-token registry.
board,ashby,todoist,todoist,slug,https://jobs.ashbyhq.com/todoist,https://api.ashbyhq.com/posting-api/job-board/todoist,https://api.ashbyhq.com/posting-api/job-board/todoist?includeCompensation=true,GET,listed_in_PDFtoWebsite_alt_ashby_source,2026-09-21,ashby_board_tokens_1662.csv,https://github.com/vedangvatsa/PDFtoWebsite/blob/main/run-cj.mjs,Imported from the user-provided board-token registry.
board,ashby,toggl,toggl,slug,https://jobs.ashbyhq.com/toggl,https://api.ashbyhq.com/posting-api/job-board/toggl,https://api.ashbyhq.com/posting-api/job-board/toggl?includeCompensation=true,GET,listed_in_PDFtoWebsite_alt_ashby_source,2026-09-21,ashby_board_tokens_1662.csv,https://github.com/vedangvatsa/PDFtoWebsite/blob/main/run-cj.mjs,Imported from the user-provided board-token registry.
board,ashby,toma,toma,slug,https://jobs.ashbyhq.com/toma,https://api.ashbyhq.com/posting-api/job-board/toma,https://api.ashbyhq.com/posting-api/job-board/toma?includeCompensation=true,GET,listed_in_PDFtoWebsite_ashby_source,2026-09-21,ashby_board_tokens_1662.csv,https://github.com/vedangvatsa/PDFtoWebsite/blob/main/.github/scripts/jobs-sync.mjs,Imported from the user-provided board-token registry.
board,ashby,toms,toms,slug,https://jobs.ashbyhq.com/toms,https://api.ashbyhq.com/posting-api/job-board/toms,https://api.ashbyhq.com/posting-api/job-board/toms?includeCompensation=true,GET,listed_in_PDFtoWebsite_ashby_source,2026-09-21,ashby_board_tokens_1662.csv,https://github.com/vedangvatsa/PDFtoWebsite/blob/main/.github/scripts/jobs-sync.mjs,Imported from the user-provided board-token registry.
board,ashby,toogeza,toogeza,slug,https://jobs.ashbyhq.com/toogeza,https://api.ashbyhq.com/posting-api/job-board/toogeza,https://api.ashbyhq.com/posting-api/job-board/toogeza?includeCompensation=true,GET,listed_in_PDFtoWebsite_ashby_source,2026-09-21,ashby_board_tokens_1662.csv,https://github.com/vedangvatsa/PDFtoWebsite/blob/main/.github/scripts/jobs-sync.mjs,Imported from the user-provided board-token registry.
board,ashby,top-hat,top-hat,slug,https://jobs.ashbyhq.com/top-hat,https://api.ashbyhq.com/posting-api/job-board/top-hat,https://api.ashbyhq.com/posting-api/job-board/top-hat?includeCompensation=true,GET,listed_in_PDFtoWebsite_ashby_source,2026-09-21,ashby_board_tokens_1662.csv,https://github.com/vedangvatsa/PDFtoWebsite/blob/main/.github/scripts/jobs-sync.mjs,Imported from the user-provided board-token registry.
board,ashby,topline-pro,topline-pro,slug,https://jobs.ashbyhq.com/topline-pro,https://api.ashbyhq.com/posting-api/job-board/topline-pro,https://api.ashbyhq.com/posting-api/job-board/topline-pro?includeCompensation=true,GET,listed_in_PDFtoWebsite_ashby_source,2026-09-21,ashby_board_tokens_1662.csv,https://github.com/vedangvatsa/PDFtoWebsite/blob/main/.github/scripts/jobs-sync.mjs,Imported from the user-provided board-token registry.
board,ashby,toposbio,toposbio,slug,https://jobs.ashbyhq.com/toposbio,https://api.ashbyhq.com/posting-api/job-board/toposbio,https://api.ashbyhq.com/posting-api/job-board/toposbio?includeCompensation=true,GET,listed_in_PDFtoWebsite_ashby_source,2026-09-21,ashby_board_tokens_1662.csv,https://github.com/vedangvatsa/PDFtoWebsite/blob/main/.github/scripts/jobs-sync.mjs,Imported from the user-provided board-token registry.
board,ashby,traba,traba,slug,https://jobs.ashbyhq.com/traba,https://api.ashbyhq.com/posting-api/job-board/traba,https://api.ashbyhq.com/posting-api/job-board/traba?includeCompensation=true,GET,listed_in_PDFtoWebsite_ashby_source,2026-09-21,ashby_board_tokens_1662.csv,https://github.com/vedangvatsa/PDFtoWebsite/blob/main/.github/scripts/jobs-sync.mjs,Imported from the user-provided board-token registry.
board,ashby,trainline,trainline,slug,https://jobs.ashbyhq.com/trainline,https://api.ashbyhq.com/posting-api/job-board/trainline,https://api.ashbyhq.com/posting-api/job-board/trainline?includeCompensation=true,GET,listed_in_PDFtoWebsite_ashby_source,2026-09-21,ashby_board_tokens_1662.csv,https://github.com/vedangvatsa/PDFtoWebsite/blob/main/.github/scripts/jobs-sync.mjs,Imported from the user-provided board-token registry.
board,ashby,transfr,transfr,slug,https://jobs.ashbyhq.com/transfr,https://api.ashbyhq.com/posting-api/job-board/transfr,https://api.ashbyhq.com/posting-api/job-board/transfr?includeCompensation=true,GET,listed_in_PDFtoWebsite_ashby_source,2026-09-21,ashby_board_tokens_1662.csv,https://github.com/vedangvatsa/PDFtoWebsite/blob/main/.github/scripts/jobs-sync.mjs,Imported from the user-provided board-token registry.
board,ashby,transgrid-energy,transgrid-energy,slug,https://jobs.ashbyhq.com/transgrid-energy,https://api.ashbyhq.com/posting-api/job-board/transgrid-energy,https://api.ashbyhq.com/posting-api/job-board/transgrid-energy?includeCompensation=true,GET,listed_in_PDFtoWebsite_ashby_source,2026-09-21,ashby_board_tokens_1662.csv,https://github.com/vedangvatsa/PDFtoWebsite/blob/main/.github/scripts/jobs-sync.mjs,Imported from the user-provided board-token registry.
board,ashby,traversal,traversal,slug,https://jobs.ashbyhq.com/traversal,https://api.ashbyhq.com/posting-api/job-board/traversal,https://api.ashbyhq.com/posting-api/job-board/traversal?includeCompensation=true,GET,listed_in_PDFtoWebsite_ashby_source,2026-09-21,ashby_board_tokens_1662.csv,https://github.com/vedangvatsa/PDFtoWebsite/blob/main/.github/scripts/jobs-sync.mjs,Imported from the user-provided board-token registry.
board,ashby,trawa,trawa,slug,https://jobs.ashbyhq.com/trawa,https://api.ashbyhq.com/posting-api/job-board/trawa,https://api.ashbyhq.com/posting-api/job-board/trawa?includeCompensation=true,GET,listed_in_PDFtoWebsite_ashby_source,2026-09-21,ashby_board_tokens_1662.csv,https://github.com/vedangvatsa/PDFtoWebsite/blob/main/.github/scripts/jobs-sync.mjs,Imported from the user-provided board-token registry.
board,ashby,treeswift,treeswift,slug,https://jobs.ashbyhq.com/treeswift,https://api.ashbyhq.com/posting-api/job-board/treeswift,https://api.ashbyhq.com/posting-api/job-board/treeswift?includeCompensation=true,GET,listed_in_PDFtoWebsite_ashby_source,2026-09-21,ashby_board_tokens_1662.csv,https://github.com/vedangvatsa/PDFtoWebsite/blob/main/.github/scripts/jobs-sync.mjs,Imported from the user-provided board-token registry.
board,ashby,tremendous,tremendous,slug,https://jobs.ashbyhq.com/tremendous,https://api.ashbyhq.com/posting-api/job-board/tremendous,https://api.ashbyhq.com/posting-api/job-board/tremendous?includeCompensation=true,GET,listed_in_PDFtoWebsite_ashby_source,2026-09-21,ashby_board_tokens_1662.csv,https://github.com/vedangvatsa/PDFtoWebsite/blob/main/.github/scripts/jobs-sync.mjs,Imported from the user-provided board-token registry.
board,ashby,triumph-arcade,triumph-arcade,slug,https://jobs.ashbyhq.com/triumph-arcade,https://api.ashbyhq.com/posting-api/job-board/triumph-arcade,https://api.ashbyhq.com/posting-api/job-board/triumph-arcade?includeCompensation=true,GET,listed_in_PDFtoWebsite_ashby_source,2026-09-21,ashby_board_tokens_1662.csv,https://github.com/vedangvatsa/PDFtoWebsite/blob/main/.github/scripts/jobs-sync.mjs,Imported from the user-provided board-token registry.
board,ashby,trm-labs,trm-labs,slug,https://jobs.ashbyhq.com/trm-labs,https://api.ashbyhq.com/posting-api/job-board/trm-labs,https://api.ashbyhq.com/posting-api/job-board/trm-labs?includeCompensation=true,GET,listed_in_PDFtoWebsite_ashby_source,2026-09-21,ashby_board_tokens_1662.csv,https://github.com/vedangvatsa/PDFtoWebsite/blob/main/.github/scripts/jobs-sync.mjs,Imported from the user-provided board-token registry.
board,ashby,truelogic,truelogic,slug,https://jobs.ashbyhq.com/truelogic,https://api.ashbyhq.com/posting-api/job-board/truelogic,https://api.ashbyhq.com/posting-api/job-board/truelogic?includeCompensation=true,GET,listed_in_PDFtoWebsite_ashby_source,2026-09-21,ashby_board_tokens_1662.csv,https://github.com/vedangvatsa/PDFtoWebsite/blob/main/.github/scripts/jobs-sync.mjs,Imported from the user-provided board-token registry.
board,ashby,trust-wallet,trust-wallet,slug,https://jobs.ashbyhq.com/trust-wallet,https://api.ashbyhq.com/posting-api/job-board/trust-wallet,https://api.ashbyhq.com/posting-api/job-board/trust-wallet?includeCompensation=true,GET,listed_in_PDFtoWebsite_ashby_source,2026-09-21,ashby_board_tokens_1662.csv,https://github.com/vedangvatsa/PDFtoWebsite/blob/main/.github/scripts/jobs-sync.mjs,Imported from the user-provided board-token registry.
board,ashby,truthsystems,truthsystems,slug,https://jobs.ashbyhq.com/truthsystems,https://api.ashbyhq.com/posting-api/job-board/truthsystems,https://api.ashbyhq.com/posting-api/job-board/truthsystems?includeCompensation=true,GET,listed_in_PDFtoWebsite_ashby_source,2026-09-21,ashby_board_tokens_1662.csv,https://github.com/vedangvatsa/PDFtoWebsite/blob/main/.github/scripts/jobs-sync.mjs,Imported from the user-provided board-token registry.
board,ashby,tryalma,tryalma,slug,https://jobs.ashbyhq.com/tryalma,https://api.ashbyhq.com/posting-api/job-board/tryalma,https://api.ashbyhq.com/posting-api/job-board/tryalma?includeCompensation=true,GET,listed_in_PDFtoWebsite_ashby_source,2026-09-21,ashby_board_tokens_1662.csv,https://github.com/vedangvatsa/PDFtoWebsite/blob/main/.github/scripts/jobs-sync.mjs,Imported from the user-provided board-token registry.
board,ashby,tunnl,tunnl,slug,https://jobs.ashbyhq.com/tunnl,https://api.ashbyhq.com/posting-api/job-board/tunnl,https://api.ashbyhq.com/posting-api/job-board/tunnl?includeCompensation=true,GET,listed_in_PDFtoWebsite_ashby_source,2026-09-21,ashby_board_tokens_1662.csv,https://github.com/vedangvatsa/PDFtoWebsite/blob/main/.github/scripts/jobs-sync.mjs,Imported from the user-provided board-token registry.
board,ashby,turnkey,turnkey,slug,https://jobs.ashbyhq.com/turnkey,https://api.ashbyhq.com/posting-api/job-board/turnkey,https://api.ashbyhq.com/posting-api/job-board/turnkey?includeCompensation=true,GET,listed_in_PDFtoWebsite_ashby_source,2026-09-21,ashby_board_tokens_1662.csv,https://github.com/vedangvatsa/PDFtoWebsite/blob/main/.github/scripts/jobs-sync.mjs,Imported from the user-provided board-token registry.
board,ashby,turnstile,turnstile,slug,https://jobs.ashbyhq.com/turnstile,https://api.ashbyhq.com/posting-api/job-board/turnstile,https://api.ashbyhq.com/posting-api/job-board/turnstile?includeCompensation=true,GET,listed_in_PDFtoWebsite_ashby_source,2026-09-21,ashby_board_tokens_1662.csv,https://github.com/vedangvatsa/PDFtoWebsite/blob/main/.github/scripts/jobs-sync.mjs,Imported from the user-provided board-token registry.
board,ashby,turquoise-health,turquoise-health,slug,https://jobs.ashbyhq.com/turquoise-health,https://api.ashbyhq.com/posting-api/job-board/turquoise-health,https://api.ashbyhq.com/posting-api/job-board/turquoise-health?includeCompensation=true,GET,listed_in_PDFtoWebsite_ashby_source,2026-09-21,ashby_board_tokens_1662.csv,https://github.com/vedangvatsa/PDFtoWebsite/blob/main/.github/scripts/jobs-sync.mjs,Imported from the user-provided board-token registry.
board,ashby,turso,turso,slug,https://jobs.ashbyhq.com/turso,https://api.ashbyhq.com/posting-api/job-board/turso,https://api.ashbyhq.com/posting-api/job-board/turso?includeCompensation=true,GET,listed_in_PDFtoWebsite_alt_ashby_source,2026-09-21,ashby_board_tokens_1662.csv,https://github.com/vedangvatsa/PDFtoWebsite/blob/main/run-cj.mjs,Imported from the user-provided board-token registry.
board,ashby,twelve,twelve,slug,https://jobs.ashbyhq.com/twelve,https://api.ashbyhq.com/posting-api/job-board/twelve,https://api.ashbyhq.com/posting-api/job-board/twelve?includeCompensation=true,GET,listed_in_PDFtoWebsite_ashby_source,2026-09-21,ashby_board_tokens_1662.csv,https://github.com/vedangvatsa/PDFtoWebsite/blob/main/.github/scripts/jobs-sync.mjs,Imported from the user-provided board-token registry.
board,ashby,twelve-labs,twelve-labs,slug,https://jobs.ashbyhq.com/twelve-labs,https://api.ashbyhq.com/posting-api/job-board/twelve-labs,https://api.ashbyhq.com/posting-api/job-board/twelve-labs?includeCompensation=true,GET,listed_in_PDFtoWebsite_ashby_source,2026-09-21,ashby_board_tokens_1662.csv,https://github.com/vedangvatsa/PDFtoWebsite/blob/main/.github/scripts/jobs-sync.mjs,Imported from the user-provided board-token registry.
board,ashby,twenty,twenty,slug,https://jobs.ashbyhq.com/twenty,https://api.ashbyhq.com/posting-api/job-board/twenty,https://api.ashbyhq.com/posting-api/job-board/twenty?includeCompensation=true,GET,listed_in_PDFtoWebsite_ashby_source,2026-09-21,ashby_board_tokens_1662.csv,https://github.com/vedangvatsa/PDFtoWebsite/blob/main/.github/scripts/jobs-sync.mjs,Imported from the user-provided board-token registry.
board,ashby,twin-so,twin-so,slug,https://jobs.ashbyhq.com/twin-so,https://api.ashbyhq.com/posting-api/job-board/twin-so,https://api.ashbyhq.com/posting-api/job-board/twin-so?includeCompensation=true,GET,listed_in_PDFtoWebsite_ashby_source,2026-09-21,ashby_board_tokens_1662.csv,https://github.com/vedangvatsa/PDFtoWebsite/blob/main/.github/scripts/jobs-sync.mjs,Imported from the user-provided board-token registry.
board,ashby,tyba,tyba,slug,https://jobs.ashbyhq.com/tyba,https://api.ashbyhq.com/posting-api/job-board/tyba,https://api.ashbyhq.com/posting-api/job-board/tyba?includeCompensation=true,GET,listed_in_PDFtoWebsite_ashby_source,2026-09-21,ashby_board_tokens_1662.csv,https://github.com/vedangvatsa/PDFtoWebsite/blob/main/.github/scripts/jobs-sync.mjs,Imported from the user-provided board-token registry.
board,ashby,udisc,udisc,slug,https://jobs.ashbyhq.com/udisc,https://api.ashbyhq.com/posting-api/job-board/udisc,https://api.ashbyhq.com/posting-api/job-board/udisc?includeCompensation=true,GET,listed_in_PDFtoWebsite_ashby_source,2026-09-21,ashby_board_tokens_1662.csv,https://github.com/vedangvatsa/PDFtoWebsite/blob/main/.github/scripts/jobs-sync.mjs,Imported from the user-provided board-token registry.
board,ashby,uipath,uipath,slug,https://jobs.ashbyhq.com/uipath,https://api.ashbyhq.com/posting-api/job-board/uipath,https://api.ashbyhq.com/posting-api/job-board/uipath?includeCompensation=true,GET,listed_in_PDFtoWebsite_ashby_source,2026-09-21,ashby_board_tokens_1662.csv,https://github.com/vedangvatsa/PDFtoWebsite/blob/main/.github/scripts/jobs-sync.mjs,Imported from the user-provided board-token registry.
board,ashby,unify,unify,slug,https://jobs.ashbyhq.com/unify,https://api.ashbyhq.com/posting-api/job-board/unify,https://api.ashbyhq.com/posting-api/job-board/unify?includeCompensation=true,GET,listed_in_PDFtoWebsite_ashby_source,2026-09-21,ashby_board_tokens_1662.csv,https://github.com/vedangvatsa/PDFtoWebsite/blob/main/.github/scripts/jobs-sync.mjs,Imported from the user-provided board-token registry.
board,ashby,union,union,slug,https://jobs.ashbyhq.com/union,https://api.ashbyhq.com/posting-api/job-board/union,https://api.ashbyhq.com/posting-api/job-board/union?includeCompensation=true,GET,listed_in_PDFtoWebsite_ashby_source,2026-09-21,ashby_board_tokens_1662.csv,https://github.com/vedangvatsa/PDFtoWebsite/blob/main/.github/scripts/jobs-sync.mjs,Imported from the user-provided board-token registry.
board,ashby,union-tech,union-tech,slug,https://jobs.ashbyhq.com/union-tech,https://api.ashbyhq.com/posting-api/job-board/union-tech,https://api.ashbyhq.com/posting-api/job-board/union-tech?includeCompensation=true,GET,listed_in_PDFtoWebsite_ashby_source,2026-09-21,ashby_board_tokens_1662.csv,https://github.com/vedangvatsa/PDFtoWebsite/blob/main/.github/scripts/jobs-sync.mjs,Imported from the user-provided board-token registry.
board,ashby,uniswap,uniswap,slug,https://jobs.ashbyhq.com/uniswap,https://api.ashbyhq.com/posting-api/job-board/uniswap,https://api.ashbyhq.com/posting-api/job-board/uniswap?includeCompensation=true,GET,listed_in_PDFtoWebsite_ashby_source,2026-09-21,ashby_board_tokens_1662.csv,https://github.com/vedangvatsa/PDFtoWebsite/blob/main/.github/scripts/jobs-sync.mjs,Imported from the user-provided board-token registry.
board,ashby,unit,unit,slug,https://jobs.ashbyhq.com/unit,https://api.ashbyhq.com/posting-api/job-board/unit,https://api.ashbyhq.com/posting-api/job-board/unit?includeCompensation=true,GET,listed_in_PDFtoWebsite_ashby_source,2026-09-21,ashby_board_tokens_1662.csv,https://github.com/vedangvatsa/PDFtoWebsite/blob/main/.github/scripts/jobs-sync.mjs,Imported from the user-provided board-token registry.
board,ashby,unit410,unit410,slug,https://jobs.ashbyhq.com/unit410,https://api.ashbyhq.com/posting-api/job-board/unit410,https://api.ashbyhq.com/posting-api/job-board/unit410?includeCompensation=true,GET,listed_in_PDFtoWebsite_ashby_source,2026-09-21,ashby_board_tokens_1662.csv,https://github.com/vedangvatsa/PDFtoWebsite/blob/main/.github/scripts/jobs-sync.mjs,Imported from the user-provided board-token registry.
board,ashby,unitxlabs,unitxlabs,slug,https://jobs.ashbyhq.com/unitxlabs,https://api.ashbyhq.com/posting-api/job-board/unitxlabs,https://api.ashbyhq.com/posting-api/job-board/unitxlabs?includeCompensation=true,GET,listed_in_PDFtoWebsite_ashby_source,2026-09-21,ashby_board_tokens_1662.csv,https://github.com/vedangvatsa/PDFtoWebsite/blob/main/.github/scripts/jobs-sync.mjs,Imported from the user-provided board-token registry.
board,ashby,universalagi,universalagi,slug,https://jobs.ashbyhq.com/universalagi,https://api.ashbyhq.com/posting-api/job-board/universalagi,https://api.ashbyhq.com/posting-api/job-board/universalagi?includeCompensation=true,GET,listed_in_PDFtoWebsite_ashby_source,2026-09-21,ashby_board_tokens_1662.csv,https://github.com/vedangvatsa/PDFtoWebsite/blob/main/.github/scripts/jobs-sync.mjs,Imported from the user-provided board-token registry.
board,ashby,unlearn,unlearn,slug,https://jobs.ashbyhq.com/unlearn,https://api.ashbyhq.com/posting-api/job-board/unlearn,https://api.ashbyhq.com/posting-api/job-board/unlearn?includeCompensation=true,GET,listed_in_PDFtoWebsite_ashby_source,2026-09-21,ashby_board_tokens_1662.csv,https://github.com/vedangvatsa/PDFtoWebsite/blob/main/.github/scripts/jobs-sync.mjs,Imported from the user-provided board-token registry.
board,ashby,unstructured,unstructured,slug,https://jobs.ashbyhq.com/unstructured,https://api.ashbyhq.com/posting-api/job-board/unstructured,https://api.ashbyhq.com/posting-api/job-board/unstructured?includeCompensation=true,GET,listed_in_PDFtoWebsite_ashby_source,2026-09-21,ashby_board_tokens_1662.csv,https://github.com/vedangvatsa/PDFtoWebsite/blob/main/.github/scripts/jobs-sync.mjs,Imported from the user-provided board-token registry.
board,ashby,unwrap,unwrap,slug,https://jobs.ashbyhq.com/unwrap,https://api.ashbyhq.com/posting-api/job-board/unwrap,https://api.ashbyhq.com/posting-api/job-board/unwrap?includeCompensation=true,GET,listed_in_PDFtoWebsite_ashby_source,2026-09-21,ashby_board_tokens_1662.csv,https://github.com/vedangvatsa/PDFtoWebsite/blob/main/.github/scripts/jobs-sync.mjs,Imported from the user-provided board-token registry.
board,ashby,uplane,uplane,slug,https://jobs.ashbyhq.com/uplane,https://api.ashbyhq.com/posting-api/job-board/uplane,https://api.ashbyhq.com/posting-api/job-board/uplane?includeCompensation=true,GET,listed_in_PDFtoWebsite_ashby_source,2026-09-21,ashby_board_tokens_1662.csv,https://github.com/vedangvatsa/PDFtoWebsite/blob/main/.github/scripts/jobs-sync.mjs,Imported from the user-provided board-token registry.
board,ashby,upside,upside,slug,https://jobs.ashbyhq.com/upside,https://api.ashbyhq.com/posting-api/job-board/upside,https://api.ashbyhq.com/posting-api/job-board/upside?includeCompensation=true,GET,listed_in_PDFtoWebsite_ashby_source,2026-09-21,ashby_board_tokens_1662.csv,https://github.com/vedangvatsa/PDFtoWebsite/blob/main/.github/scripts/jobs-sync.mjs,Imported from the user-provided board-token registry.
board,ashby,upside-tech,upside-tech,slug,https://jobs.ashbyhq.com/upside-tech,https://api.ashbyhq.com/posting-api/job-board/upside-tech,https://api.ashbyhq.com/posting-api/job-board/upside-tech?includeCompensation=true,GET,listed_in_PDFtoWebsite_ashby_source,2026-09-21,ashby_board_tokens_1662.csv,https://github.com/vedangvatsa/PDFtoWebsite/blob/main/.github/scripts/jobs-sync.mjs,Imported from the user-provided board-token registry.
board,ashby,upstash,upstash,slug,https://jobs.ashbyhq.com/upstash,https://api.ashbyhq.com/posting-api/job-board/upstash,https://api.ashbyhq.com/posting-api/job-board/upstash?includeCompensation=true,GET,listed_in_PDFtoWebsite_alt_ashby_source,2026-09-21,ashby_board_tokens_1662.csv,https://github.com/vedangvatsa/PDFtoWebsite/blob/main/run-cj.mjs,Imported from the user-provided board-token registry.
board,ashby,uptimeai,uptimeai,slug,https://jobs.ashbyhq.com/uptimeai,https://api.ashbyhq.com/posting-api/job-board/uptimeai,https://api.ashbyhq.com/posting-api/job-board/uptimeai?includeCompensation=true,GET,listed_in_PDFtoWebsite_ashby_source,2026-09-21,ashby_board_tokens_1662.csv,https://github.com/vedangvatsa/PDFtoWebsite/blob/main/.github/scripts/jobs-sync.mjs,Imported from the user-provided board-token registry.
board,ashby,upvest,upvest,slug,https://jobs.ashbyhq.com/upvest,https://api.ashbyhq.com/posting-api/job-board/upvest,https://api.ashbyhq.com/posting-api/job-board/upvest?includeCompensation=true,GET,listed_in_PDFtoWebsite_ashby_source,2026-09-21,ashby_board_tokens_1662.csv,https://github.com/vedangvatsa/PDFtoWebsite/blob/main/.github/scripts/jobs-sync.mjs,Imported from the user-provided board-token registry.
board,ashby,usekernel,usekernel,slug,https://jobs.ashbyhq.com/usekernel,https://api.ashbyhq.com/posting-api/job-board/usekernel,https://api.ashbyhq.com/posting-api/job-board/usekernel?includeCompensation=true,GET,listed_in_PDFtoWebsite_ashby_source,2026-09-21,ashby_board_tokens_1662.csv,https://github.com/vedangvatsa/PDFtoWebsite/blob/main/.github/scripts/jobs-sync.mjs,Imported from the user-provided board-token registry.
board,ashby,usul,usul,slug,https://jobs.ashbyhq.com/usul,https://api.ashbyhq.com/posting-api/job-board/usul,https://api.ashbyhq.com/posting-api/job-board/usul?includeCompensation=true,GET,listed_in_PDFtoWebsite_ashby_source,2026-09-21,ashby_board_tokens_1662.csv,https://github.com/vedangvatsa/PDFtoWebsite/blob/main/.github/scripts/jobs-sync.mjs,Imported from the user-provided board-token registry.
board,ashby,vanilla,vanilla,slug,https://jobs.ashbyhq.com/vanilla,https://api.ashbyhq.com/posting-api/job-board/vanilla,https://api.ashbyhq.com/posting-api/job-board/vanilla?includeCompensation=true,GET,listed_in_PDFtoWebsite_ashby_source,2026-09-21,ashby_board_tokens_1662.csv,https://github.com/vedangvatsa/PDFtoWebsite/blob/main/.github/scripts/jobs-sync.mjs,Imported from the user-provided board-token registry.
board,ashby,vanta,vanta,slug,https://jobs.ashbyhq.com/vanta,https://api.ashbyhq.com/posting-api/job-board/vanta,https://api.ashbyhq.com/posting-api/job-board/vanta?includeCompensation=true,GET,listed_in_PDFtoWebsite_ashby_source,2026-09-21,ashby_board_tokens_1662.csv,https://github.com/vedangvatsa/PDFtoWebsite/blob/main/.github/scripts/jobs-sync.mjs,Imported from the user-provided board-token registry.
board,ashby,vantageanalytics,vantageanalytics,slug,https://jobs.ashbyhq.com/vantageanalytics,https://api.ashbyhq.com/posting-api/job-board/vantageanalytics,https://api.ashbyhq.com/posting-api/job-board/vantageanalytics?includeCompensation=true,GET,listed_in_PDFtoWebsite_ashby_source,2026-09-21,ashby_board_tokens_1662.csv,https://github.com/vedangvatsa/PDFtoWebsite/blob/main/.github/scripts/jobs-sync.mjs,Imported from the user-provided board-token registry.
board,ashby,vapi,vapi,slug,https://jobs.ashbyhq.com/vapi,https://api.ashbyhq.com/posting-api/job-board/vapi,https://api.ashbyhq.com/posting-api/job-board/vapi?includeCompensation=true,GET,listed_in_PDFtoWebsite_ashby_source,2026-09-21,ashby_board_tokens_1662.csv,https://github.com/vedangvatsa/PDFtoWebsite/blob/main/.github/scripts/jobs-sync.mjs,Imported from the user-provided board-token registry.
board,ashby,vector,vector,slug,https://jobs.ashbyhq.com/vector,https://api.ashbyhq.com/posting-api/job-board/vector,https://api.ashbyhq.com/posting-api/job-board/vector?includeCompensation=true,GET,listed_in_PDFtoWebsite_ashby_source,2026-09-21,ashby_board_tokens_1662.csv,https://github.com/vedangvatsa/PDFtoWebsite/blob/main/.github/scripts/jobs-sync.mjs,Imported from the user-provided board-token registry.
board,ashby,vegaclaims,vegaclaims,slug,https://jobs.ashbyhq.com/vegaclaims,https://api.ashbyhq.com/posting-api/job-board/vegaclaims,https://api.ashbyhq.com/posting-api/job-board/vegaclaims?includeCompensation=true,GET,listed_in_PDFtoWebsite_ashby_source,2026-09-21,ashby_board_tokens_1662.csv,https://github.com/vedangvatsa/PDFtoWebsite/blob/main/.github/scripts/jobs-sync.mjs,Imported from the user-provided board-token registry.
board,ashby,vellum,vellum,slug,https://jobs.ashbyhq.com/vellum,https://api.ashbyhq.com/posting-api/job-board/vellum,https://api.ashbyhq.com/posting-api/job-board/vellum?includeCompensation=true,GET,listed_in_PDFtoWebsite_ashby_source,2026-09-21,ashby_board_tokens_1662.csv,https://github.com/vedangvatsa/PDFtoWebsite/blob/main/.github/scripts/jobs-sync.mjs,Imported from the user-provided board-token registry.
board,ashby,vendelux,vendelux,slug,https://jobs.ashbyhq.com/vendelux,https://api.ashbyhq.com/posting-api/job-board/vendelux,https://api.ashbyhq.com/posting-api/job-board/vendelux?includeCompensation=true,GET,listed_in_PDFtoWebsite_ashby_source,2026-09-21,ashby_board_tokens_1662.csv,https://github.com/vedangvatsa/PDFtoWebsite/blob/main/.github/scripts/jobs-sync.mjs,Imported from the user-provided board-token registry.
board,ashby,vercel,vercel,slug,https://jobs.ashbyhq.com/vercel,https://api.ashbyhq.com/posting-api/job-board/vercel,https://api.ashbyhq.com/posting-api/job-board/vercel?includeCompensation=true,GET,listed_in_PDFtoWebsite_ashby_source,2026-09-21,ashby_board_tokens_1662.csv,https://github.com/vedangvatsa/PDFtoWebsite/blob/main/.github/scripts/jobs-sync.mjs,Imported from the user-provided board-token registry.
board,ashby,versemedical,versemedical,slug,https://jobs.ashbyhq.com/versemedical,https://api.ashbyhq.com/posting-api/job-board/versemedical,https://api.ashbyhq.com/posting-api/job-board/versemedical?includeCompensation=true,GET,listed_in_PDFtoWebsite_ashby_source,2026-09-21,ashby_board_tokens_1662.csv,https://github.com/vedangvatsa/PDFtoWebsite/blob/main/.github/scripts/jobs-sync.mjs,Imported from the user-provided board-token registry.
board,ashby,vertical-aerospace,vertical-aerospace,slug,https://jobs.ashbyhq.com/vertical-aerospace,https://api.ashbyhq.com/posting-api/job-board/vertical-aerospace,https://api.ashbyhq.com/posting-api/job-board/vertical-aerospace?includeCompensation=true,GET,listed_in_PDFtoWebsite_ashby_source,2026-09-21,ashby_board_tokens_1662.csv,https://github.com/vedangvatsa/PDFtoWebsite/blob/main/.github/scripts/jobs-sync.mjs,Imported from the user-provided board-token registry.
board,ashby,verto,verto,slug,https://jobs.ashbyhq.com/verto,https://api.ashbyhq.com/posting-api/job-board/verto,https://api.ashbyhq.com/posting-api/job-board/verto?includeCompensation=true,GET,listed_in_PDFtoWebsite_ashby_source,2026-09-21,ashby_board_tokens_1662.csv,https://github.com/vedangvatsa/PDFtoWebsite/blob/main/.github/scripts/jobs-sync.mjs,Imported from the user-provided board-token registry.
board,ashby,vetcove,vetcove,slug,https://jobs.ashbyhq.com/vetcove,https://api.ashbyhq.com/posting-api/job-board/vetcove,https://api.ashbyhq.com/posting-api/job-board/vetcove?includeCompensation=true,GET,listed_in_PDFtoWebsite_ashby_source,2026-09-21,ashby_board_tokens_1662.csv,https://github.com/vedangvatsa/PDFtoWebsite/blob/main/.github/scripts/jobs-sync.mjs,Imported from the user-provided board-token registry.
board,ashby,vibe,vibe,slug,https://jobs.ashbyhq.com/vibe,https://api.ashbyhq.com/posting-api/job-board/vibe,https://api.ashbyhq.com/posting-api/job-board/vibe?includeCompensation=true,GET,listed_in_PDFtoWebsite_ashby_source,2026-09-21,ashby_board_tokens_1662.csv,https://github.com/vedangvatsa/PDFtoWebsite/blob/main/.github/scripts/jobs-sync.mjs,Imported from the user-provided board-token registry.
board,ashby,vibecode,vibecode,slug,https://jobs.ashbyhq.com/vibecode,https://api.ashbyhq.com/posting-api/job-board/vibecode,https://api.ashbyhq.com/posting-api/job-board/vibecode?includeCompensation=true,GET,listed_in_PDFtoWebsite_ashby_source,2026-09-21,ashby_board_tokens_1662.csv,https://github.com/vedangvatsa/PDFtoWebsite/blob/main/.github/scripts/jobs-sync.mjs,Imported from the user-provided board-token registry.
board,ashby,vibiz,vibiz,slug,https://jobs.ashbyhq.com/vibiz,https://api.ashbyhq.com/posting-api/job-board/vibiz,https://api.ashbyhq.com/posting-api/job-board/vibiz?includeCompensation=true,GET,listed_in_PDFtoWebsite_ashby_source,2026-09-21,ashby_board_tokens_1662.csv,https://github.com/vedangvatsa/PDFtoWebsite/blob/main/.github/scripts/jobs-sync.mjs,Imported from the user-provided board-token registry.
board,ashby,viessmann,viessmann,slug,https://jobs.ashbyhq.com/viessmann,https://api.ashbyhq.com/posting-api/job-board/viessmann,https://api.ashbyhq.com/posting-api/job-board/viessmann?includeCompensation=true,GET,listed_in_PDFtoWebsite_ashby_source,2026-09-21,ashby_board_tokens_1662.csv,https://github.com/vedangvatsa/PDFtoWebsite/blob/main/.github/scripts/jobs-sync.mjs,Imported from the user-provided board-token registry.
board,ashby,vinci4d,vinci4d,slug,https://jobs.ashbyhq.com/vinci4d,https://api.ashbyhq.com/posting-api/job-board/vinci4d,https://api.ashbyhq.com/posting-api/job-board/vinci4d?includeCompensation=true,GET,listed_in_PDFtoWebsite_ashby_source,2026-09-21,ashby_board_tokens_1662.csv,https://github.com/vedangvatsa/PDFtoWebsite/blob/main/.github/scripts/jobs-sync.mjs,Imported from the user-provided board-token registry.
board,ashby,virtahealth,virtahealth,slug,https://jobs.ashbyhq.com/virtahealth,https://api.ashbyhq.com/posting-api/job-board/virtahealth,https://api.ashbyhq.com/posting-api/job-board/virtahealth?includeCompensation=true,GET,listed_in_PDFtoWebsite_ashby_source,2026-09-21,ashby_board_tokens_1662.csv,https://github.com/vedangvatsa/PDFtoWebsite/blob/main/.github/scripts/jobs-sync.mjs,Imported from the user-provided board-token registry.
board,ashby,virtuous,virtuous,slug,https://jobs.ashbyhq.com/virtuous,https://api.ashbyhq.com/posting-api/job-board/virtuous,https://api.ashbyhq.com/posting-api/job-board/virtuous?includeCompensation=true,GET,listed_in_PDFtoWebsite_ashby_source,2026-09-21,ashby_board_tokens_1662.csv,https://github.com/vedangvatsa/PDFtoWebsite/blob/main/.github/scripts/jobs-sync.mjs,Imported from the user-provided board-token registry.
board,ashby,visanahealth,visanahealth,slug,https://jobs.ashbyhq.com/visanahealth,https://api.ashbyhq.com/posting-api/job-board/visanahealth,https://api.ashbyhq.com/posting-api/job-board/visanahealth?includeCompensation=true,GET,listed_in_PDFtoWebsite_alt_ashby_source,2026-09-21,ashby_board_tokens_1662.csv,https://github.com/vedangvatsa/PDFtoWebsite/blob/main/run-cj.mjs,Imported from the user-provided board-token registry.
board,ashby,visier,visier,slug,https://jobs.ashbyhq.com/visier,https://api.ashbyhq.com/posting-api/job-board/visier,https://api.ashbyhq.com/posting-api/job-board/visier?includeCompensation=true,GET,listed_in_PDFtoWebsite_ashby_source,2026-09-21,ashby_board_tokens_1662.csv,https://github.com/vedangvatsa/PDFtoWebsite/blob/main/.github/scripts/jobs-sync.mjs,Imported from the user-provided board-token registry.
board,ashby,vitalize,vitalize,slug,https://jobs.ashbyhq.com/vitalize,https://api.ashbyhq.com/posting-api/job-board/vitalize,https://api.ashbyhq.com/posting-api/job-board/vitalize?includeCompensation=true,GET,listed_in_PDFtoWebsite_ashby_source,2026-09-21,ashby_board_tokens_1662.csv,https://github.com/vedangvatsa/PDFtoWebsite/blob/main/.github/scripts/jobs-sync.mjs,Imported from the user-provided board-token registry.
board,ashby,vitvio,vitvio,slug,https://jobs.ashbyhq.com/vitvio,https://api.ashbyhq.com/posting-api/job-board/vitvio,https://api.ashbyhq.com/posting-api/job-board/vitvio?includeCompensation=true,GET,listed_in_PDFtoWebsite_ashby_source,2026-09-21,ashby_board_tokens_1662.csv,https://github.com/vedangvatsa/PDFtoWebsite/blob/main/.github/scripts/jobs-sync.mjs,Imported from the user-provided board-token registry.
board,ashby,viz.ai,viz.ai,slug,https://jobs.ashbyhq.com/viz.ai,https://api.ashbyhq.com/posting-api/job-board/viz.ai,https://api.ashbyhq.com/posting-api/job-board/viz.ai?includeCompensation=true,GET,listed_in_PDFtoWebsite_ashby_source,2026-09-21,ashby_board_tokens_1662.csv,https://github.com/vedangvatsa/PDFtoWebsite/blob/main/.github/scripts/jobs-sync.mjs,Imported from the user-provided board-token registry.
board,ashby,voldex,voldex,slug,https://jobs.ashbyhq.com/voldex,https://api.ashbyhq.com/posting-api/job-board/voldex,https://api.ashbyhq.com/posting-api/job-board/voldex?includeCompensation=true,GET,listed_in_PDFtoWebsite_ashby_source,2026-09-21,ashby_board_tokens_1662.csv,https://github.com/vedangvatsa/PDFtoWebsite/blob/main/.github/scripts/jobs-sync.mjs,Imported from the user-provided board-token registry.
board,ashby,voleon,voleon,slug,https://jobs.ashbyhq.com/voleon,https://api.ashbyhq.com/posting-api/job-board/voleon,https://api.ashbyhq.com/posting-api/job-board/voleon?includeCompensation=true,GET,listed_in_PDFtoWebsite_ashby_source,2026-09-21,ashby_board_tokens_1662.csv,https://github.com/vedangvatsa/PDFtoWebsite/blob/main/.github/scripts/jobs-sync.mjs,Imported from the user-provided board-token registry.
board,ashby,vori,vori,slug,https://jobs.ashbyhq.com/vori,https://api.ashbyhq.com/posting-api/job-board/vori,https://api.ashbyhq.com/posting-api/job-board/vori?includeCompensation=true,GET,listed_in_PDFtoWebsite_ashby_source,2026-09-21,ashby_board_tokens_1662.csv,https://github.com/vedangvatsa/PDFtoWebsite/blob/main/.github/scripts/jobs-sync.mjs,Imported from the user-provided board-token registry.
board,ashby,vow,vow,slug,https://jobs.ashbyhq.com/vow,https://api.ashbyhq.com/posting-api/job-board/vow,https://api.ashbyhq.com/posting-api/job-board/vow?includeCompensation=true,GET,listed_in_PDFtoWebsite_ashby_source,2026-09-21,ashby_board_tokens_1662.csv,https://github.com/vedangvatsa/PDFtoWebsite/blob/main/.github/scripts/jobs-sync.mjs,Imported from the user-provided board-token registry.
board,ashby,voxel,voxel,slug,https://jobs.ashbyhq.com/voxel,https://api.ashbyhq.com/posting-api/job-board/voxel,https://api.ashbyhq.com/posting-api/job-board/voxel?includeCompensation=true,GET,listed_in_PDFtoWebsite_ashby_source,2026-09-21,ashby_board_tokens_1662.csv,https://github.com/vedangvatsa/PDFtoWebsite/blob/main/.github/scripts/jobs-sync.mjs,Imported from the user-provided board-token registry.
board,ashby,vyn,vyn,slug,https://jobs.ashbyhq.com/vyn,https://api.ashbyhq.com/posting-api/job-board/vyn,https://api.ashbyhq.com/posting-api/job-board/vyn?includeCompensation=true,GET,listed_in_PDFtoWebsite_ashby_source,2026-09-21,ashby_board_tokens_1662.csv,https://github.com/vedangvatsa/PDFtoWebsite/blob/main/.github/scripts/jobs-sync.mjs,Imported from the user-provided board-token registry.
board,ashby,vynca,vynca,slug,https://jobs.ashbyhq.com/vynca,https://api.ashbyhq.com/posting-api/job-board/vynca,https://api.ashbyhq.com/posting-api/job-board/vynca?includeCompensation=true,GET,listed_in_PDFtoWebsite_ashby_source,2026-09-21,ashby_board_tokens_1662.csv,https://github.com/vedangvatsa/PDFtoWebsite/blob/main/.github/scripts/jobs-sync.mjs,Imported from the user-provided board-token registry.
board,ashby,wagmo,wagmo,slug,https://jobs.ashbyhq.com/wagmo,https://api.ashbyhq.com/posting-api/job-board/wagmo,https://api.ashbyhq.com/posting-api/job-board/wagmo?includeCompensation=true,GET,listed_in_PDFtoWebsite_ashby_source,2026-09-21,ashby_board_tokens_1662.csv,https://github.com/vedangvatsa/PDFtoWebsite/blob/main/.github/scripts/jobs-sync.mjs,Imported from the user-provided board-token registry.
board,ashby,walrus,walrus,slug,https://jobs.ashbyhq.com/walrus,https://api.ashbyhq.com/posting-api/job-board/walrus,https://api.ashbyhq.com/posting-api/job-board/walrus?includeCompensation=true,GET,listed_in_PDFtoWebsite_ashby_source,2026-09-21,ashby_board_tokens_1662.csv,https://github.com/vedangvatsa/PDFtoWebsite/blob/main/.github/scripts/jobs-sync.mjs,Imported from the user-provided board-token registry.
board,ashby,wand,wand,slug,https://jobs.ashbyhq.com/wand,https://api.ashbyhq.com/posting-api/job-board/wand,https://api.ashbyhq.com/posting-api/job-board/wand?includeCompensation=true,GET,listed_in_PDFtoWebsite_alt_ashby_source,2026-09-21,ashby_board_tokens_1662.csv,https://github.com/vedangvatsa/PDFtoWebsite/blob/main/run-cj.mjs,Imported from the user-provided board-token registry.
board,ashby,warp,warp,slug,https://jobs.ashbyhq.com/warp,https://api.ashbyhq.com/posting-api/job-board/warp,https://api.ashbyhq.com/posting-api/job-board/warp?includeCompensation=true,GET,listed_in_PDFtoWebsite_ashby_source,2026-09-21,ashby_board_tokens_1662.csv,https://github.com/vedangvatsa/PDFtoWebsite/blob/main/.github/scripts/jobs-sync.mjs,Imported from the user-provided board-token registry.
board,ashby,watershed,watershed,slug,https://jobs.ashbyhq.com/watershed,https://api.ashbyhq.com/posting-api/job-board/watershed,https://api.ashbyhq.com/posting-api/job-board/watershed?includeCompensation=true,GET,listed_in_PDFtoWebsite_ashby_source,2026-09-21,ashby_board_tokens_1662.csv,https://github.com/vedangvatsa/PDFtoWebsite/blob/main/.github/scripts/jobs-sync.mjs,Imported from the user-provided board-token registry.
board,ashby,wayflyer,wayflyer,slug,https://jobs.ashbyhq.com/wayflyer,https://api.ashbyhq.com/posting-api/job-board/wayflyer,https://api.ashbyhq.com/posting-api/job-board/wayflyer?includeCompensation=true,GET,listed_in_PDFtoWebsite_ashby_source,2026-09-21,ashby_board_tokens_1662.csv,https://github.com/vedangvatsa/PDFtoWebsite/blob/main/.github/scripts/jobs-sync.mjs,Imported from the user-provided board-token registry.
board,ashby,wealth-com,wealth-com,slug,https://jobs.ashbyhq.com/wealth-com,https://api.ashbyhq.com/posting-api/job-board/wealth-com,https://api.ashbyhq.com/posting-api/job-board/wealth-com?includeCompensation=true,GET,listed_in_PDFtoWebsite_ashby_source,2026-09-21,ashby_board_tokens_1662.csv,https://github.com/vedangvatsa/PDFtoWebsite/blob/main/.github/scripts/jobs-sync.mjs,Imported from the user-provided board-token registry.
board,ashby,wealthsimple,wealthsimple,slug,https://jobs.ashbyhq.com/wealthsimple,https://api.ashbyhq.com/posting-api/job-board/wealthsimple,https://api.ashbyhq.com/posting-api/job-board/wealthsimple?includeCompensation=true,GET,listed_in_PDFtoWebsite_ashby_source,2026-09-21,ashby_board_tokens_1662.csv,https://github.com/vedangvatsa/PDFtoWebsite/blob/main/.github/scripts/jobs-sync.mjs,Imported from the user-provided board-token registry.
board,ashby,weave,weave,slug,https://jobs.ashbyhq.com/weave,https://api.ashbyhq.com/posting-api/job-board/weave,https://api.ashbyhq.com/posting-api/job-board/weave?includeCompensation=true,GET,listed_in_PDFtoWebsite_ashby_source,2026-09-21,ashby_board_tokens_1662.csv,https://github.com/vedangvatsa/PDFtoWebsite/blob/main/.github/scripts/jobs-sync.mjs,Imported from the user-provided board-token registry.
board,ashby,weaviate,weaviate,slug,https://jobs.ashbyhq.com/weaviate,https://api.ashbyhq.com/posting-api/job-board/weaviate,https://api.ashbyhq.com/posting-api/job-board/weaviate?includeCompensation=true,GET,listed_in_PDFtoWebsite_ashby_source,2026-09-21,ashby_board_tokens_1662.csv,https://github.com/vedangvatsa/PDFtoWebsite/blob/main/.github/scripts/jobs-sync.mjs,Imported from the user-provided board-token registry.
board,ashby,webai,webai,slug,https://jobs.ashbyhq.com/webai,https://api.ashbyhq.com/posting-api/job-board/webai,https://api.ashbyhq.com/posting-api/job-board/webai?includeCompensation=true,GET,listed_in_PDFtoWebsite_ashby_source,2026-09-21,ashby_board_tokens_1662.csv,https://github.com/vedangvatsa/PDFtoWebsite/blob/main/.github/scripts/jobs-sync.mjs,Imported from the user-provided board-token registry.
board,ashby,weekend,weekend,slug,https://jobs.ashbyhq.com/weekend,https://api.ashbyhq.com/posting-api/job-board/weekend,https://api.ashbyhq.com/posting-api/job-board/weekend?includeCompensation=true,GET,listed_in_PDFtoWebsite_ashby_source,2026-09-21,ashby_board_tokens_1662.csv,https://github.com/vedangvatsa/PDFtoWebsite/blob/main/.github/scripts/jobs-sync.mjs,Imported from the user-provided board-token registry.
board,ashby,wellth,wellth,slug,https://jobs.ashbyhq.com/wellth,https://api.ashbyhq.com/posting-api/job-board/wellth,https://api.ashbyhq.com/posting-api/job-board/wellth?includeCompensation=true,GET,listed_in_PDFtoWebsite_ashby_source,2026-09-21,ashby_board_tokens_1662.csv,https://github.com/vedangvatsa/PDFtoWebsite/blob/main/.github/scripts/jobs-sync.mjs,Imported from the user-provided board-token registry.
board,ashby,what3words,what3words,slug,https://jobs.ashbyhq.com/what3words,https://api.ashbyhq.com/posting-api/job-board/what3words,https://api.ashbyhq.com/posting-api/job-board/what3words?includeCompensation=true,GET,listed_in_PDFtoWebsite_ashby_source,2026-09-21,ashby_board_tokens_1662.csv,https://github.com/vedangvatsa/PDFtoWebsite/blob/main/.github/scripts/jobs-sync.mjs,Imported from the user-provided board-token registry.
board,ashby,wheel,wheel,slug,https://jobs.ashbyhq.com/wheel,https://api.ashbyhq.com/posting-api/job-board/wheel,https://api.ashbyhq.com/posting-api/job-board/wheel?includeCompensation=true,GET,listed_in_PDFtoWebsite_ashby_source,2026-09-21,ashby_board_tokens_1662.csv,https://github.com/vedangvatsa/PDFtoWebsite/blob/main/.github/scripts/jobs-sync.mjs,Imported from the user-provided board-token registry.
board,ashby,whetstoneresearch,whetstoneresearch,slug,https://jobs.ashbyhq.com/whetstoneresearch,https://api.ashbyhq.com/posting-api/job-board/whetstoneresearch,https://api.ashbyhq.com/posting-api/job-board/whetstoneresearch?includeCompensation=true,GET,listed_in_PDFtoWebsite_ashby_source,2026-09-21,ashby_board_tokens_1662.csv,https://github.com/vedangvatsa/PDFtoWebsite/blob/main/.github/scripts/jobs-sync.mjs,Imported from the user-provided board-token registry.
board,ashby,whippy,whippy,slug,https://jobs.ashbyhq.com/whippy,https://api.ashbyhq.com/posting-api/job-board/whippy,https://api.ashbyhq.com/posting-api/job-board/whippy?includeCompensation=true,GET,listed_in_PDFtoWebsite_ashby_source,2026-09-21,ashby_board_tokens_1662.csv,https://github.com/vedangvatsa/PDFtoWebsite/blob/main/.github/scripts/jobs-sync.mjs,Imported from the user-provided board-token registry.
board,ashby,whoop,whoop,slug,https://jobs.ashbyhq.com/whoop,https://api.ashbyhq.com/posting-api/job-board/whoop,https://api.ashbyhq.com/posting-api/job-board/whoop?includeCompensation=true,GET,verified_in_open-ats-jobs_ashby_source,2026-08-18,ashby_board_tokens_1662.csv,https://github.com/splashdeluxe/open-ats-jobs/blob/main/seeds/companies.json,Imported from the user-provided board-token registry.
board,ashby,winona,winona,slug,https://jobs.ashbyhq.com/winona,https://api.ashbyhq.com/posting-api/job-board/winona,https://api.ashbyhq.com/posting-api/job-board/winona?includeCompensation=true,GET,listed_in_PDFtoWebsite_ashby_source,2026-09-21,ashby_board_tokens_1662.csv,https://github.com/vedangvatsa/PDFtoWebsite/blob/main/.github/scripts/jobs-sync.mjs,Imported from the user-provided board-token registry.
board,ashby,wisp,wisp,slug,https://jobs.ashbyhq.com/wisp,https://api.ashbyhq.com/posting-api/job-board/wisp,https://api.ashbyhq.com/posting-api/job-board/wisp?includeCompensation=true,GET,listed_in_PDFtoWebsite_ashby_source,2026-09-21,ashby_board_tokens_1662.csv,https://github.com/vedangvatsa/PDFtoWebsite/blob/main/.github/scripts/jobs-sync.mjs,Imported from the user-provided board-token registry.
board,ashby,wispr-flow,wispr-flow,slug,https://jobs.ashbyhq.com/wispr-flow,https://api.ashbyhq.com/posting-api/job-board/wispr-flow,https://api.ashbyhq.com/posting-api/job-board/wispr-flow?includeCompensation=true,GET,listed_in_PDFtoWebsite_ashby_source,2026-09-21,ashby_board_tokens_1662.csv,https://github.com/vedangvatsa/PDFtoWebsite/blob/main/.github/scripts/jobs-sync.mjs,Imported from the user-provided board-token registry.
board,ashby,wistia,wistia,slug,https://jobs.ashbyhq.com/wistia,https://api.ashbyhq.com/posting-api/job-board/wistia,https://api.ashbyhq.com/posting-api/job-board/wistia?includeCompensation=true,GET,listed_in_PDFtoWebsite_ashby_source,2026-09-21,ashby_board_tokens_1662.csv,https://github.com/vedangvatsa/PDFtoWebsite/blob/main/.github/scripts/jobs-sync.mjs,Imported from the user-provided board-token registry.
board,ashby,withcherry,withcherry,slug,https://jobs.ashbyhq.com/withcherry,https://api.ashbyhq.com/posting-api/job-board/withcherry,https://api.ashbyhq.com/posting-api/job-board/withcherry?includeCompensation=true,GET,listed_in_PDFtoWebsite_alt_ashby_source,2026-09-21,ashby_board_tokens_1662.csv,https://github.com/vedangvatsa/PDFtoWebsite/blob/main/run-cj.mjs,Imported from the user-provided board-token registry.
board,ashby,withclutch,withclutch,slug,https://jobs.ashbyhq.com/withclutch,https://api.ashbyhq.com/posting-api/job-board/withclutch,https://api.ashbyhq.com/posting-api/job-board/withclutch?includeCompensation=true,GET,listed_in_PDFtoWebsite_ashby_source,2026-09-21,ashby_board_tokens_1662.csv,https://github.com/vedangvatsa/PDFtoWebsite/blob/main/.github/scripts/jobs-sync.mjs,Imported from the user-provided board-token registry.
board,ashby,withdaydream,withdaydream,slug,https://jobs.ashbyhq.com/withdaydream,https://api.ashbyhq.com/posting-api/job-board/withdaydream,https://api.ashbyhq.com/posting-api/job-board/withdaydream?includeCompensation=true,GET,listed_in_PDFtoWebsite_ashby_source,2026-09-21,ashby_board_tokens_1662.csv,https://github.com/vedangvatsa/PDFtoWebsite/blob/main/.github/scripts/jobs-sync.mjs,Imported from the user-provided board-token registry.
board,ashby,withdefault,withdefault,slug,https://jobs.ashbyhq.com/withdefault,https://api.ashbyhq.com/posting-api/job-board/withdefault,https://api.ashbyhq.com/posting-api/job-board/withdefault?includeCompensation=true,GET,listed_in_PDFtoWebsite_ashby_source,2026-09-21,ashby_board_tokens_1662.csv,https://github.com/vedangvatsa/PDFtoWebsite/blob/main/.github/scripts/jobs-sync.mjs,Imported from the user-provided board-token registry.
board,ashby,withpulley,withpulley,slug,https://jobs.ashbyhq.com/withpulley,https://api.ashbyhq.com/posting-api/job-board/withpulley,https://api.ashbyhq.com/posting-api/job-board/withpulley?includeCompensation=true,GET,listed_in_PDFtoWebsite_ashby_source,2026-09-21,ashby_board_tokens_1662.csv,https://github.com/vedangvatsa/PDFtoWebsite/blob/main/.github/scripts/jobs-sync.mjs,Imported from the user-provided board-token registry.
board,ashby,withwisdom,withwisdom,slug,https://jobs.ashbyhq.com/withwisdom,https://api.ashbyhq.com/posting-api/job-board/withwisdom,https://api.ashbyhq.com/posting-api/job-board/withwisdom?includeCompensation=true,GET,listed_in_PDFtoWebsite_ashby_source,2026-09-21,ashby_board_tokens_1662.csv,https://github.com/vedangvatsa/PDFtoWebsite/blob/main/.github/scripts/jobs-sync.mjs,Imported from the user-provided board-token registry.
board,ashby,witnessai,witnessai,slug,https://jobs.ashbyhq.com/witnessai,https://api.ashbyhq.com/posting-api/job-board/witnessai,https://api.ashbyhq.com/posting-api/job-board/witnessai?includeCompensation=true,GET,listed_in_PDFtoWebsite_ashby_source,2026-09-21,ashby_board_tokens_1662.csv,https://github.com/vedangvatsa/PDFtoWebsite/blob/main/.github/scripts/jobs-sync.mjs,Imported from the user-provided board-token registry.
board,ashby,woflow,woflow,slug,https://jobs.ashbyhq.com/woflow,https://api.ashbyhq.com/posting-api/job-board/woflow,https://api.ashbyhq.com/posting-api/job-board/woflow?includeCompensation=true,GET,listed_in_PDFtoWebsite_ashby_source,2026-09-21,ashby_board_tokens_1662.csv,https://github.com/vedangvatsa/PDFtoWebsite/blob/main/.github/scripts/jobs-sync.mjs,Imported from the user-provided board-token registry.
board,ashby,wokelo-ai,wokelo-ai,slug,https://jobs.ashbyhq.com/wokelo-ai,https://api.ashbyhq.com/posting-api/job-board/wokelo-ai,https://api.ashbyhq.com/posting-api/job-board/wokelo-ai?includeCompensation=true,GET,listed_in_PDFtoWebsite_alt_ashby_source,2026-09-21,ashby_board_tokens_1662.csv,https://github.com/vedangvatsa/PDFtoWebsite/blob/main/run-cj.mjs,Imported from the user-provided board-token registry.
board,ashby,wordsmith,wordsmith,slug,https://jobs.ashbyhq.com/wordsmith,https://api.ashbyhq.com/posting-api/job-board/wordsmith,https://api.ashbyhq.com/posting-api/job-board/wordsmith?includeCompensation=true,GET,listed_in_PDFtoWebsite_ashby_source,2026-09-21,ashby_board_tokens_1662.csv,https://github.com/vedangvatsa/PDFtoWebsite/blob/main/.github/scripts/jobs-sync.mjs,Imported from the user-provided board-token registry.
board,ashby,wordware.ai,wordware.ai,slug,https://jobs.ashbyhq.com/wordware.ai,https://api.ashbyhq.com/posting-api/job-board/wordware.ai,https://api.ashbyhq.com/posting-api/job-board/wordware.ai?includeCompensation=true,GET,listed_in_PDFtoWebsite_alt_ashby_source,2026-09-21,ashby_board_tokens_1662.csv,https://github.com/vedangvatsa/PDFtoWebsite/blob/main/run-cj.mjs,Imported from the user-provided board-token registry.
board,ashby,workos,workos,slug,https://jobs.ashbyhq.com/workos,https://api.ashbyhq.com/posting-api/job-board/workos,https://api.ashbyhq.com/posting-api/job-board/workos?includeCompensation=true,GET,verified_in_open-ats-jobs_ashby_source,2026-08-18,ashby_board_tokens_1662.csv,https://github.com/splashdeluxe/open-ats-jobs/blob/main/seeds/companies.json,Imported from the user-provided board-token registry.
board,ashby,workweave,workweave,slug,https://jobs.ashbyhq.com/workweave,https://api.ashbyhq.com/posting-api/job-board/workweave,https://api.ashbyhq.com/posting-api/job-board/workweave?includeCompensation=true,GET,listed_in_PDFtoWebsite_ashby_source,2026-09-21,ashby_board_tokens_1662.csv,https://github.com/vedangvatsa/PDFtoWebsite/blob/main/.github/scripts/jobs-sync.mjs,Imported from the user-provided board-token registry.
board,ashby,workyard,workyard,slug,https://jobs.ashbyhq.com/workyard,https://api.ashbyhq.com/posting-api/job-board/workyard,https://api.ashbyhq.com/posting-api/job-board/workyard?includeCompensation=true,GET,listed_in_PDFtoWebsite_ashby_source,2026-09-21,ashby_board_tokens_1662.csv,https://github.com/vedangvatsa/PDFtoWebsite/blob/main/.github/scripts/jobs-sync.mjs,Imported from the user-provided board-token registry.
board,ashby,worldly,worldly,slug,https://jobs.ashbyhq.com/worldly,https://api.ashbyhq.com/posting-api/job-board/worldly,https://api.ashbyhq.com/posting-api/job-board/worldly?includeCompensation=true,GET,listed_in_PDFtoWebsite_ashby_source,2026-09-21,ashby_board_tokens_1662.csv,https://github.com/vedangvatsa/PDFtoWebsite/blob/main/.github/scripts/jobs-sync.mjs,Imported from the user-provided board-token registry.
board,ashby,wormholelabs,wormholelabs,slug,https://jobs.ashbyhq.com/wormholelabs,https://api.ashbyhq.com/posting-api/job-board/wormholelabs,https://api.ashbyhq.com/posting-api/job-board/wormholelabs?includeCompensation=true,GET,listed_in_PDFtoWebsite_ashby_source,2026-09-21,ashby_board_tokens_1662.csv,https://github.com/vedangvatsa/PDFtoWebsite/blob/main/.github/scripts/jobs-sync.mjs,Imported from the user-provided board-token registry.
board,ashby,wrapbook,wrapbook,slug,https://jobs.ashbyhq.com/wrapbook,https://api.ashbyhq.com/posting-api/job-board/wrapbook,https://api.ashbyhq.com/posting-api/job-board/wrapbook?includeCompensation=true,GET,listed_in_PDFtoWebsite_ashby_source,2026-09-21,ashby_board_tokens_1662.csv,https://github.com/vedangvatsa/PDFtoWebsite/blob/main/.github/scripts/jobs-sync.mjs,Imported from the user-provided board-token registry.
board,ashby,writer,writer,slug,https://jobs.ashbyhq.com/writer,https://api.ashbyhq.com/posting-api/job-board/writer,https://api.ashbyhq.com/posting-api/job-board/writer?includeCompensation=true,GET,listed_in_PDFtoWebsite_ashby_source,2026-09-21,ashby_board_tokens_1662.csv,https://github.com/vedangvatsa/PDFtoWebsite/blob/main/.github/scripts/jobs-sync.mjs,Imported from the user-provided board-token registry.
board,ashby,wundergraph,wundergraph,slug,https://jobs.ashbyhq.com/wundergraph,https://api.ashbyhq.com/posting-api/job-board/wundergraph,https://api.ashbyhq.com/posting-api/job-board/wundergraph?includeCompensation=true,GET,listed_in_PDFtoWebsite_ashby_source,2026-09-21,ashby_board_tokens_1662.csv,https://github.com/vedangvatsa/PDFtoWebsite/blob/main/.github/scripts/jobs-sync.mjs,Imported from the user-provided board-token registry.
board,ashby,xbowcareers,xbowcareers,slug,https://jobs.ashbyhq.com/xbowcareers,https://api.ashbyhq.com/posting-api/job-board/xbowcareers,https://api.ashbyhq.com/posting-api/job-board/xbowcareers?includeCompensation=true,GET,listed_in_PDFtoWebsite_ashby_source,2026-09-21,ashby_board_tokens_1662.csv,https://github.com/vedangvatsa/PDFtoWebsite/blob/main/.github/scripts/jobs-sync.mjs,Imported from the user-provided board-token registry.
board,ashby,yeet,yeet,slug,https://jobs.ashbyhq.com/yeet,https://api.ashbyhq.com/posting-api/job-board/yeet,https://api.ashbyhq.com/posting-api/job-board/yeet?includeCompensation=true,GET,listed_in_PDFtoWebsite_ashby_source,2026-09-21,ashby_board_tokens_1662.csv,https://github.com/vedangvatsa/PDFtoWebsite/blob/main/.github/scripts/jobs-sync.mjs,Imported from the user-provided board-token registry.
board,ashby,yendo,yendo,slug,https://jobs.ashbyhq.com/yendo,https://api.ashbyhq.com/posting-api/job-board/yendo,https://api.ashbyhq.com/posting-api/job-board/yendo?includeCompensation=true,GET,listed_in_PDFtoWebsite_ashby_source,2026-09-21,ashby_board_tokens_1662.csv,https://github.com/vedangvatsa/PDFtoWebsite/blob/main/.github/scripts/jobs-sync.mjs,Imported from the user-provided board-token registry.
board,ashby,yondr,yondr,slug,https://jobs.ashbyhq.com/yondr,https://api.ashbyhq.com/posting-api/job-board/yondr,https://api.ashbyhq.com/posting-api/job-board/yondr?includeCompensation=true,GET,listed_in_PDFtoWebsite_ashby_source,2026-09-21,ashby_board_tokens_1662.csv,https://github.com/vedangvatsa/PDFtoWebsite/blob/main/.github/scripts/jobs-sync.mjs,Imported from the user-provided board-token registry.
board,ashby,you-health,you-health,slug,https://jobs.ashbyhq.com/you-health,https://api.ashbyhq.com/posting-api/job-board/you-health,https://api.ashbyhq.com/posting-api/job-board/you-health?includeCompensation=true,GET,listed_in_PDFtoWebsite_ashby_source,2026-09-21,ashby_board_tokens_1662.csv,https://github.com/vedangvatsa/PDFtoWebsite/blob/main/.github/scripts/jobs-sync.mjs,Imported from the user-provided board-token registry.
board,ashby,yourco,yourco,slug,https://jobs.ashbyhq.com/yourco,https://api.ashbyhq.com/posting-api/job-board/yourco,https://api.ashbyhq.com/posting-api/job-board/yourco?includeCompensation=true,GET,listed_in_PDFtoWebsite_ashby_source,2026-09-21,ashby_board_tokens_1662.csv,https://github.com/vedangvatsa/PDFtoWebsite/blob/main/.github/scripts/jobs-sync.mjs,Imported from the user-provided board-token registry.
board,ashby,zapier,zapier,slug,https://jobs.ashbyhq.com/zapier,https://api.ashbyhq.com/posting-api/job-board/zapier,https://api.ashbyhq.com/posting-api/job-board/zapier?includeCompensation=true,GET,listed_in_PDFtoWebsite_ashby_source,2026-09-21,ashby_board_tokens_1662.csv,https://github.com/vedangvatsa/PDFtoWebsite/blob/main/.github/scripts/jobs-sync.mjs,Imported from the user-provided board-token registry.
board,ashby,zayzoon,zayzoon,slug,https://jobs.ashbyhq.com/zayzoon,https://api.ashbyhq.com/posting-api/job-board/zayzoon,https://api.ashbyhq.com/posting-api/job-board/zayzoon?includeCompensation=true,GET,listed_in_PDFtoWebsite_ashby_source,2026-09-21,ashby_board_tokens_1662.csv,https://github.com/vedangvatsa/PDFtoWebsite/blob/main/.github/scripts/jobs-sync.mjs,Imported from the user-provided board-token registry.
board,ashby,zed,zed,slug,https://jobs.ashbyhq.com/zed,https://api.ashbyhq.com/posting-api/job-board/zed,https://api.ashbyhq.com/posting-api/job-board/zed?includeCompensation=true,GET,listed_in_PDFtoWebsite_ashby_source,2026-09-21,ashby_board_tokens_1662.csv,https://github.com/vedangvatsa/PDFtoWebsite/blob/main/.github/scripts/jobs-sync.mjs,Imported from the user-provided board-token registry.
board,ashby,zeely,zeely,slug,https://jobs.ashbyhq.com/zeely,https://api.ashbyhq.com/posting-api/job-board/zeely,https://api.ashbyhq.com/posting-api/job-board/zeely?includeCompensation=true,GET,listed_in_PDFtoWebsite_ashby_source,2026-09-21,ashby_board_tokens_1662.csv,https://github.com/vedangvatsa/PDFtoWebsite/blob/main/.github/scripts/jobs-sync.mjs,Imported from the user-provided board-token registry.
board,ashby,zeit-ai,zeit-ai,slug,https://jobs.ashbyhq.com/zeit-ai,https://api.ashbyhq.com/posting-api/job-board/zeit-ai,https://api.ashbyhq.com/posting-api/job-board/zeit-ai?includeCompensation=true,GET,listed_in_PDFtoWebsite_ashby_source,2026-09-21,ashby_board_tokens_1662.csv,https://github.com/vedangvatsa/PDFtoWebsite/blob/main/.github/scripts/jobs-sync.mjs,Imported from the user-provided board-token registry.
board,ashby,zello,zello,slug,https://jobs.ashbyhq.com/zello,https://api.ashbyhq.com/posting-api/job-board/zello,https://api.ashbyhq.com/posting-api/job-board/zello?includeCompensation=true,GET,listed_in_PDFtoWebsite_ashby_source,2026-09-21,ashby_board_tokens_1662.csv,https://github.com/vedangvatsa/PDFtoWebsite/blob/main/.github/scripts/jobs-sync.mjs,Imported from the user-provided board-token registry.
board,ashby,zencastr,zencastr,slug,https://jobs.ashbyhq.com/zencastr,https://api.ashbyhq.com/posting-api/job-board/zencastr,https://api.ashbyhq.com/posting-api/job-board/zencastr?includeCompensation=true,GET,listed_in_PDFtoWebsite_ashby_source,2026-09-21,ashby_board_tokens_1662.csv,https://github.com/vedangvatsa/PDFtoWebsite/blob/main/.github/scripts/jobs-sync.mjs,Imported from the user-provided board-token registry.
board,ashby,zenjob,zenjob,slug,https://jobs.ashbyhq.com/zenjob,https://api.ashbyhq.com/posting-api/job-board/zenjob,https://api.ashbyhq.com/posting-api/job-board/zenjob?includeCompensation=true,GET,listed_in_PDFtoWebsite_ashby_source,2026-09-21,ashby_board_tokens_1662.csv,https://github.com/vedangvatsa/PDFtoWebsite/blob/main/.github/scripts/jobs-sync.mjs,Imported from the user-provided board-token registry.
board,ashby,zero,zero,slug,https://jobs.ashbyhq.com/zero,https://api.ashbyhq.com/posting-api/job-board/zero,https://api.ashbyhq.com/posting-api/job-board/zero?includeCompensation=true,GET,listed_in_PDFtoWebsite_ashby_source,2026-09-21,ashby_board_tokens_1662.csv,https://github.com/vedangvatsa/PDFtoWebsite/blob/main/.github/scripts/jobs-sync.mjs,Imported from the user-provided board-token registry.
board,ashby,zerorfi,zerorfi,slug,https://jobs.ashbyhq.com/zerorfi,https://api.ashbyhq.com/posting-api/job-board/zerorfi,https://api.ashbyhq.com/posting-api/job-board/zerorfi?includeCompensation=true,GET,listed_in_PDFtoWebsite_ashby_source,2026-09-21,ashby_board_tokens_1662.csv,https://github.com/vedangvatsa/PDFtoWebsite/blob/main/.github/scripts/jobs-sync.mjs,Imported from the user-provided board-token registry.
board,ashby,zettabyte-space,zettabyte-space,slug,https://jobs.ashbyhq.com/zettabyte-space,https://api.ashbyhq.com/posting-api/job-board/zettabyte-space,https://api.ashbyhq.com/posting-api/job-board/zettabyte-space?includeCompensation=true,GET,listed_in_PDFtoWebsite_ashby_source,2026-09-21,ashby_board_tokens_1662.csv,https://github.com/vedangvatsa/PDFtoWebsite/blob/main/.github/scripts/jobs-sync.mjs,Imported from the user-provided board-token registry.
board,ashby,zilch,zilch,slug,https://jobs.ashbyhq.com/zilch,https://api.ashbyhq.com/posting-api/job-board/zilch,https://api.ashbyhq.com/posting-api/job-board/zilch?includeCompensation=true,GET,listed_in_PDFtoWebsite_ashby_source,2026-09-21,ashby_board_tokens_1662.csv,https://github.com/vedangvatsa/PDFtoWebsite/blob/main/.github/scripts/jobs-sync.mjs,Imported from the user-provided board-token registry.
board,ashby,zip,zip,slug,https://jobs.ashbyhq.com/zip,https://api.ashbyhq.com/posting-api/job-board/zip,https://api.ashbyhq.com/posting-api/job-board/zip?includeCompensation=true,GET,listed_in_PDFtoWebsite_ashby_source,2026-09-21,ashby_board_tokens_1662.csv,https://github.com/vedangvatsa/PDFtoWebsite/blob/main/.github/scripts/jobs-sync.mjs,Imported from the user-provided board-token registry.
board,ashby,zippymh,zippymh,slug,https://jobs.ashbyhq.com/zippymh,https://api.ashbyhq.com/posting-api/job-board/zippymh,https://api.ashbyhq.com/posting-api/job-board/zippymh?includeCompensation=true,GET,listed_in_PDFtoWebsite_ashby_source,2026-09-21,ashby_board_tokens_1662.csv,https://github.com/vedangvatsa/PDFtoWebsite/blob/main/.github/scripts/jobs-sync.mjs,Imported from the user-provided board-token registry.
board,ashby,zyphra,zyphra,slug,https://jobs.ashbyhq.com/zyphra,https://api.ashbyhq.com/posting-api/job-board/zyphra,https://api.ashbyhq.com/posting-api/job-board/zyphra?includeCompensation=true,GET,listed_in_PDFtoWebsite_ashby_source,2026-09-21,ashby_board_tokens_1662.csv,https://github.com/vedangvatsa/PDFtoWebsite/blob/main/.github/scripts/jobs-sync.mjs,Imported from the user-provided board-token registry.
directory,ashby,Feashliaa/job-board-aggregator,,directory_url,,,,,directory_to_expand,2026-09-22,Feashliaa/job-board-aggregator,https://raw.githubusercontent.com/Feashliaa/job-board-aggregator/main/data/ashby_companies.json,Flat JSON array of Ashby board slugs. Known snapshot count: 3161.
