entry_type,ats,company,board_token,token_type,hosted_board_url,api_jobs_url,api_jobs_content_url,api_method,source_status,source_checked_date,source_dataset,source_url,notes
board,smartrecruiters,10times,10times,company_slug,https://jobs.smartrecruiters.com/10times,https://api.smartrecruiters.com/v1/companies/10times/postings,,GET,public_seed_unverified,2026-09-22,Tindi12/Scout public ATS list + GitHub code-search harvest,https://github.com/,Publicly observed ATS tenant/board token. Validate live status during crawler execution.
board,smartrecruiters,a44games,a44games,company_slug,https://jobs.smartrecruiters.com/a44games,https://api.smartrecruiters.com/v1/companies/a44games/postings,,GET,public_seed_unverified,2026-09-22,Tindi12/Scout public ATS list + GitHub code-search harvest,https://github.com/,Publicly observed ATS tenant/board token. Validate live status during crawler execution.
board,smartrecruiters,abbott,abbott,company_slug,https://jobs.smartrecruiters.com/abbott,https://api.smartrecruiters.com/v1/companies/abbott/postings,,GET,public_seed_unverified,2026-09-22,Tindi12/Scout public ATS list + GitHub code-search harvest,https://github.com/,Publicly observed ATS tenant/board token. Validate live status during crawler execution.
board,smartrecruiters,abbvie,abbvie,company_slug,https://jobs.smartrecruiters.com/abbvie,https://api.smartrecruiters.com/v1/companies/abbvie/postings,,GET,public_seed_unverified,2026-09-22,Tindi12/Scout public ATS list + GitHub code-search harvest,https://github.com/,Publicly observed ATS tenant/board token. Validate live status during crawler execution.
board,smartrecruiters,abgames,abgames,company_slug,https://jobs.smartrecruiters.com/abgames,https://api.smartrecruiters.com/v1/companies/abgames/postings,,GET,public_seed_unverified,2026-09-22,Tindi12/Scout public ATS list + GitHub code-search harvest,https://github.com/,Publicly observed ATS tenant/board token. Validate live status during crawler execution.
board,smartrecruiters,aboutyougmbh,aboutyougmbh,company_slug,https://jobs.smartrecruiters.com/aboutyougmbh,https://api.smartrecruiters.com/v1/companies/aboutyougmbh/postings,,GET,public_seed_unverified,2026-09-22,Tindi12/Scout public ATS list + GitHub code-search harvest,https://github.com/,Publicly observed ATS tenant/board token. Validate live status during crawler execution.
board,smartrecruiters,abstrabittechnologiespvtltd,abstrabittechnologiespvtltd,company_slug,https://jobs.smartrecruiters.com/abstrabittechnologiespvtltd,https://api.smartrecruiters.com/v1/companies/abstrabittechnologiespvtltd/postings,,GET,public_seed_unverified,2026-09-22,Tindi12/Scout public ATS list + GitHub code-search harvest,https://github.com/,Publicly observed ATS tenant/board token. Validate live status during crawler execution.
board,smartrecruiters,accenturefederalservices,accenturefederalservices,company_slug,https://jobs.smartrecruiters.com/accenturefederalservices,https://api.smartrecruiters.com/v1/companies/accenturefederalservices/postings,,GET,public_seed_unverified,2026-09-22,Tindi12/Scout public ATS list + GitHub code-search harvest,https://github.com/,Publicly observed ATS tenant/board token. Validate live status during crawler execution.
board,smartrecruiters,accor,accor,company_slug,https://jobs.smartrecruiters.com/accor,https://api.smartrecruiters.com/v1/companies/accor/postings,,GET,public_seed_unverified,2026-09-22,Tindi12/Scout public ATS list + GitHub code-search harvest,https://github.com/,Publicly observed ATS tenant/board token. Validate live status during crawler execution.
board,smartrecruiters,accuratebackground,accuratebackground,company_slug,https://jobs.smartrecruiters.com/accuratebackground,https://api.smartrecruiters.com/v1/companies/accuratebackground/postings,,GET,public_seed_unverified,2026-09-22,Tindi12/Scout public ATS list + GitHub code-search harvest,https://github.com/,Publicly observed ATS tenant/board token. Validate live status during crawler execution.
board,smartrecruiters,acldigital,acldigital,company_slug,https://jobs.smartrecruiters.com/acldigital,https://api.smartrecruiters.com/v1/companies/acldigital/postings,,GET,public_seed_unverified,2026-09-22,Tindi12/Scout public ATS list + GitHub code-search harvest,https://github.com/,Publicly observed ATS tenant/board token. Validate live status during crawler execution.
board,smartrecruiters,acumatica,acumatica,company_slug,https://jobs.smartrecruiters.com/acumatica,https://api.smartrecruiters.com/v1/companies/acumatica/postings,,GET,public_seed_unverified,2026-09-22,Tindi12/Scout public ATS list + GitHub code-search harvest,https://github.com/,Publicly observed ATS tenant/board token. Validate live status during crawler execution.
board,smartrecruiters,adidas,adidas,company_slug,https://jobs.smartrecruiters.com/adidas,https://api.smartrecruiters.com/v1/companies/adidas/postings,,GET,public_seed_unverified,2026-09-22,Tindi12/Scout public ATS list + GitHub code-search harvest,https://github.com/,Publicly observed ATS tenant/board token. Validate live status during crawler execution.
board,smartrecruiters,adiresourcing,adiresourcing,company_slug,https://jobs.smartrecruiters.com/adiresourcing,https://api.smartrecruiters.com/v1/companies/adiresourcing/postings,,GET,public_seed_unverified,2026-09-22,Tindi12/Scout public ATS list + GitHub code-search harvest,https://github.com/,Publicly observed ATS tenant/board token. Validate live status during crawler execution.
board,smartrecruiters,adpushup,adpushup,company_slug,https://jobs.smartrecruiters.com/adpushup,https://api.smartrecruiters.com/v1/companies/adpushup/postings,,GET,public_seed_unverified,2026-09-22,Tindi12/Scout public ATS list + GitHub code-search harvest,https://github.com/,Publicly observed ATS tenant/board token. Validate live status during crawler execution.
board,smartrecruiters,advantagesolutions,advantagesolutions,company_slug,https://jobs.smartrecruiters.com/advantagesolutions,https://api.smartrecruiters.com/v1/companies/advantagesolutions/postings,,GET,public_seed_unverified,2026-09-22,Tindi12/Scout public ATS list + GitHub code-search harvest,https://github.com/,Publicly observed ATS tenant/board token. Validate live status during crawler execution.
board,smartrecruiters,aerovect,aerovect,company_slug,https://jobs.smartrecruiters.com/aerovect,https://api.smartrecruiters.com/v1/companies/aerovect/postings,,GET,public_seed_unverified,2026-09-22,Tindi12/Scout public ATS list + GitHub code-search harvest,https://github.com/,Publicly observed ATS tenant/board token. Validate live status during crawler execution.
board,smartrecruiters,afficiency,afficiency,company_slug,https://jobs.smartrecruiters.com/afficiency,https://api.smartrecruiters.com/v1/companies/afficiency/postings,,GET,public_seed_unverified,2026-09-22,Tindi12/Scout public ATS list + GitHub code-search harvest,https://github.com/,Publicly observed ATS tenant/board token. Validate live status during crawler execution.
board,smartrecruiters,afry,afry,company_slug,https://jobs.smartrecruiters.com/afry,https://api.smartrecruiters.com/v1/companies/afry/postings,,GET,public_seed_unverified,2026-09-22,Tindi12/Scout public ATS list + GitHub code-search harvest,https://github.com/,Publicly observed ATS tenant/board token. Validate live status during crawler execution.
board,smartrecruiters,agency09,agency09,company_slug,https://jobs.smartrecruiters.com/agency09,https://api.smartrecruiters.com/v1/companies/agency09/postings,,GET,public_seed_unverified,2026-09-22,Tindi12/Scout public ATS list + GitHub code-search harvest,https://github.com/,Publicly observed ATS tenant/board token. Validate live status during crawler execution.
board,smartrecruiters,agileengine,agileengine,company_slug,https://jobs.smartrecruiters.com/agileengine,https://api.smartrecruiters.com/v1/companies/agileengine/postings,,GET,public_seed_unverified,2026-09-22,Tindi12/Scout public ATS list + GitHub code-search harvest,https://github.com/,Publicly observed ATS tenant/board token. Validate live status during crawler execution.
board,smartrecruiters,agtechnologies1,agtechnologies1,company_slug,https://jobs.smartrecruiters.com/agtechnologies1,https://api.smartrecruiters.com/v1/companies/agtechnologies1/postings,,GET,public_seed_unverified,2026-09-22,Tindi12/Scout public ATS list + GitHub code-search harvest,https://github.com/,Publicly observed ATS tenant/board token. Validate live status during crawler execution.
board,smartrecruiters,airlabinc,airlabinc,company_slug,https://jobs.smartrecruiters.com/airlabinc,https://api.smartrecruiters.com/v1/companies/airlabinc/postings,,GET,public_seed_unverified,2026-09-22,Tindi12/Scout public ATS list + GitHub code-search harvest,https://github.com/,Publicly observed ATS tenant/board token. Validate live status during crawler execution.
board,smartrecruiters,ajnainfotech,ajnainfotech,company_slug,https://jobs.smartrecruiters.com/ajnainfotech,https://api.smartrecruiters.com/v1/companies/ajnainfotech/postings,,GET,public_seed_unverified,2026-09-22,Tindi12/Scout public ATS list + GitHub code-search harvest,https://github.com/,Publicly observed ATS tenant/board token. Validate live status during crawler execution.
board,smartrecruiters,alegrium1,alegrium1,company_slug,https://jobs.smartrecruiters.com/alegrium1,https://api.smartrecruiters.com/v1/companies/alegrium1/postings,,GET,public_seed_unverified,2026-09-22,Tindi12/Scout public ATS list + GitHub code-search harvest,https://github.com/,Publicly observed ATS tenant/board token. Validate live status during crawler execution.
board,smartrecruiters,alphamedia,alphamedia,company_slug,https://jobs.smartrecruiters.com/alphamedia,https://api.smartrecruiters.com/v1/companies/alphamedia/postings,,GET,public_seed_unverified,2026-09-22,Tindi12/Scout public ATS list + GitHub code-search harvest,https://github.com/,Publicly observed ATS tenant/board token. Validate live status during crawler execution.
board,smartrecruiters,alten,alten,company_slug,https://jobs.smartrecruiters.com/alten,https://api.smartrecruiters.com/v1/companies/alten/postings,,GET,public_seed_unverified,2026-09-22,Tindi12/Scout public ATS list + GitHub code-search harvest,https://github.com/,Publicly observed ATS tenant/board token. Validate live status during crawler execution.
board,smartrecruiters,Amref Health Africa,amrefhealthafrica,company_slug,https://jobs.smartrecruiters.com/amrefhealthafrica,https://api.smartrecruiters.com/v1/companies/amrefhealthafrica/postings,,GET,africa_directory_active,2026-09-22,Thelastpoet/africa-ats-directory,https://github.com/Thelastpoet/africa-ats-directory,Curated Africa ATS directory; country=KE; source status=active. Revalidate live status during crawl.
board,smartrecruiters,amvadev1,amvadev1,company_slug,https://jobs.smartrecruiters.com/amvadev1,https://api.smartrecruiters.com/v1/companies/amvadev1/postings,,GET,public_seed_unverified,2026-09-22,Tindi12/Scout public ATS list + GitHub code-search harvest,https://github.com/,Publicly observed ATS tenant/board token. Validate live status during crawler execution.
board,smartrecruiters,applicantz,applicantz,company_slug,https://jobs.smartrecruiters.com/applicantz,https://api.smartrecruiters.com/v1/companies/applicantz/postings,,GET,public_seed_unverified,2026-09-22,Tindi12/Scout public ATS list + GitHub code-search harvest,https://github.com/,Publicly observed ATS tenant/board token. Validate live status during crawler execution.
board,smartrecruiters,approvalmaxlimited,approvalmaxlimited,company_slug,https://jobs.smartrecruiters.com/approvalmaxlimited,https://api.smartrecruiters.com/v1/companies/approvalmaxlimited/postings,,GET,public_seed_unverified,2026-09-22,Tindi12/Scout public ATS list + GitHub code-search harvest,https://github.com/,Publicly observed ATS tenant/board token. Validate live status during crawler execution.
board,smartrecruiters,arhs,arhs,company_slug,https://jobs.smartrecruiters.com/arhs,https://api.smartrecruiters.com/v1/companies/arhs/postings,,GET,public_seed_unverified,2026-09-22,Tindi12/Scout public ATS list + GitHub code-search harvest,https://github.com/,Publicly observed ATS tenant/board token. Validate live status during crawler execution.
board,smartrecruiters,aristanetworks,aristanetworks,company_slug,https://jobs.smartrecruiters.com/aristanetworks,https://api.smartrecruiters.com/v1/companies/aristanetworks/postings,,GET,public_seed_unverified,2026-09-22,Tindi12/Scout public ATS list + GitHub code-search harvest,https://github.com/,Publicly observed ATS tenant/board token. Validate live status during crawler execution.
board,smartrecruiters,arkavis,arkavis,company_slug,https://jobs.smartrecruiters.com/arkavis,https://api.smartrecruiters.com/v1/companies/arkavis/postings,,GET,public_seed_unverified,2026-09-22,Tindi12/Scout public ATS list + GitHub code-search harvest,https://github.com/,Publicly observed ATS tenant/board token. Validate live status during crawler execution.
board,smartrecruiters,arrible,arrible,company_slug,https://jobs.smartrecruiters.com/arrible,https://api.smartrecruiters.com/v1/companies/arrible/postings,,GET,public_seed_unverified,2026-09-22,Tindi12/Scout public ATS list + GitHub code-search harvest,https://github.com/,Publicly observed ATS tenant/board token. Validate live status during crawler execution.
board,smartrecruiters,arthrex,arthrex,company_slug,https://jobs.smartrecruiters.com/arthrex,https://api.smartrecruiters.com/v1/companies/arthrex/postings,,GET,public_seed_unverified,2026-09-22,Tindi12/Scout public ATS list + GitHub code-search harvest,https://github.com/,Publicly observed ATS tenant/board token. Validate live status during crawler execution.
board,smartrecruiters,assent,assent,company_slug,https://jobs.smartrecruiters.com/assent,https://api.smartrecruiters.com/v1/companies/assent/postings,,GET,public_seed_unverified,2026-09-22,Tindi12/Scout public ATS list + GitHub code-search harvest,https://github.com/,Publicly observed ATS tenant/board token. Validate live status during crawler execution.
board,smartrecruiters,assistsoftware,assistsoftware,company_slug,https://jobs.smartrecruiters.com/assistsoftware,https://api.smartrecruiters.com/v1/companies/assistsoftware/postings,,GET,public_seed_unverified,2026-09-22,Tindi12/Scout public ATS list + GitHub code-search harvest,https://github.com/,Publicly observed ATS tenant/board token. Validate live status during crawler execution.
board,smartrecruiters,assystem,assystem,company_slug,https://jobs.smartrecruiters.com/assystem,https://api.smartrecruiters.com/v1/companies/assystem/postings,,GET,public_seed_unverified,2026-09-22,Tindi12/Scout public ATS list + GitHub code-search harvest,https://github.com/,Publicly observed ATS tenant/board token. Validate live status during crawler execution.
board,smartrecruiters,atidantechnologies,atidantechnologies,company_slug,https://jobs.smartrecruiters.com/atidantechnologies,https://api.smartrecruiters.com/v1/companies/atidantechnologies/postings,,GET,public_seed_unverified,2026-09-22,Tindi12/Scout public ATS list + GitHub code-search harvest,https://github.com/,Publicly observed ATS tenant/board token. Validate live status during crawler execution.
board,smartrecruiters,avacendinc,avacendinc,company_slug,https://jobs.smartrecruiters.com/avacendinc,https://api.smartrecruiters.com/v1/companies/avacendinc/postings,,GET,public_seed_unverified,2026-09-22,Tindi12/Scout public ATS list + GitHub code-search harvest,https://github.com/,Publicly observed ATS tenant/board token. Validate live status during crawler execution.
board,smartrecruiters,axelspringernewsmedianational,axelspringernewsmedianational,company_slug,https://jobs.smartrecruiters.com/axelspringernewsmedianational,https://api.smartrecruiters.com/v1/companies/axelspringernewsmedianational/postings,,GET,public_seed_unverified,2026-09-22,Tindi12/Scout public ATS list + GitHub code-search harvest,https://github.com/,Publicly observed ATS tenant/board token. Validate live status during crawler execution.
board,smartrecruiters,babilgames,babilgames,company_slug,https://jobs.smartrecruiters.com/babilgames,https://api.smartrecruiters.com/v1/companies/babilgames/postings,,GET,public_seed_unverified,2026-09-22,Tindi12/Scout public ATS list + GitHub code-search harvest,https://github.com/,Publicly observed ATS tenant/board token. Validate live status during crawler execution.
board,smartrecruiters,barkbackllc,barkbackllc,company_slug,https://jobs.smartrecruiters.com/barkbackllc,https://api.smartrecruiters.com/v1/companies/barkbackllc/postings,,GET,public_seed_unverified,2026-09-22,Tindi12/Scout public ATS list + GitHub code-search harvest,https://github.com/,Publicly observed ATS tenant/board token. Validate live status during crawler execution.
board,smartrecruiters,baxenergy,baxenergy,company_slug,https://jobs.smartrecruiters.com/baxenergy,https://api.smartrecruiters.com/v1/companies/baxenergy/postings,,GET,public_seed_unverified,2026-09-22,Tindi12/Scout public ATS list + GitHub code-search harvest,https://github.com/,Publicly observed ATS tenant/board token. Validate live status during crawler execution.
board,smartrecruiters,bcforward,bcforward,company_slug,https://jobs.smartrecruiters.com/bcforward,https://api.smartrecruiters.com/v1/companies/bcforward/postings,,GET,public_seed_unverified,2026-09-22,Tindi12/Scout public ATS list + GitHub code-search harvest,https://github.com/,Publicly observed ATS tenant/board token. Validate live status during crawler execution.
board,smartrecruiters,believe,believe,company_slug,https://jobs.smartrecruiters.com/believe,https://api.smartrecruiters.com/v1/companies/believe/postings,,GET,public_seed_unverified,2026-09-22,Tindi12/Scout public ATS list + GitHub code-search harvest,https://github.com/,Publicly observed ATS tenant/board token. Validate live status during crawler execution.
board,smartrecruiters,betacrafttechnologies,betacrafttechnologies,company_slug,https://jobs.smartrecruiters.com/betacrafttechnologies,https://api.smartrecruiters.com/v1/companies/betacrafttechnologies/postings,,GET,public_seed_unverified,2026-09-22,Tindi12/Scout public ATS list + GitHub code-search harvest,https://github.com/,Publicly observed ATS tenant/board token. Validate live status during crawler execution.
board,smartrecruiters,beyondinc,beyondinc,company_slug,https://jobs.smartrecruiters.com/beyondinc,https://api.smartrecruiters.com/v1/companies/beyondinc/postings,,GET,public_seed_unverified,2026-09-22,Tindi12/Scout public ATS list + GitHub code-search harvest,https://github.com/,Publicly observed ATS tenant/board token. Validate live status during crawler execution.
board,smartrecruiters,bitlane,bitlane,company_slug,https://jobs.smartrecruiters.com/bitlane,https://api.smartrecruiters.com/v1/companies/bitlane/postings,,GET,public_seed_unverified,2026-09-22,Tindi12/Scout public ATS list + GitHub code-search harvest,https://github.com/,Publicly observed ATS tenant/board token. Validate live status during crawler execution.
board,smartrecruiters,blackkitestudios,blackkitestudios,company_slug,https://jobs.smartrecruiters.com/blackkitestudios,https://api.smartrecruiters.com/v1/companies/blackkitestudios/postings,,GET,public_seed_unverified,2026-09-22,Tindi12/Scout public ATS list + GitHub code-search harvest,https://github.com/,Publicly observed ATS tenant/board token. Validate live status during crawler execution.
board,smartrecruiters,blend360,blend360,company_slug,https://jobs.smartrecruiters.com/blend360,https://api.smartrecruiters.com/v1/companies/blend360/postings,,GET,public_seed_unverified,2026-09-22,Tindi12/Scout public ATS list + GitHub code-search harvest,https://github.com/,Publicly observed ATS tenant/board token. Validate live status during crawler execution.
board,smartrecruiters,blinqlabs,blinqlabs,company_slug,https://jobs.smartrecruiters.com/blinqlabs,https://api.smartrecruiters.com/v1/companies/blinqlabs/postings,,GET,public_seed_unverified,2026-09-22,Tindi12/Scout public ATS list + GitHub code-search harvest,https://github.com/,Publicly observed ATS tenant/board token. Validate live status during crawler execution.
board,smartrecruiters,blockville,blockville,company_slug,https://jobs.smartrecruiters.com/blockville,https://api.smartrecruiters.com/v1/companies/blockville/postings,,GET,public_seed_unverified,2026-09-22,Tindi12/Scout public ATS list + GitHub code-search harvest,https://github.com/,Publicly observed ATS tenant/board token. Validate live status during crawler execution.
board,smartrecruiters,blocresources,blocresources,company_slug,https://jobs.smartrecruiters.com/blocresources,https://api.smartrecruiters.com/v1/companies/blocresources/postings,,GET,public_seed_unverified,2026-09-22,Tindi12/Scout public ATS list + GitHub code-search harvest,https://github.com/,Publicly observed ATS tenant/board token. Validate live status during crawler execution.
board,smartrecruiters,blueislestudios,blueislestudios,company_slug,https://jobs.smartrecruiters.com/blueislestudios,https://api.smartrecruiters.com/v1/companies/blueislestudios/postings,,GET,public_seed_unverified,2026-09-22,Tindi12/Scout public ATS list + GitHub code-search harvest,https://github.com/,Publicly observed ATS tenant/board token. Validate live status during crawler execution.
board,smartrecruiters,bluewiresoftware,bluewiresoftware,company_slug,https://jobs.smartrecruiters.com/bluewiresoftware,https://api.smartrecruiters.com/v1/companies/bluewiresoftware/postings,,GET,public_seed_unverified,2026-09-22,Tindi12/Scout public ATS list + GitHub code-search harvest,https://github.com/,Publicly observed ATS tenant/board token. Validate live status during crawler execution.
board,smartrecruiters,bookerdimaio,bookerdimaio,company_slug,https://jobs.smartrecruiters.com/bookerdimaio,https://api.smartrecruiters.com/v1/companies/bookerdimaio/postings,,GET,public_seed_unverified,2026-09-22,Tindi12/Scout public ATS list + GitHub code-search harvest,https://github.com/,Publicly observed ATS tenant/board token. Validate live status during crawler execution.
board,smartrecruiters,bootloaderstudio,bootloaderstudio,company_slug,https://jobs.smartrecruiters.com/bootloaderstudio,https://api.smartrecruiters.com/v1/companies/bootloaderstudio/postings,,GET,public_seed_unverified,2026-09-22,Tindi12/Scout public ATS list + GitHub code-search harvest,https://github.com/,Publicly observed ATS tenant/board token. Validate live status during crawler execution.
board,smartrecruiters,bosch,bosch,company_slug,https://jobs.smartrecruiters.com/bosch,https://api.smartrecruiters.com/v1/companies/bosch/postings,,GET,public_seed_unverified,2026-09-22,Tindi12/Scout public ATS list + GitHub code-search harvest,https://github.com/,Publicly observed ATS tenant/board token. Validate live status during crawler execution.
board,smartrecruiters,boschgroup,boschgroup,company_slug,https://jobs.smartrecruiters.com/boschgroup,https://api.smartrecruiters.com/v1/companies/boschgroup/postings,,GET,public_seed_unverified,2026-09-22,Tindi12/Scout public ATS list + GitHub code-search harvest,https://github.com/,Publicly observed ATS tenant/board token. Validate live status during crawler execution.
board,smartrecruiters,brainhunter,brainhunter,company_slug,https://jobs.smartrecruiters.com/brainhunter,https://api.smartrecruiters.com/v1/companies/brainhunter/postings,,GET,public_seed_unverified,2026-09-22,Tindi12/Scout public ATS list + GitHub code-search harvest,https://github.com/,Publicly observed ATS tenant/board token. Validate live status during crawler execution.
board,smartrecruiters,buckeyebroadband,buckeyebroadband,company_slug,https://jobs.smartrecruiters.com/buckeyebroadband,https://api.smartrecruiters.com/v1/companies/buckeyebroadband/postings,,GET,public_seed_unverified,2026-09-22,Tindi12/Scout public ATS list + GitHub code-search harvest,https://github.com/,Publicly observed ATS tenant/board token. Validate live status during crawler execution.
board,smartrecruiters,buildstaffinc,buildstaffinc,company_slug,https://jobs.smartrecruiters.com/buildstaffinc,https://api.smartrecruiters.com/v1/companies/buildstaffinc/postings,,GET,public_seed_unverified,2026-09-22,Tindi12/Scout public ATS list + GitHub code-search harvest,https://github.com/,Publicly observed ATS tenant/board token. Validate live status during crawler execution.
board,smartrecruiters,bytedance,bytedance,company_slug,https://jobs.smartrecruiters.com/bytedance,https://api.smartrecruiters.com/v1/companies/bytedance/postings,,GET,public_seed_unverified,2026-09-22,Tindi12/Scout public ATS list + GitHub code-search harvest,https://github.com/,Publicly observed ATS tenant/board token. Validate live status during crawler execution.
board,smartrecruiters,caci,caci,company_slug,https://jobs.smartrecruiters.com/caci,https://api.smartrecruiters.com/v1/companies/caci/postings,,GET,public_seed_unverified,2026-09-22,Tindi12/Scout public ATS list + GitHub code-search harvest,https://github.com/,Publicly observed ATS tenant/board token. Validate live status during crawler execution.
board,smartrecruiters,canadianbanknotecompany,canadianbanknotecompany,company_slug,https://jobs.smartrecruiters.com/canadianbanknotecompany,https://api.smartrecruiters.com/v1/companies/canadianbanknotecompany/postings,,GET,public_seed_unverified,2026-09-22,Tindi12/Scout public ATS list + GitHub code-search harvest,https://github.com/,Publicly observed ATS tenant/board token. Validate live status during crawler execution.
board,smartrecruiters,canva,canva,company_slug,https://jobs.smartrecruiters.com/canva,https://api.smartrecruiters.com/v1/companies/canva/postings,,GET,public_seed_unverified,2026-09-22,Tindi12/Scout public ATS list + GitHub code-search harvest,https://github.com/,Publicly observed ATS tenant/board token. Validate live status during crawler execution.
board,smartrecruiters,captechconsulting,captechconsulting,company_slug,https://jobs.smartrecruiters.com/captechconsulting,https://api.smartrecruiters.com/v1/companies/captechconsulting/postings,,GET,public_seed_unverified,2026-09-22,Tindi12/Scout public ATS list + GitHub code-search harvest,https://github.com/,Publicly observed ATS tenant/board token. Validate live status during crawler execution.
board,smartrecruiters,caterpillarinc,caterpillarinc,company_slug,https://jobs.smartrecruiters.com/caterpillarinc,https://api.smartrecruiters.com/v1/companies/caterpillarinc/postings,,GET,public_seed_unverified,2026-09-22,Tindi12/Scout public ATS list + GitHub code-search harvest,https://github.com/,Publicly observed ATS tenant/board token. Validate live status during crawler execution.
board,smartrecruiters,cdprojektred,cdprojektred,company_slug,https://jobs.smartrecruiters.com/cdprojektred,https://api.smartrecruiters.com/v1/companies/cdprojektred/postings,,GET,public_seed_unverified,2026-09-22,Tindi12/Scout public ATS list + GitHub code-search harvest,https://github.com/,Publicly observed ATS tenant/board token. Validate live status during crawler execution.
board,smartrecruiters,cern,cern,company_slug,https://jobs.smartrecruiters.com/cern,https://api.smartrecruiters.com/v1/companies/cern/postings,,GET,public_seed_unverified,2026-09-22,Tindi12/Scout public ATS list + GitHub code-search harvest,https://github.com/,Publicly observed ATS tenant/board token. Validate live status during crawler execution.
board,smartrecruiters,chainsafesystemsinc,chainsafesystemsinc,company_slug,https://jobs.smartrecruiters.com/chainsafesystemsinc,https://api.smartrecruiters.com/v1/companies/chainsafesystemsinc/postings,,GET,public_seed_unverified,2026-09-22,Tindi12/Scout public ATS list + GitHub code-search harvest,https://github.com/,Publicly observed ATS tenant/board token. Validate live status during crawler execution.
board,smartrecruiters,chimeratechnologies,chimeratechnologies,company_slug,https://jobs.smartrecruiters.com/chimeratechnologies,https://api.smartrecruiters.com/v1/companies/chimeratechnologies/postings,,GET,public_seed_unverified,2026-09-22,Tindi12/Scout public ATS list + GitHub code-search harvest,https://github.com/,Publicly observed ATS tenant/board token. Validate live status during crawler execution.
board,smartrecruiters,citi,citi,company_slug,https://jobs.smartrecruiters.com/citi,https://api.smartrecruiters.com/v1/companies/citi/postings,,GET,public_seed_unverified,2026-09-22,Tindi12/Scout public ATS list + GitHub code-search harvest,https://github.com/,Publicly observed ATS tenant/board token. Validate live status during crawler execution.
board,smartrecruiters,cityofphiladelphia,cityofphiladelphia,company_slug,https://jobs.smartrecruiters.com/cityofphiladelphia,https://api.smartrecruiters.com/v1/companies/cityofphiladelphia/postings,,GET,public_seed_unverified,2026-09-22,Tindi12/Scout public ATS list + GitHub code-search harvest,https://github.com/,Publicly observed ATS tenant/board token. Validate live status during crawler execution.
board,smartrecruiters,citystateentertainmentllc,citystateentertainmentllc,company_slug,https://jobs.smartrecruiters.com/citystateentertainmentllc,https://api.smartrecruiters.com/v1/companies/citystateentertainmentllc/postings,,GET,public_seed_unverified,2026-09-22,Tindi12/Scout public ATS list + GitHub code-search harvest,https://github.com/,Publicly observed ATS tenant/board token. Validate live status during crawler execution.
board,smartrecruiters,clearpointrecruitment,clearpointrecruitment,company_slug,https://jobs.smartrecruiters.com/clearpointrecruitment,https://api.smartrecruiters.com/v1/companies/clearpointrecruitment/postings,,GET,public_seed_unverified,2026-09-22,Tindi12/Scout public ATS list + GitHub code-search harvest,https://github.com/,Publicly observed ATS tenant/board token. Validate live status during crawler execution.
board,smartrecruiters,clinicalink,clinicalink,company_slug,https://jobs.smartrecruiters.com/clinicalink,https://api.smartrecruiters.com/v1/companies/clinicalink/postings,,GET,public_seed_unverified,2026-09-22,Tindi12/Scout public ATS list + GitHub code-search harvest,https://github.com/,Publicly observed ATS tenant/board token. Validate live status during crawler execution.
board,smartrecruiters,codeage,codeage,company_slug,https://jobs.smartrecruiters.com/codeage,https://api.smartrecruiters.com/v1/companies/codeage/postings,,GET,public_seed_unverified,2026-09-22,Tindi12/Scout public ATS list + GitHub code-search harvest,https://github.com/,Publicly observed ATS tenant/board token. Validate live status during crawler execution.
board,smartrecruiters,collabera2,collabera2,company_slug,https://jobs.smartrecruiters.com/collabera2,https://api.smartrecruiters.com/v1/companies/collabera2/postings,,GET,public_seed_unverified,2026-09-22,Tindi12/Scout public ATS list + GitHub code-search harvest,https://github.com/,Publicly observed ATS tenant/board token. Validate live status during crawler execution.
board,smartrecruiters,comcastcorporation,comcastcorporation,company_slug,https://jobs.smartrecruiters.com/comcastcorporation,https://api.smartrecruiters.com/v1/companies/comcastcorporation/postings,,GET,public_seed_unverified,2026-09-22,Tindi12/Scout public ATS list + GitHub code-search harvest,https://github.com/,Publicly observed ATS tenant/board token. Validate live status during crawler execution.
board,smartrecruiters,continental,continental,company_slug,https://jobs.smartrecruiters.com/continental,https://api.smartrecruiters.com/v1/companies/continental/postings,,GET,public_seed_unverified,2026-09-22,Tindi12/Scout public ATS list + GitHub code-search harvest,https://github.com/,Publicly observed ATS tenant/board token. Validate live status during crawler execution.
board,smartrecruiters,cppinvestmentsinvestissementsrpc,cppinvestmentsinvestissementsrpc,company_slug,https://jobs.smartrecruiters.com/cppinvestmentsinvestissementsrpc,https://api.smartrecruiters.com/v1/companies/cppinvestmentsinvestissementsrpc/postings,,GET,public_seed_unverified,2026-09-22,Tindi12/Scout public ATS list + GitHub code-search harvest,https://github.com/,Publicly observed ATS tenant/board token. Validate live status during crawler execution.
board,smartrecruiters,creativecoveinc,creativecoveinc,company_slug,https://jobs.smartrecruiters.com/creativecoveinc,https://api.smartrecruiters.com/v1/companies/creativecoveinc/postings,,GET,public_seed_unverified,2026-09-22,Tindi12/Scout public ATS list + GitHub code-search harvest,https://github.com/,Publicly observed ATS tenant/board token. Validate live status during crawler execution.
board,smartrecruiters,crowninnovationsinc,crowninnovationsinc,company_slug,https://jobs.smartrecruiters.com/crowninnovationsinc,https://api.smartrecruiters.com/v1/companies/crowninnovationsinc/postings,,GET,public_seed_unverified,2026-09-22,Tindi12/Scout public ATS list + GitHub code-search harvest,https://github.com/,Publicly observed ATS tenant/board token. Validate live status during crawler execution.
board,smartrecruiters,customshow,customshow,company_slug,https://jobs.smartrecruiters.com/customshow,https://api.smartrecruiters.com/v1/companies/customshow/postings,,GET,public_seed_unverified,2026-09-22,Tindi12/Scout public ATS list + GitHub code-search harvest,https://github.com/,Publicly observed ATS tenant/board token. Validate live status during crawler execution.
board,smartrecruiters,danone,danone,company_slug,https://jobs.smartrecruiters.com/danone,https://api.smartrecruiters.com/v1/companies/danone/postings,,GET,public_seed_unverified,2026-09-22,Tindi12/Scout public ATS list + GitHub code-search harvest,https://github.com/,Publicly observed ATS tenant/board token. Validate live status during crawler execution.
board,smartrecruiters,dataiku,dataiku,company_slug,https://jobs.smartrecruiters.com/dataiku,https://api.smartrecruiters.com/v1/companies/dataiku/postings,,GET,public_seed_unverified,2026-09-22,Tindi12/Scout public ATS list + GitHub code-search harvest,https://github.com/,Publicly observed ATS tenant/board token. Validate live status during crawler execution.
board,smartrecruiters,datastaffinc,datastaffinc,company_slug,https://jobs.smartrecruiters.com/datastaffinc,https://api.smartrecruiters.com/v1/companies/datastaffinc/postings,,GET,public_seed_unverified,2026-09-22,Tindi12/Scout public ATS list + GitHub code-search harvest,https://github.com/,Publicly observed ATS tenant/board token. Validate live status during crawler execution.
board,smartrecruiters,datatobiz,datatobiz,company_slug,https://jobs.smartrecruiters.com/datatobiz,https://api.smartrecruiters.com/v1/companies/datatobiz/postings,,GET,public_seed_unverified,2026-09-22,Tindi12/Scout public ATS list + GitHub code-search harvest,https://github.com/,Publicly observed ATS tenant/board token. Validate live status during crawler execution.
board,smartrecruiters,datazymes,datazymes,company_slug,https://jobs.smartrecruiters.com/datazymes,https://api.smartrecruiters.com/v1/companies/datazymes/postings,,GET,public_seed_unverified,2026-09-22,Tindi12/Scout public ATS list + GitHub code-search harvest,https://github.com/,Publicly observed ATS tenant/board token. Validate live status during crawler execution.
board,smartrecruiters,daxko1,daxko1,company_slug,https://jobs.smartrecruiters.com/daxko1,https://api.smartrecruiters.com/v1/companies/daxko1/postings,,GET,public_seed_unverified,2026-09-22,Tindi12/Scout public ATS list + GitHub code-search harvest,https://github.com/,Publicly observed ATS tenant/board token. Validate live status during crawler execution.
board,smartrecruiters,dellfortechnologies,dellfortechnologies,company_slug,https://jobs.smartrecruiters.com/dellfortechnologies,https://api.smartrecruiters.com/v1/companies/dellfortechnologies/postings,,GET,public_seed_unverified,2026-09-22,Tindi12/Scout public ATS list + GitHub code-search harvest,https://github.com/,Publicly observed ATS tenant/board token. Validate live status during crawler execution.
board,smartrecruiters,dentsu,dentsu,company_slug,https://jobs.smartrecruiters.com/dentsu,https://api.smartrecruiters.com/v1/companies/dentsu/postings,,GET,public_seed_unverified,2026-09-22,Tindi12/Scout public ATS list + GitHub code-search harvest,https://github.com/,Publicly observed ATS tenant/board token. Validate live status during crawler execution.
board,smartrecruiters,devex1,devex1,company_slug,https://jobs.smartrecruiters.com/devex1,https://api.smartrecruiters.com/v1/companies/devex1/postings,,GET,public_seed_unverified,2026-09-22,Tindi12/Scout public ATS list + GitHub code-search harvest,https://github.com/,Publicly observed ATS tenant/board token. Validate live status during crawler execution.
board,smartrecruiters,devoteam,devoteam,company_slug,https://jobs.smartrecruiters.com/devoteam,https://api.smartrecruiters.com/v1/companies/devoteam/postings,,GET,public_seed_unverified,2026-09-22,Tindi12/Scout public ATS list + GitHub code-search harvest,https://github.com/,Publicly observed ATS tenant/board token. Validate live status during crawler execution.
board,smartrecruiters,Digital Divide Data,digitaldividedata,company_slug,https://jobs.smartrecruiters.com/digitaldividedata,https://api.smartrecruiters.com/v1/companies/digitaldividedata/postings,,GET,africa_directory_active,2026-09-22,Thelastpoet/africa-ats-directory,https://github.com/Thelastpoet/africa-ats-directory,Curated Africa ATS directory; country=KE; source status=active. Revalidate live status during crawl.
board,smartrecruiters,divensi1,divensi1,company_slug,https://jobs.smartrecruiters.com/divensi1,https://api.smartrecruiters.com/v1/companies/divensi1/postings,,GET,public_seed_unverified,2026-09-22,Tindi12/Scout public ATS list + GitHub code-search harvest,https://github.com/,Publicly observed ATS tenant/board token. Validate live status during crawler execution.
board,smartrecruiters,docusign,docusign,company_slug,https://jobs.smartrecruiters.com/docusign,https://api.smartrecruiters.com/v1/companies/docusign/postings,,GET,public_seed_unverified,2026-09-22,Tindi12/Scout public ATS list + GitHub code-search harvest,https://github.com/,Publicly observed ATS tenant/board token. Validate live status during crawler execution.
board,smartrecruiters,dontnod,dontnod,company_slug,https://jobs.smartrecruiters.com/dontnod,https://api.smartrecruiters.com/v1/companies/dontnod/postings,,GET,public_seed_unverified,2026-09-22,Tindi12/Scout public ATS list + GitHub code-search harvest,https://github.com/,Publicly observed ATS tenant/board token. Validate live status during crawler execution.
board,smartrecruiters,dotsoftsa,dotsoftsa,company_slug,https://jobs.smartrecruiters.com/dotsoftsa,https://api.smartrecruiters.com/v1/companies/dotsoftsa/postings,,GET,public_seed_unverified,2026-09-22,Tindi12/Scout public ATS list + GitHub code-search harvest,https://github.com/,Publicly observed ATS tenant/board token. Validate live status during crawler execution.
board,smartrecruiters,drpanda,drpanda,company_slug,https://jobs.smartrecruiters.com/drpanda,https://api.smartrecruiters.com/v1/companies/drpanda/postings,,GET,public_seed_unverified,2026-09-22,Tindi12/Scout public ATS list + GitHub code-search harvest,https://github.com/,Publicly observed ATS tenant/board token. Validate live status during crawler execution.
board,smartrecruiters,dungarvin,dungarvin,company_slug,https://jobs.smartrecruiters.com/dungarvin,https://api.smartrecruiters.com/v1/companies/dungarvin/postings,,GET,public_seed_unverified,2026-09-22,Tindi12/Scout public ATS list + GitHub code-search harvest,https://github.com/,Publicly observed ATS tenant/board token. Validate live status during crawler execution.
board,smartrecruiters,dxmindsinnovationlabspvtltd,dxmindsinnovationlabspvtltd,company_slug,https://jobs.smartrecruiters.com/dxmindsinnovationlabspvtltd,https://api.smartrecruiters.com/v1/companies/dxmindsinnovationlabspvtltd/postings,,GET,public_seed_unverified,2026-09-22,Tindi12/Scout public ATS list + GitHub code-search harvest,https://github.com/,Publicly observed ATS tenant/board token. Validate live status during crawler execution.
board,smartrecruiters,egisgroup,egisgroup,company_slug,https://jobs.smartrecruiters.com/egisgroup,https://api.smartrecruiters.com/v1/companies/egisgroup/postings,,GET,public_seed_unverified,2026-09-22,Tindi12/Scout public ATS list + GitHub code-search harvest,https://github.com/,Publicly observed ATS tenant/board token. Validate live status during crawler execution.
board,smartrecruiters,ekosystem,ekosystem,company_slug,https://jobs.smartrecruiters.com/ekosystem,https://api.smartrecruiters.com/v1/companies/ekosystem/postings,,GET,public_seed_unverified,2026-09-22,Tindi12/Scout public ATS list + GitHub code-search harvest,https://github.com/,Publicly observed ATS tenant/board token. Validate live status during crawler execution.
board,smartrecruiters,elevatek-12,elevatek-12,company_slug,https://jobs.smartrecruiters.com/elevatek-12,https://api.smartrecruiters.com/v1/companies/elevatek-12/postings,,GET,public_seed_unverified,2026-09-22,Tindi12/Scout public ATS list + GitHub code-search harvest,https://github.com/,Publicly observed ATS tenant/board token. Validate live status during crawler execution.
board,smartrecruiters,encephaloinvestments,encephaloinvestments,company_slug,https://jobs.smartrecruiters.com/encephaloinvestments,https://api.smartrecruiters.com/v1/companies/encephaloinvestments/postings,,GET,public_seed_unverified,2026-09-22,Tindi12/Scout public ATS list + GitHub code-search harvest,https://github.com/,Publicly observed ATS tenant/board token. Validate live status during crawler execution.
board,smartrecruiters,endava,endava,company_slug,https://jobs.smartrecruiters.com/endava,https://api.smartrecruiters.com/v1/companies/endava/postings,,GET,public_seed_unverified,2026-09-22,Tindi12/Scout public ATS list + GitHub code-search harvest,https://github.com/,Publicly observed ATS tenant/board token. Validate live status during crawler execution.
board,smartrecruiters,entain,entain,company_slug,https://jobs.smartrecruiters.com/entain,https://api.smartrecruiters.com/v1/companies/entain/postings,,GET,public_seed_unverified,2026-09-22,Tindi12/Scout public ATS list + GitHub code-search harvest,https://github.com/,Publicly observed ATS tenant/board token. Validate live status during crawler execution.
board,smartrecruiters,epochgames,epochgames,company_slug,https://jobs.smartrecruiters.com/epochgames,https://api.smartrecruiters.com/v1/companies/epochgames/postings,,GET,public_seed_unverified,2026-09-22,Tindi12/Scout public ATS list + GitHub code-search harvest,https://github.com/,Publicly observed ATS tenant/board token. Validate live status during crawler execution.
board,smartrecruiters,espressifsystems,espressifsystems,company_slug,https://jobs.smartrecruiters.com/espressifsystems,https://api.smartrecruiters.com/v1/companies/espressifsystems/postings,,GET,public_seed_unverified,2026-09-22,Tindi12/Scout public ATS list + GitHub code-search harvest,https://github.com/,Publicly observed ATS tenant/board token. Validate live status during crawler execution.
board,smartrecruiters,essilorluxottica,essilorluxottica,company_slug,https://jobs.smartrecruiters.com/essilorluxottica,https://api.smartrecruiters.com/v1/companies/essilorluxottica/postings,,GET,public_seed_unverified,2026-09-22,Tindi12/Scout public ATS list + GitHub code-search harvest,https://github.com/,Publicly observed ATS tenant/board token. Validate live status during crawler execution.
board,smartrecruiters,ettaingroup,ettaingroup,company_slug,https://jobs.smartrecruiters.com/ettaingroup,https://api.smartrecruiters.com/v1/companies/ettaingroup/postings,,GET,public_seed_unverified,2026-09-22,Tindi12/Scout public ATS list + GitHub code-search harvest,https://github.com/,Publicly observed ATS tenant/board token. Validate live status during crawler execution.
board,smartrecruiters,eurofins,eurofins,company_slug,https://jobs.smartrecruiters.com/eurofins,https://api.smartrecruiters.com/v1/companies/eurofins/postings,,GET,public_seed_unverified,2026-09-22,Tindi12/Scout public ATS list + GitHub code-search harvest,https://github.com/,Publicly observed ATS tenant/board token. Validate live status during crawler execution.
board,smartrecruiters,eversana1,eversana1,company_slug,https://jobs.smartrecruiters.com/eversana1,https://api.smartrecruiters.com/v1/companies/eversana1/postings,,GET,public_seed_unverified,2026-09-22,Tindi12/Scout public ATS list + GitHub code-search harvest,https://github.com/,Publicly observed ATS tenant/board token. Validate live status during crawler execution.
board,smartrecruiters,evolution,evolution,company_slug,https://jobs.smartrecruiters.com/evolution,https://api.smartrecruiters.com/v1/companies/evolution/postings,,GET,public_seed_unverified,2026-09-22,Tindi12/Scout public ATS list + GitHub code-search harvest,https://github.com/,Publicly observed ATS tenant/board token. Validate live status during crawler execution.
board,smartrecruiters,evsinc,evsinc,company_slug,https://jobs.smartrecruiters.com/evsinc,https://api.smartrecruiters.com/v1/companies/evsinc/postings,,GET,public_seed_unverified,2026-09-22,Tindi12/Scout public ATS list + GitHub code-search harvest,https://github.com/,Publicly observed ATS tenant/board token. Validate live status during crawler execution.
board,smartrecruiters,ewargames,ewargames,company_slug,https://jobs.smartrecruiters.com/ewargames,https://api.smartrecruiters.com/v1/companies/ewargames/postings,,GET,public_seed_unverified,2026-09-22,Tindi12/Scout public ATS list + GitHub code-search harvest,https://github.com/,Publicly observed ATS tenant/board token. Validate live status during crawler execution.
board,smartrecruiters,experian,experian,company_slug,https://jobs.smartrecruiters.com/experian,https://api.smartrecruiters.com/v1/companies/experian/postings,,GET,public_seed_unverified,2026-09-22,Tindi12/Scout public ATS list + GitHub code-search harvest,https://github.com/,Publicly observed ATS tenant/board token. Validate live status during crawler execution.
board,smartrecruiters,experthiring,experthiring,company_slug,https://jobs.smartrecruiters.com/experthiring,https://api.smartrecruiters.com/v1/companies/experthiring/postings,,GET,public_seed_unverified,2026-09-22,Tindi12/Scout public ATS list + GitHub code-search harvest,https://github.com/,Publicly observed ATS tenant/board token. Validate live status during crawler execution.
board,smartrecruiters,exponentiaai,exponentiaai,company_slug,https://jobs.smartrecruiters.com/exponentiaai,https://api.smartrecruiters.com/v1/companies/exponentiaai/postings,,GET,public_seed_unverified,2026-09-22,Tindi12/Scout public ATS list + GitHub code-search harvest,https://github.com/,Publicly observed ATS tenant/board token. Validate live status during crawler execution.
board,smartrecruiters,federalsoftsystemsinc,federalsoftsystemsinc,company_slug,https://jobs.smartrecruiters.com/federalsoftsystemsinc,https://api.smartrecruiters.com/v1/companies/federalsoftsystemsinc/postings,,GET,public_seed_unverified,2026-09-22,Tindi12/Scout public ATS list + GitHub code-search harvest,https://github.com/,Publicly observed ATS tenant/board token. Validate live status during crawler execution.
board,smartrecruiters,filmless,filmless,company_slug,https://jobs.smartrecruiters.com/filmless,https://api.smartrecruiters.com/v1/companies/filmless/postings,,GET,public_seed_unverified,2026-09-22,Tindi12/Scout public ATS list + GitHub code-search harvest,https://github.com/,Publicly observed ATS tenant/board token. Validate live status during crawler execution.
board,smartrecruiters,finmo,finmo,company_slug,https://jobs.smartrecruiters.com/finmo,https://api.smartrecruiters.com/v1/companies/finmo/postings,,GET,public_seed_unverified,2026-09-22,Tindi12/Scout public ATS list + GitHub code-search harvest,https://github.com/,Publicly observed ATS tenant/board token. Validate live status during crawler execution.
board,smartrecruiters,fintricity,fintricity,company_slug,https://jobs.smartrecruiters.com/fintricity,https://api.smartrecruiters.com/v1/companies/fintricity/postings,,GET,public_seed_unverified,2026-09-22,Tindi12/Scout public ATS list + GitHub code-search harvest,https://github.com/,Publicly observed ATS tenant/board token. Validate live status during crawler execution.
board,smartrecruiters,fireeyeinc1,fireeyeinc1,company_slug,https://jobs.smartrecruiters.com/fireeyeinc1,https://api.smartrecruiters.com/v1/companies/fireeyeinc1/postings,,GET,public_seed_unverified,2026-09-22,Tindi12/Scout public ATS list + GitHub code-search harvest,https://github.com/,Publicly observed ATS tenant/board token. Validate live status during crawler execution.
board,smartrecruiters,firehosegames,firehosegames,company_slug,https://jobs.smartrecruiters.com/firehosegames,https://api.smartrecruiters.com/v1/companies/firehosegames/postings,,GET,public_seed_unverified,2026-09-22,Tindi12/Scout public ATS list + GitHub code-search harvest,https://github.com/,Publicly observed ATS tenant/board token. Validate live status during crawler execution.
board,smartrecruiters,flaanaa,flaanaa,company_slug,https://jobs.smartrecruiters.com/flaanaa,https://api.smartrecruiters.com/v1/companies/flaanaa/postings,,GET,public_seed_unverified,2026-09-22,Tindi12/Scout public ATS list + GitHub code-search harvest,https://github.com/,Publicly observed ATS tenant/board token. Validate live status during crawler execution.
board,smartrecruiters,fourseasonshotelsandresorts,fourseasonshotelsandresorts,company_slug,https://jobs.smartrecruiters.com/fourseasonshotelsandresorts,https://api.smartrecruiters.com/v1/companies/fourseasonshotelsandresorts/postings,,GET,public_seed_unverified,2026-09-22,Tindi12/Scout public ATS list + GitHub code-search harvest,https://github.com/,Publicly observed ATS tenant/board token. Validate live status during crawler execution.
board,smartrecruiters,fracturedbyte,fracturedbyte,company_slug,https://jobs.smartrecruiters.com/fracturedbyte,https://api.smartrecruiters.com/v1/companies/fracturedbyte/postings,,GET,public_seed_unverified,2026-09-22,Tindi12/Scout public ATS list + GitHub code-search harvest,https://github.com/,Publicly observed ATS tenant/board token. Validate live status during crawler execution.
board,smartrecruiters,freshboxmediapvtltd,freshboxmediapvtltd,company_slug,https://jobs.smartrecruiters.com/freshboxmediapvtltd,https://api.smartrecruiters.com/v1/companies/freshboxmediapvtltd/postings,,GET,public_seed_unverified,2026-09-22,Tindi12/Scout public ATS list + GitHub code-search harvest,https://github.com/,Publicly observed ATS tenant/board token. Validate live status during crawler execution.
board,smartrecruiters,freshworks,freshworks,company_slug,https://jobs.smartrecruiters.com/freshworks,https://api.smartrecruiters.com/v1/companies/freshworks/postings,,GET,public_seed_unverified,2026-09-22,Tindi12/Scout public ATS list + GitHub code-search harvest,https://github.com/,Publicly observed ATS tenant/board token. Validate live status during crawler execution.
board,smartrecruiters,fundamentallygames,fundamentallygames,company_slug,https://jobs.smartrecruiters.com/fundamentallygames,https://api.smartrecruiters.com/v1/companies/fundamentallygames/postings,,GET,public_seed_unverified,2026-09-22,Tindi12/Scout public ATS list + GitHub code-search harvest,https://github.com/,Publicly observed ATS tenant/board token. Validate live status during crawler execution.
board,smartrecruiters,funguystudiophilippinesinc,funguystudiophilippinesinc,company_slug,https://jobs.smartrecruiters.com/funguystudiophilippinesinc,https://api.smartrecruiters.com/v1/companies/funguystudiophilippinesinc/postings,,GET,public_seed_unverified,2026-09-22,Tindi12/Scout public ATS list + GitHub code-search harvest,https://github.com/,Publicly observed ATS tenant/board token. Validate live status during crawler execution.
board,smartrecruiters,futransolutions,futransolutions,company_slug,https://jobs.smartrecruiters.com/futransolutions,https://api.smartrecruiters.com/v1/companies/futransolutions/postings,,GET,public_seed_unverified,2026-09-22,Tindi12/Scout public ATS list + GitHub code-search harvest,https://github.com/,Publicly observed ATS tenant/board token. Validate live status during crawler execution.
board,smartrecruiters,futuremug,futuremug,company_slug,https://jobs.smartrecruiters.com/futuremug,https://api.smartrecruiters.com/v1/companies/futuremug/postings,,GET,public_seed_unverified,2026-09-22,Tindi12/Scout public ATS list + GitHub code-search harvest,https://github.com/,Publicly observed ATS tenant/board token. Validate live status during crawler execution.
board,smartrecruiters,futurumtechnologyltd,futurumtechnologyltd,company_slug,https://jobs.smartrecruiters.com/futurumtechnologyltd,https://api.smartrecruiters.com/v1/companies/futurumtechnologyltd/postings,,GET,public_seed_unverified,2026-09-22,Tindi12/Scout public ATS list + GitHub code-search harvest,https://github.com/,Publicly observed ATS tenant/board token. Validate live status during crawler execution.
board,smartrecruiters,galaxesolutions,galaxesolutions,company_slug,https://jobs.smartrecruiters.com/galaxesolutions,https://api.smartrecruiters.com/v1/companies/galaxesolutions/postings,,GET,public_seed_unverified,2026-09-22,Tindi12/Scout public ATS list + GitHub code-search harvest,https://github.com/,Publicly observed ATS tenant/board token. Validate live status during crawler execution.
board,smartrecruiters,game5mobile,game5mobile,company_slug,https://jobs.smartrecruiters.com/game5mobile,https://api.smartrecruiters.com/v1/companies/game5mobile/postings,,GET,public_seed_unverified,2026-09-22,Tindi12/Scout public ATS list + GitHub code-search harvest,https://github.com/,Publicly observed ATS tenant/board token. Validate live status during crawler execution.
board,smartrecruiters,gamecloudtechnologiespvtltd,gamecloudtechnologiespvtltd,company_slug,https://jobs.smartrecruiters.com/gamecloudtechnologiespvtltd,https://api.smartrecruiters.com/v1/companies/gamecloudtechnologiespvtltd/postings,,GET,public_seed_unverified,2026-09-22,Tindi12/Scout public ATS list + GitHub code-search harvest,https://github.com/,Publicly observed ATS tenant/board token. Validate live status during crawler execution.
board,smartrecruiters,gameloft,gameloft,company_slug,https://jobs.smartrecruiters.com/gameloft,https://api.smartrecruiters.com/v1/companies/gameloft/postings,,GET,public_seed_unverified,2026-09-22,Tindi12/Scout public ATS list + GitHub code-search harvest,https://github.com/,Publicly observed ATS tenant/board token. Validate live status during crawler execution.
board,smartrecruiters,gamesforlove,gamesforlove,company_slug,https://jobs.smartrecruiters.com/gamesforlove,https://api.smartrecruiters.com/v1/companies/gamesforlove/postings,,GET,public_seed_unverified,2026-09-22,Tindi12/Scout public ATS list + GitHub code-search harvest,https://github.com/,Publicly observed ATS tenant/board token. Validate live status during crawler execution.
board,smartrecruiters,gearinc,gearinc,company_slug,https://jobs.smartrecruiters.com/gearinc,https://api.smartrecruiters.com/v1/companies/gearinc/postings,,GET,public_seed_unverified,2026-09-22,Tindi12/Scout public ATS list + GitHub code-search harvest,https://github.com/,Publicly observed ATS tenant/board token. Validate live status during crawler execution.
board,smartrecruiters,geico,geico,company_slug,https://jobs.smartrecruiters.com/geico,https://api.smartrecruiters.com/v1/companies/geico/postings,,GET,public_seed_unverified,2026-09-22,Tindi12/Scout public ATS list + GitHub code-search harvest,https://github.com/,Publicly observed ATS tenant/board token. Validate live status during crawler execution.
board,smartrecruiters,genea,genea,company_slug,https://jobs.smartrecruiters.com/genea,https://api.smartrecruiters.com/v1/companies/genea/postings,,GET,public_seed_unverified,2026-09-22,Tindi12/Scout public ATS list + GitHub code-search harvest,https://github.com/,Publicly observed ATS tenant/board token. Validate live status during crawler execution.
board,smartrecruiters,generagames1,generagames1,company_slug,https://jobs.smartrecruiters.com/generagames1,https://api.smartrecruiters.com/v1/companies/generagames1/postings,,GET,public_seed_unverified,2026-09-22,Tindi12/Scout public ATS list + GitHub code-search harvest,https://github.com/,Publicly observed ATS tenant/board token. Validate live status during crawler execution.
board,smartrecruiters,giantsoftwaregmbh,giantsoftwaregmbh,company_slug,https://jobs.smartrecruiters.com/giantsoftwaregmbh,https://api.smartrecruiters.com/v1/companies/giantsoftwaregmbh/postings,,GET,public_seed_unverified,2026-09-22,Tindi12/Scout public ATS list + GitHub code-search harvest,https://github.com/,Publicly observed ATS tenant/board token. Validate live status during crawler execution.
board,smartrecruiters,gloify,gloify,company_slug,https://jobs.smartrecruiters.com/gloify,https://api.smartrecruiters.com/v1/companies/gloify/postings,,GET,public_seed_unverified,2026-09-22,Tindi12/Scout public ATS list + GitHub code-search harvest,https://github.com/,Publicly observed ATS tenant/board token. Validate live status during crawler execution.
board,smartrecruiters,gluckgames,gluckgames,company_slug,https://jobs.smartrecruiters.com/gluckgames,https://api.smartrecruiters.com/v1/companies/gluckgames/postings,,GET,public_seed_unverified,2026-09-22,Tindi12/Scout public ATS list + GitHub code-search harvest,https://github.com/,Publicly observed ATS tenant/board token. Validate live status during crawler execution.
board,smartrecruiters,gmsservices,gmsservices,company_slug,https://jobs.smartrecruiters.com/gmsservices,https://api.smartrecruiters.com/v1/companies/gmsservices/postings,,GET,public_seed_unverified,2026-09-22,Tindi12/Scout public ATS list + GitHub code-search harvest,https://github.com/,Publicly observed ATS tenant/board token. Validate live status during crawler execution.
board,smartrecruiters,govini,govini,company_slug,https://jobs.smartrecruiters.com/govini,https://api.smartrecruiters.com/v1/companies/govini/postings,,GET,public_seed_unverified,2026-09-22,Tindi12/Scout public ATS list + GitHub code-search harvest,https://github.com/,Publicly observed ATS tenant/board token. Validate live status during crawler execution.
board,smartrecruiters,grab,grab,company_slug,https://jobs.smartrecruiters.com/grab,https://api.smartrecruiters.com/v1/companies/grab/postings,,GET,public_seed_unverified,2026-09-22,Tindi12/Scout public ATS list + GitHub code-search harvest,https://github.com/,Publicly observed ATS tenant/board token. Validate live status during crawler execution.
board,smartrecruiters,hackajob,hackajob,company_slug,https://jobs.smartrecruiters.com/hackajob,https://api.smartrecruiters.com/v1/companies/hackajob/postings,,GET,public_seed_unverified,2026-09-22,Tindi12/Scout public ATS list + GitHub code-search harvest,https://github.com/,Publicly observed ATS tenant/board token. Validate live status during crawler execution.
board,smartrecruiters,hackerrank,hackerrank,company_slug,https://jobs.smartrecruiters.com/hackerrank,https://api.smartrecruiters.com/v1/companies/hackerrank/postings,,GET,public_seed_unverified,2026-09-22,Tindi12/Scout public ATS list + GitHub code-search harvest,https://github.com/,Publicly observed ATS tenant/board token. Validate live status during crawler execution.
board,smartrecruiters,harbingergroup,harbingergroup,company_slug,https://jobs.smartrecruiters.com/harbingergroup,https://api.smartrecruiters.com/v1/companies/harbingergroup/postings,,GET,public_seed_unverified,2026-09-22,Tindi12/Scout public ATS list + GitHub code-search harvest,https://github.com/,Publicly observed ATS tenant/board token. Validate live status during crawler execution.
board,smartrecruiters,hardballgames,hardballgames,company_slug,https://jobs.smartrecruiters.com/hardballgames,https://api.smartrecruiters.com/v1/companies/hardballgames/postings,,GET,public_seed_unverified,2026-09-22,Tindi12/Scout public ATS list + GitHub code-search harvest,https://github.com/,Publicly observed ATS tenant/board token. Validate live status during crawler execution.
board,smartrecruiters,heartmachine,heartmachine,company_slug,https://jobs.smartrecruiters.com/heartmachine,https://api.smartrecruiters.com/v1/companies/heartmachine/postings,,GET,public_seed_unverified,2026-09-22,Tindi12/Scout public ATS list + GitHub code-search harvest,https://github.com/,Publicly observed ATS tenant/board token. Validate live status during crawler execution.
board,smartrecruiters,hermes,hermes,company_slug,https://jobs.smartrecruiters.com/hermes,https://api.smartrecruiters.com/v1/companies/hermes/postings,,GET,public_seed_unverified,2026-09-22,Tindi12/Scout public ATS list + GitHub code-search harvest,https://github.com/,Publicly observed ATS tenant/board token. Validate live status during crawler execution.
board,smartrecruiters,hirevue,hirevue,company_slug,https://jobs.smartrecruiters.com/hirevue,https://api.smartrecruiters.com/v1/companies/hirevue/postings,,GET,public_seed_unverified,2026-09-22,Tindi12/Scout public ATS list + GitHub code-search harvest,https://github.com/,Publicly observed ATS tenant/board token. Validate live status during crawler execution.
board,smartrecruiters,hitachisolutions,hitachisolutions,company_slug,https://jobs.smartrecruiters.com/hitachisolutions,https://api.smartrecruiters.com/v1/companies/hitachisolutions/postings,,GET,public_seed_unverified,2026-09-22,Tindi12/Scout public ATS list + GitHub code-search harvest,https://github.com/,Publicly observed ATS tenant/board token. Validate live status during crawler execution.
board,smartrecruiters,hive1,hive1,company_slug,https://jobs.smartrecruiters.com/hive1,https://api.smartrecruiters.com/v1/companies/hive1/postings,,GET,public_seed_unverified,2026-09-22,Tindi12/Scout public ATS list + GitHub code-search harvest,https://github.com/,Publicly observed ATS tenant/board token. Validate live status during crawler execution.
board,smartrecruiters,houseofgigs,houseofgigs,company_slug,https://jobs.smartrecruiters.com/houseofgigs,https://api.smartrecruiters.com/v1/companies/houseofgigs/postings,,GET,public_seed_unverified,2026-09-22,Tindi12/Scout public ATS list + GitHub code-search harvest,https://github.com/,Publicly observed ATS tenant/board token. Validate live status during crawler execution.
board,smartrecruiters,howardhannarealestateservices,howardhannarealestateservices,company_slug,https://jobs.smartrecruiters.com/howardhannarealestateservices,https://api.smartrecruiters.com/v1/companies/howardhannarealestateservices/postings,,GET,public_seed_unverified,2026-09-22,Tindi12/Scout public ATS list + GitHub code-search harvest,https://github.com/,Publicly observed ATS tenant/board token. Validate live status during crawler execution.
board,smartrecruiters,hoyoverse,hoyoverse,company_slug,https://jobs.smartrecruiters.com/hoyoverse,https://api.smartrecruiters.com/v1/companies/hoyoverse/postings,,GET,public_seed_unverified,2026-09-22,Tindi12/Scout public ATS list + GitHub code-search harvest,https://github.com/,Publicly observed ATS tenant/board token. Validate live status during crawler execution.
board,smartrecruiters,hp,hp,company_slug,https://jobs.smartrecruiters.com/hp,https://api.smartrecruiters.com/v1/companies/hp/postings,,GET,public_seed_unverified,2026-09-22,Tindi12/Scout public ATS list + GitHub code-search harvest,https://github.com/,Publicly observed ATS tenant/board token. Validate live status during crawler execution.
board,smartrecruiters,huaweitechnologiescanadacoltd,huaweitechnologiescanadacoltd,company_slug,https://jobs.smartrecruiters.com/huaweitechnologiescanadacoltd,https://api.smartrecruiters.com/v1/companies/huaweitechnologiescanadacoltd/postings,,GET,public_seed_unverified,2026-09-22,Tindi12/Scout public ATS list + GitHub code-search harvest,https://github.com/,Publicly observed ATS tenant/board token. Validate live status during crawler execution.
board,smartrecruiters,huckadventures,huckadventures,company_slug,https://jobs.smartrecruiters.com/huckadventures,https://api.smartrecruiters.com/v1/companies/huckadventures/postings,,GET,public_seed_unverified,2026-09-22,Tindi12/Scout public ATS list + GitHub code-search harvest,https://github.com/,Publicly observed ATS tenant/board token. Validate live status during crawler execution.
board,smartrecruiters,ifs1,ifs1,company_slug,https://jobs.smartrecruiters.com/ifs1,https://api.smartrecruiters.com/v1/companies/ifs1/postings,,GET,public_seed_unverified,2026-09-22,Tindi12/Scout public ATS list + GitHub code-search harvest,https://github.com/,Publicly observed ATS tenant/board token. Validate live status during crawler execution.
board,smartrecruiters,ikea,ikea,company_slug,https://jobs.smartrecruiters.com/ikea,https://api.smartrecruiters.com/v1/companies/ikea/postings,,GET,public_seed_unverified,2026-09-22,Tindi12/Scout public ATS list + GitHub code-search harvest,https://github.com/,Publicly observed ATS tenant/board token. Validate live status during crawler execution.
board,smartrecruiters,inbulkscorp,inbulkscorp,company_slug,https://jobs.smartrecruiters.com/inbulkscorp,https://api.smartrecruiters.com/v1/companies/inbulkscorp/postings,,GET,public_seed_unverified,2026-09-22,Tindi12/Scout public ATS list + GitHub code-search harvest,https://github.com/,Publicly observed ATS tenant/board token. Validate live status during crawler execution.
board,smartrecruiters,infinitequant,infinitequant,company_slug,https://jobs.smartrecruiters.com/infinitequant,https://api.smartrecruiters.com/v1/companies/infinitequant/postings,,GET,public_seed_unverified,2026-09-22,Tindi12/Scout public ATS list + GitHub code-search harvest,https://github.com/,Publicly observed ATS tenant/board token. Validate live status during crawler execution.
board,smartrecruiters,informagroupplc,informagroupplc,company_slug,https://jobs.smartrecruiters.com/informagroupplc,https://api.smartrecruiters.com/v1/companies/informagroupplc/postings,,GET,public_seed_unverified,2026-09-22,Tindi12/Scout public ATS list + GitHub code-search harvest,https://github.com/,Publicly observed ATS tenant/board token. Validate live status during crawler execution.
board,smartrecruiters,informicasolutions,informicasolutions,company_slug,https://jobs.smartrecruiters.com/informicasolutions,https://api.smartrecruiters.com/v1/companies/informicasolutions/postings,,GET,public_seed_unverified,2026-09-22,Tindi12/Scout public ATS list + GitHub code-search harvest,https://github.com/,Publicly observed ATS tenant/board token. Validate live status during crawler execution.
board,smartrecruiters,inmarsat,inmarsat,company_slug,https://jobs.smartrecruiters.com/inmarsat,https://api.smartrecruiters.com/v1/companies/inmarsat/postings,,GET,public_seed_unverified,2026-09-22,Tindi12/Scout public ATS list + GitHub code-search harvest,https://github.com/,Publicly observed ATS tenant/board token. Validate live status during crawler execution.
board,smartrecruiters,innovecs,innovecs,company_slug,https://jobs.smartrecruiters.com/innovecs,https://api.smartrecruiters.com/v1/companies/innovecs/postings,,GET,public_seed_unverified,2026-09-22,Tindi12/Scout public ATS list + GitHub code-search harvest,https://github.com/,Publicly observed ATS tenant/board token. Validate live status during crawler execution.
board,smartrecruiters,insightsoftware,insightsoftware,company_slug,https://jobs.smartrecruiters.com/insightsoftware,https://api.smartrecruiters.com/v1/companies/insightsoftware/postings,,GET,public_seed_unverified,2026-09-22,Tindi12/Scout public ATS list + GitHub code-search harvest,https://github.com/,Publicly observed ATS tenant/board token. Validate live status during crawler execution.
board,smartrecruiters,integratedresourcesinc,integratedresourcesinc,company_slug,https://jobs.smartrecruiters.com/integratedresourcesinc,https://api.smartrecruiters.com/v1/companies/integratedresourcesinc/postings,,GET,public_seed_unverified,2026-09-22,Tindi12/Scout public ATS list + GitHub code-search harvest,https://github.com/,Publicly observed ATS tenant/board token. Validate live status during crawler execution.
board,smartrecruiters,intel,intel,company_slug,https://jobs.smartrecruiters.com/intel,https://api.smartrecruiters.com/v1/companies/intel/postings,,GET,public_seed_unverified,2026-09-22,Tindi12/Scout public ATS list + GitHub code-search harvest,https://github.com/,Publicly observed ATS tenant/board token. Validate live status during crawler execution.
board,smartrecruiters,intelerad,intelerad,company_slug,https://jobs.smartrecruiters.com/intelerad,https://api.smartrecruiters.com/v1/companies/intelerad/postings,,GET,public_seed_unverified,2026-09-22,Tindi12/Scout public ATS list + GitHub code-search harvest,https://github.com/,Publicly observed ATS tenant/board token. Validate live status during crawler execution.
board,smartrecruiters,interco,interco,company_slug,https://jobs.smartrecruiters.com/interco,https://api.smartrecruiters.com/v1/companies/interco/postings,,GET,public_seed_unverified,2026-09-22,Tindi12/Scout public ATS list + GitHub code-search harvest,https://github.com/,Publicly observed ATS tenant/board token. Validate live status during crawler execution.
board,smartrecruiters,intergalacticgamingltd,intergalacticgamingltd,company_slug,https://jobs.smartrecruiters.com/intergalacticgamingltd,https://api.smartrecruiters.com/v1/companies/intergalacticgamingltd/postings,,GET,public_seed_unverified,2026-09-22,Tindi12/Scout public ATS list + GitHub code-search harvest,https://github.com/,Publicly observed ATS tenant/board token. Validate live status during crawler execution.
board,smartrecruiters,intersourcesinc,intersourcesinc,company_slug,https://jobs.smartrecruiters.com/intersourcesinc,https://api.smartrecruiters.com/v1/companies/intersourcesinc/postings,,GET,public_seed_unverified,2026-09-22,Tindi12/Scout public ATS list + GitHub code-search harvest,https://github.com/,Publicly observed ATS tenant/board token. Validate live status during crawler execution.
board,smartrecruiters,interviewkickstart,interviewkickstart,company_slug,https://jobs.smartrecruiters.com/interviewkickstart,https://api.smartrecruiters.com/v1/companies/interviewkickstart/postings,,GET,public_seed_unverified,2026-09-22,Tindi12/Scout public ATS list + GitHub code-search harvest,https://github.com/,Publicly observed ATS tenant/board token. Validate live status during crawler execution.
board,smartrecruiters,intrepidstudios,intrepidstudios,company_slug,https://jobs.smartrecruiters.com/intrepidstudios,https://api.smartrecruiters.com/v1/companies/intrepidstudios/postings,,GET,public_seed_unverified,2026-09-22,Tindi12/Scout public ATS list + GitHub code-search harvest,https://github.com/,Publicly observed ATS tenant/board token. Validate live status during crawler execution.
board,smartrecruiters,intuitive,intuitive,company_slug,https://jobs.smartrecruiters.com/intuitive,https://api.smartrecruiters.com/v1/companies/intuitive/postings,,GET,public_seed_unverified,2026-09-22,Tindi12/Scout public ATS list + GitHub code-search harvest,https://github.com/,Publicly observed ATS tenant/board token. Validate live status during crawler execution.
board,smartrecruiters,inxiteout,inxiteout,company_slug,https://jobs.smartrecruiters.com/inxiteout,https://api.smartrecruiters.com/v1/companies/inxiteout/postings,,GET,public_seed_unverified,2026-09-22,Tindi12/Scout public ATS list + GitHub code-search harvest,https://github.com/,Publicly observed ATS tenant/board token. Validate live status during crawler execution.
board,smartrecruiters,iodigital,iodigital,company_slug,https://jobs.smartrecruiters.com/iodigital,https://api.smartrecruiters.com/v1/companies/iodigital/postings,,GET,public_seed_unverified,2026-09-22,Tindi12/Scout public ATS list + GitHub code-search harvest,https://github.com/,Publicly observed ATS tenant/board token. Validate live status during crawler execution.
board,smartrecruiters,ironbellystudios,ironbellystudios,company_slug,https://jobs.smartrecruiters.com/ironbellystudios,https://api.smartrecruiters.com/v1/companies/ironbellystudios/postings,,GET,public_seed_unverified,2026-09-22,Tindi12/Scout public ATS list + GitHub code-search harvest,https://github.com/,Publicly observed ATS tenant/board token. Validate live status during crawler execution.
board,smartrecruiters,jacklinksproteinsnacks,jacklinksproteinsnacks,company_slug,https://jobs.smartrecruiters.com/jacklinksproteinsnacks,https://api.smartrecruiters.com/v1/companies/jacklinksproteinsnacks/postings,,GET,public_seed_unverified,2026-09-22,Tindi12/Scout public ATS list + GitHub code-search harvest,https://github.com/,Publicly observed ATS tenant/board token. Validate live status during crawler execution.
board,smartrecruiters,jadeglobal,jadeglobal,company_slug,https://jobs.smartrecruiters.com/jadeglobal,https://api.smartrecruiters.com/v1/companies/jadeglobal/postings,,GET,public_seed_unverified,2026-09-22,Tindi12/Scout public ATS list + GitHub code-search harvest,https://github.com/,Publicly observed ATS tenant/board token. Validate live status during crawler execution.
board,smartrecruiters,jammedia,jammedia,company_slug,https://jobs.smartrecruiters.com/jammedia,https://api.smartrecruiters.com/v1/companies/jammedia/postings,,GET,public_seed_unverified,2026-09-22,Tindi12/Scout public ATS list + GitHub code-search harvest,https://github.com/,Publicly observed ATS tenant/board token. Validate live status during crawler execution.
board,smartrecruiters,jellyfish1,jellyfish1,company_slug,https://jobs.smartrecruiters.com/jellyfish1,https://api.smartrecruiters.com/v1/companies/jellyfish1/postings,,GET,public_seed_unverified,2026-09-22,Tindi12/Scout public ATS list + GitHub code-search harvest,https://github.com/,Publicly observed ATS tenant/board token. Validate live status during crawler execution.
board,smartrecruiters,jsheldllc,jsheldllc,company_slug,https://jobs.smartrecruiters.com/jsheldllc,https://api.smartrecruiters.com/v1/companies/jsheldllc/postings,,GET,public_seed_unverified,2026-09-22,Tindi12/Scout public ATS list + GitHub code-search harvest,https://github.com/,Publicly observed ATS tenant/board token. Validate live status during crawler execution.
board,smartrecruiters,jti,jti,company_slug,https://jobs.smartrecruiters.com/jti,https://api.smartrecruiters.com/v1/companies/jti/postings,,GET,public_seed_unverified,2026-09-22,Tindi12/Scout public ATS list + GitHub code-search harvest,https://github.com/,Publicly observed ATS tenant/board token. Validate live status during crawler execution.
board,smartrecruiters,k-group1,k-group1,company_slug,https://jobs.smartrecruiters.com/k-group1,https://api.smartrecruiters.com/v1/companies/k-group1/postings,,GET,public_seed_unverified,2026-09-22,Tindi12/Scout public ATS list + GitHub code-search harvest,https://github.com/,Publicly observed ATS tenant/board token. Validate live status during crawler execution.
board,smartrecruiters,kantegroup,kantegroup,company_slug,https://jobs.smartrecruiters.com/kantegroup,https://api.smartrecruiters.com/v1/companies/kantegroup/postings,,GET,public_seed_unverified,2026-09-22,Tindi12/Scout public ATS list + GitHub code-search harvest,https://github.com/,Publicly observed ATS tenant/board token. Validate live status during crawler execution.
board,smartrecruiters,kenvue,kenvue,company_slug,https://jobs.smartrecruiters.com/kenvue,https://api.smartrecruiters.com/v1/companies/kenvue/postings,,GET,public_seed_unverified,2026-09-22,Tindi12/Scout public ATS list + GitHub code-search harvest,https://github.com/,Publicly observed ATS tenant/board token. Validate live status during crawler execution.
board,smartrecruiters,keylentinc,keylentinc,company_slug,https://jobs.smartrecruiters.com/keylentinc,https://api.smartrecruiters.com/v1/companies/keylentinc/postings,,GET,public_seed_unverified,2026-09-22,Tindi12/Scout public ATS list + GitHub code-search harvest,https://github.com/,Publicly observed ATS tenant/board token. Validate live status during crawler execution.
board,smartrecruiters,keywordsaustralia,keywordsaustralia,company_slug,https://jobs.smartrecruiters.com/keywordsaustralia,https://api.smartrecruiters.com/v1/companies/keywordsaustralia/postings,,GET,public_seed_unverified,2026-09-22,Tindi12/Scout public ATS list + GitHub code-search harvest,https://github.com/,Publicly observed ATS tenant/board token. Validate live status during crawler execution.
board,smartrecruiters,kioxia,kioxia,company_slug,https://jobs.smartrecruiters.com/kioxia,https://api.smartrecruiters.com/v1/companies/kioxia/postings,,GET,public_seed_unverified,2026-09-22,Tindi12/Scout public ATS list + GitHub code-search harvest,https://github.com/,Publicly observed ATS tenant/board token. Validate live status during crawler execution.
board,smartrecruiters,knackstudios,knackstudios,company_slug,https://jobs.smartrecruiters.com/knackstudios,https://api.smartrecruiters.com/v1/companies/knackstudios/postings,,GET,public_seed_unverified,2026-09-22,Tindi12/Scout public ATS list + GitHub code-search harvest,https://github.com/,Publicly observed ATS tenant/board token. Validate live status during crawler execution.
board,smartrecruiters,kodo,kodo,company_slug,https://jobs.smartrecruiters.com/kodo,https://api.smartrecruiters.com/v1/companies/kodo/postings,,GET,public_seed_unverified,2026-09-22,Tindi12/Scout public ATS list + GitHub code-search harvest,https://github.com/,Publicly observed ATS tenant/board token. Validate live status during crawler execution.
board,smartrecruiters,konecranes,konecranes,company_slug,https://jobs.smartrecruiters.com/konecranes,https://api.smartrecruiters.com/v1/companies/konecranes/postings,,GET,public_seed_unverified,2026-09-22,Tindi12/Scout public ATS list + GitHub code-search harvest,https://github.com/,Publicly observed ATS tenant/board token. Validate live status during crawler execution.
board,smartrecruiters,kostalgroup,kostalgroup,company_slug,https://jobs.smartrecruiters.com/kostalgroup,https://api.smartrecruiters.com/v1/companies/kostalgroup/postings,,GET,public_seed_unverified,2026-09-22,Tindi12/Scout public ATS list + GitHub code-search harvest,https://github.com/,Publicly observed ATS tenant/board token. Validate live status during crawler execution.
board,smartrecruiters,kovaico,kovaico,company_slug,https://jobs.smartrecruiters.com/kovaico,https://api.smartrecruiters.com/v1/companies/kovaico/postings,,GET,public_seed_unverified,2026-09-22,Tindi12/Scout public ATS list + GitHub code-search harvest,https://github.com/,Publicly observed ATS tenant/board token. Validate live status during crawler execution.
board,smartrecruiters,kronospan,kronospan,company_slug,https://jobs.smartrecruiters.com/kronospan,https://api.smartrecruiters.com/v1/companies/kronospan/postings,,GET,public_seed_unverified,2026-09-22,Tindi12/Scout public ATS list + GitHub code-search harvest,https://github.com/,Publicly observed ATS tenant/board token. Validate live status during crawler execution.
board,smartrecruiters,kvytechnology,kvytechnology,company_slug,https://jobs.smartrecruiters.com/kvytechnology,https://api.smartrecruiters.com/v1/companies/kvytechnology/postings,,GET,public_seed_unverified,2026-09-22,Tindi12/Scout public ATS list + GitHub code-search harvest,https://github.com/,Publicly observed ATS tenant/board token. Validate live status during crawler execution.
board,smartrecruiters,lecollectionist,lecollectionist,company_slug,https://jobs.smartrecruiters.com/lecollectionist,https://api.smartrecruiters.com/v1/companies/lecollectionist/postings,,GET,public_seed_unverified,2026-09-22,Tindi12/Scout public ATS list + GitHub code-search harvest,https://github.com/,Publicly observed ATS tenant/board token. Validate live status during crawler execution.
board,smartrecruiters,leger2,leger2,company_slug,https://jobs.smartrecruiters.com/leger2,https://api.smartrecruiters.com/v1/companies/leger2/postings,,GET,public_seed_unverified,2026-09-22,Tindi12/Scout public ATS list + GitHub code-search harvest,https://github.com/,Publicly observed ATS tenant/board token. Validate live status during crawler execution.
board,smartrecruiters,letsgetchecked,letsgetchecked,company_slug,https://jobs.smartrecruiters.com/letsgetchecked,https://api.smartrecruiters.com/v1/companies/letsgetchecked/postings,,GET,public_seed_unverified,2026-09-22,Tindi12/Scout public ATS list + GitHub code-search harvest,https://github.com/,Publicly observed ATS tenant/board token. Validate live status during crawler execution.
board,smartrecruiters,levelall,levelall,company_slug,https://jobs.smartrecruiters.com/levelall,https://api.smartrecruiters.com/v1/companies/levelall/postings,,GET,public_seed_unverified,2026-09-22,Tindi12/Scout public ATS list + GitHub code-search harvest,https://github.com/,Publicly observed ATS tenant/board token. Validate live status during crawler execution.
board,smartrecruiters,lightwonder,lightwonder,company_slug,https://jobs.smartrecruiters.com/lightwonder,https://api.smartrecruiters.com/v1/companies/lightwonder/postings,,GET,public_seed_unverified,2026-09-22,Tindi12/Scout public ATS list + GitHub code-search harvest,https://github.com/,Publicly observed ATS tenant/board token. Validate live status during crawler execution.
board,smartrecruiters,lincolndigitalgroup,lincolndigitalgroup,company_slug,https://jobs.smartrecruiters.com/lincolndigitalgroup,https://api.smartrecruiters.com/v1/companies/lincolndigitalgroup/postings,,GET,public_seed_unverified,2026-09-22,Tindi12/Scout public ATS list + GitHub code-search harvest,https://github.com/,Publicly observed ATS tenant/board token. Validate live status during crawler execution.
board,smartrecruiters,linkedin3,linkedin3,company_slug,https://jobs.smartrecruiters.com/linkedin3,https://api.smartrecruiters.com/v1/companies/linkedin3/postings,,GET,public_seed_unverified,2026-09-22,Tindi12/Scout public ATS list + GitHub code-search harvest,https://github.com/,Publicly observed ATS tenant/board token. Validate live status during crawler execution.
board,smartrecruiters,linuxfoundation,linuxfoundation,company_slug,https://jobs.smartrecruiters.com/linuxfoundation,https://api.smartrecruiters.com/v1/companies/linuxfoundation/postings,,GET,public_seed_unverified,2026-09-22,Tindi12/Scout public ATS list + GitHub code-search harvest,https://github.com/,Publicly observed ATS tenant/board token. Validate live status during crawler execution.
board,smartrecruiters,llnl,llnl,company_slug,https://jobs.smartrecruiters.com/llnl,https://api.smartrecruiters.com/v1/companies/llnl/postings,,GET,public_seed_unverified,2026-09-22,Tindi12/Scout public ATS list + GitHub code-search harvest,https://github.com/,Publicly observed ATS tenant/board token. Validate live status during crawler execution.
board,smartrecruiters,locumtenenscom,locumtenenscom,company_slug,https://jobs.smartrecruiters.com/locumtenenscom,https://api.smartrecruiters.com/v1/companies/locumtenenscom/postings,,GET,public_seed_unverified,2026-09-22,Tindi12/Scout public ATS list + GitHub code-search harvest,https://github.com/,Publicly observed ATS tenant/board token. Validate live status during crawler execution.
board,smartrecruiters,loft17visuals,loft17visuals,company_slug,https://jobs.smartrecruiters.com/loft17visuals,https://api.smartrecruiters.com/v1/companies/loft17visuals/postings,,GET,public_seed_unverified,2026-09-22,Tindi12/Scout public ATS list + GitHub code-search harvest,https://github.com/,Publicly observed ATS tenant/board token. Validate live status during crawler execution.
board,smartrecruiters,lonza,lonza,company_slug,https://jobs.smartrecruiters.com/lonza,https://api.smartrecruiters.com/v1/companies/lonza/postings,,GET,public_seed_unverified,2026-09-22,Tindi12/Scout public ATS list + GitHub code-search harvest,https://github.com/,Publicly observed ATS tenant/board token. Validate live status during crawler execution.
board,smartrecruiters,loral,loral,company_slug,https://jobs.smartrecruiters.com/loral,https://api.smartrecruiters.com/v1/companies/loral/postings,,GET,public_seed_unverified,2026-09-22,Tindi12/Scout public ATS list + GitHub code-search harvest,https://github.com/,Publicly observed ATS tenant/board token. Validate live status during crawler execution.
board,smartrecruiters,loreal,loreal,company_slug,https://jobs.smartrecruiters.com/loreal,https://api.smartrecruiters.com/v1/companies/loreal/postings,,GET,public_seed_unverified,2026-09-22,Tindi12/Scout public ATS list + GitHub code-search harvest,https://github.com/,Publicly observed ATS tenant/board token. Validate live status during crawler execution.
board,smartrecruiters,lottiefiles,lottiefiles,company_slug,https://jobs.smartrecruiters.com/lottiefiles,https://api.smartrecruiters.com/v1/companies/lottiefiles/postings,,GET,public_seed_unverified,2026-09-22,Tindi12/Scout public ATS list + GitHub code-search harvest,https://github.com/,Publicly observed ATS tenant/board token. Validate live status during crawler execution.
board,smartrecruiters,lumengames,lumengames,company_slug,https://jobs.smartrecruiters.com/lumengames,https://api.smartrecruiters.com/v1/companies/lumengames/postings,,GET,public_seed_unverified,2026-09-22,Tindi12/Scout public ATS list + GitHub code-search harvest,https://github.com/,Publicly observed ATS tenant/board token. Validate live status during crawler execution.
board,smartrecruiters,luxemediallc,luxemediallc,company_slug,https://jobs.smartrecruiters.com/luxemediallc,https://api.smartrecruiters.com/v1/companies/luxemediallc/postings,,GET,public_seed_unverified,2026-09-22,Tindi12/Scout public ATS list + GitHub code-search harvest,https://github.com/,Publicly observed ATS tenant/board token. Validate live status during crawler execution.
board,smartrecruiters,mandiant,mandiant,company_slug,https://jobs.smartrecruiters.com/mandiant,https://api.smartrecruiters.com/v1/companies/mandiant/postings,,GET,public_seed_unverified,2026-09-22,Tindi12/Scout public ATS list + GitHub code-search harvest,https://github.com/,Publicly observed ATS tenant/board token. Validate live status during crawler execution.
board,smartrecruiters,marinerpartnersinc,marinerpartnersinc,company_slug,https://jobs.smartrecruiters.com/marinerpartnersinc,https://api.smartrecruiters.com/v1/companies/marinerpartnersinc/postings,,GET,public_seed_unverified,2026-09-22,Tindi12/Scout public ATS list + GitHub code-search harvest,https://github.com/,Publicly observed ATS tenant/board token. Validate live status during crawler execution.
board,smartrecruiters,mattelinc,mattelinc,company_slug,https://jobs.smartrecruiters.com/mattelinc,https://api.smartrecruiters.com/v1/companies/mattelinc/postings,,GET,public_seed_unverified,2026-09-22,Tindi12/Scout public ATS list + GitHub code-search harvest,https://github.com/,Publicly observed ATS tenant/board token. Validate live status during crawler execution.
board,smartrecruiters,mcdonalds,mcdonalds,company_slug,https://jobs.smartrecruiters.com/mcdonalds,https://api.smartrecruiters.com/v1/companies/mcdonalds/postings,,GET,public_seed_unverified,2026-09-22,Tindi12/Scout public ATS list + GitHub code-search harvest,https://github.com/,Publicly observed ATS tenant/board token. Validate live status during crawler execution.
board,smartrecruiters,mcdonaldscorporation,mcdonaldscorporation,company_slug,https://jobs.smartrecruiters.com/mcdonaldscorporation,https://api.smartrecruiters.com/v1/companies/mcdonaldscorporation/postings,,GET,public_seed_unverified,2026-09-22,Tindi12/Scout public ATS list + GitHub code-search harvest,https://github.com/,Publicly observed ATS tenant/board token. Validate live status during crawler execution.
board,smartrecruiters,meta4,meta4,company_slug,https://jobs.smartrecruiters.com/meta4,https://api.smartrecruiters.com/v1/companies/meta4/postings,,GET,public_seed_unverified,2026-09-22,Tindi12/Scout public ATS list + GitHub code-search harvest,https://github.com/,Publicly observed ATS tenant/board token. Validate live status during crawler execution.
board,smartrecruiters,mgmresortsinternational,mgmresortsinternational,company_slug,https://jobs.smartrecruiters.com/mgmresortsinternational,https://api.smartrecruiters.com/v1/companies/mgmresortsinternational/postings,,GET,public_seed_unverified,2026-09-22,Tindi12/Scout public ATS list + GitHub code-search harvest,https://github.com/,Publicly observed ATS tenant/board token. Validate live status during crawler execution.
board,smartrecruiters,microstrategy1,microstrategy1,company_slug,https://jobs.smartrecruiters.com/microstrategy1,https://api.smartrecruiters.com/v1/companies/microstrategy1/postings,,GET,public_seed_unverified,2026-09-22,Tindi12/Scout public ATS list + GitHub code-search harvest,https://github.com/,Publicly observed ATS tenant/board token. Validate live status during crawler execution.
board,smartrecruiters,miraclesoftwaresystem1,miraclesoftwaresystem1,company_slug,https://jobs.smartrecruiters.com/miraclesoftwaresystem1,https://api.smartrecruiters.com/v1/companies/miraclesoftwaresystem1/postings,,GET,public_seed_unverified,2026-09-22,Tindi12/Scout public ATS list + GitHub code-search harvest,https://github.com/,Publicly observed ATS tenant/board token. Validate live status during crawler execution.
board,smartrecruiters,mirantis,mirantis,company_slug,https://jobs.smartrecruiters.com/mirantis,https://api.smartrecruiters.com/v1/companies/mirantis/postings,,GET,public_seed_unverified,2026-09-22,Tindi12/Scout public ATS list + GitHub code-search harvest,https://github.com/,Publicly observed ATS tenant/board token. Validate live status during crawler execution.
board,smartrecruiters,miratech1,miratech1,company_slug,https://jobs.smartrecruiters.com/miratech1,https://api.smartrecruiters.com/v1/companies/miratech1/postings,,GET,public_seed_unverified,2026-09-22,Tindi12/Scout public ATS list + GitHub code-search harvest,https://github.com/,Publicly observed ATS tenant/board token. Validate live status during crawler execution.
board,smartrecruiters,missionboxsolutions,missionboxsolutions,company_slug,https://jobs.smartrecruiters.com/missionboxsolutions,https://api.smartrecruiters.com/v1/companies/missionboxsolutions/postings,,GET,public_seed_unverified,2026-09-22,Tindi12/Scout public ATS list + GitHub code-search harvest,https://github.com/,Publicly observed ATS tenant/board token. Validate live status during crawler execution.
board,smartrecruiters,mitratech,mitratech,company_slug,https://jobs.smartrecruiters.com/mitratech,https://api.smartrecruiters.com/v1/companies/mitratech/postings,,GET,public_seed_unverified,2026-09-22,Tindi12/Scout public ATS list + GitHub code-search harvest,https://github.com/,Publicly observed ATS tenant/board token. Validate live status during crawler execution.
board,smartrecruiters,mixmob,mixmob,company_slug,https://jobs.smartrecruiters.com/mixmob,https://api.smartrecruiters.com/v1/companies/mixmob/postings,,GET,public_seed_unverified,2026-09-22,Tindi12/Scout public ATS list + GitHub code-search harvest,https://github.com/,Publicly observed ATS tenant/board token. Validate live status during crawler execution.
board,smartrecruiters,mnrsolutionspvtltd,mnrsolutionspvtltd,company_slug,https://jobs.smartrecruiters.com/mnrsolutionspvtltd,https://api.smartrecruiters.com/v1/companies/mnrsolutionspvtltd/postings,,GET,public_seed_unverified,2026-09-22,Tindi12/Scout public ATS list + GitHub code-search harvest,https://github.com/,Publicly observed ATS tenant/board token. Validate live status during crawler execution.
board,smartrecruiters,mottmacdonald,mottmacdonald,company_slug,https://jobs.smartrecruiters.com/mottmacdonald,https://api.smartrecruiters.com/v1/companies/mottmacdonald/postings,,GET,public_seed_unverified,2026-09-22,Tindi12/Scout public ATS list + GitHub code-search harvest,https://github.com/,Publicly observed ATS tenant/board token. Validate live status during crawler execution.
board,smartrecruiters,movingpicturecompany,movingpicturecompany,company_slug,https://jobs.smartrecruiters.com/movingpicturecompany,https://api.smartrecruiters.com/v1/companies/movingpicturecompany/postings,,GET,public_seed_unverified,2026-09-22,Tindi12/Scout public ATS list + GitHub code-search harvest,https://github.com/,Publicly observed ATS tenant/board token. Validate live status during crawler execution.
board,smartrecruiters,movingwallsindiapvtltd,movingwallsindiapvtltd,company_slug,https://jobs.smartrecruiters.com/movingwallsindiapvtltd,https://api.smartrecruiters.com/v1/companies/movingwallsindiapvtltd/postings,,GET,public_seed_unverified,2026-09-22,Tindi12/Scout public ATS list + GitHub code-search harvest,https://github.com/,Publicly observed ATS tenant/board token. Validate live status during crawler execution.
board,smartrecruiters,mpowerfinancing,mpowerfinancing,company_slug,https://jobs.smartrecruiters.com/mpowerfinancing,https://api.smartrecruiters.com/v1/companies/mpowerfinancing/postings,,GET,public_seed_unverified,2026-09-22,Tindi12/Scout public ATS list + GitHub code-search harvest,https://github.com/,Publicly observed ATS tenant/board token. Validate live status during crawler execution.
board,smartrecruiters,nagarro1,nagarro1,company_slug,https://jobs.smartrecruiters.com/nagarro1,https://api.smartrecruiters.com/v1/companies/nagarro1/postings,,GET,public_seed_unverified,2026-09-22,Tindi12/Scout public ATS list + GitHub code-search harvest,https://github.com/,Publicly observed ATS tenant/board token. Validate live status during crawler execution.
board,smartrecruiters,namely,namely,company_slug,https://jobs.smartrecruiters.com/namely,https://api.smartrecruiters.com/v1/companies/namely/postings,,GET,public_seed_unverified,2026-09-22,Tindi12/Scout public ATS list + GitHub code-search harvest,https://github.com/,Publicly observed ATS tenant/board token. Validate live status during crawler execution.
board,smartrecruiters,nbcuniversal3,nbcuniversal3,company_slug,https://jobs.smartrecruiters.com/nbcuniversal3,https://api.smartrecruiters.com/v1/companies/nbcuniversal3/postings,,GET,public_seed_unverified,2026-09-22,Tindi12/Scout public ATS list + GitHub code-search harvest,https://github.com/,Publicly observed ATS tenant/board token. Validate live status during crawler execution.
board,smartrecruiters,ncs3,ncs3,company_slug,https://jobs.smartrecruiters.com/ncs3,https://api.smartrecruiters.com/v1/companies/ncs3/postings,,GET,public_seed_unverified,2026-09-22,Tindi12/Scout public ATS list + GitHub code-search harvest,https://github.com/,Publicly observed ATS tenant/board token. Validate live status during crawler execution.
board,smartrecruiters,nestle,nestle,company_slug,https://jobs.smartrecruiters.com/nestle,https://api.smartrecruiters.com/v1/companies/nestle/postings,,GET,public_seed_unverified,2026-09-22,Tindi12/Scout public ATS list + GitHub code-search harvest,https://github.com/,Publicly observed ATS tenant/board token. Validate live status during crawler execution.
board,smartrecruiters,netcompany1,netcompany1,company_slug,https://jobs.smartrecruiters.com/netcompany1,https://api.smartrecruiters.com/v1/companies/netcompany1/postings,,GET,public_seed_unverified,2026-09-22,Tindi12/Scout public ATS list + GitHub code-search harvest,https://github.com/,Publicly observed ATS tenant/board token. Validate live status during crawler execution.
board,smartrecruiters,netradyne,netradyne,company_slug,https://jobs.smartrecruiters.com/netradyne,https://api.smartrecruiters.com/v1/companies/netradyne/postings,,GET,public_seed_unverified,2026-09-22,Tindi12/Scout public ATS list + GitHub code-search harvest,https://github.com/,Publicly observed ATS tenant/board token. Validate live status during crawler execution.
board,smartrecruiters,netskope,netskope,company_slug,https://jobs.smartrecruiters.com/netskope,https://api.smartrecruiters.com/v1/companies/netskope/postings,,GET,public_seed_unverified,2026-09-22,Tindi12/Scout public ATS list + GitHub code-search harvest,https://github.com/,Publicly observed ATS tenant/board token. Validate live status during crawler execution.
board,smartrecruiters,newrelic,newrelic,company_slug,https://jobs.smartrecruiters.com/newrelic,https://api.smartrecruiters.com/v1/companies/newrelic/postings,,GET,public_seed_unverified,2026-09-22,Tindi12/Scout public ATS list + GitHub code-search harvest,https://github.com/,Publicly observed ATS tenant/board token. Validate live status during crawler execution.
board,smartrecruiters,nextlevelbusinessservicesinc2,nextlevelbusinessservicesinc2,company_slug,https://jobs.smartrecruiters.com/nextlevelbusinessservicesinc2,https://api.smartrecruiters.com/v1/companies/nextlevelbusinessservicesinc2/postings,,GET,public_seed_unverified,2026-09-22,Tindi12/Scout public ATS list + GitHub code-search harvest,https://github.com/,Publicly observed ATS tenant/board token. Validate live status during crawler execution.
board,smartrecruiters,nextstepsystems,nextstepsystems,company_slug,https://jobs.smartrecruiters.com/nextstepsystems,https://api.smartrecruiters.com/v1/companies/nextstepsystems/postings,,GET,public_seed_unverified,2026-09-22,Tindi12/Scout public ATS list + GitHub code-search harvest,https://github.com/,Publicly observed ATS tenant/board token. Validate live status during crawler execution.
board,smartrecruiters,ni,ni,company_slug,https://jobs.smartrecruiters.com/ni,https://api.smartrecruiters.com/v1/companies/ni/postings,,GET,public_seed_unverified,2026-09-22,Tindi12/Scout public ATS list + GitHub code-search harvest,https://github.com/,Publicly observed ATS tenant/board token. Validate live status during crawler execution.
board,smartrecruiters,nielseniq,nielseniq,company_slug,https://jobs.smartrecruiters.com/nielseniq,https://api.smartrecruiters.com/v1/companies/nielseniq/postings,,GET,public_seed_unverified,2026-09-22,Tindi12/Scout public ATS list + GitHub code-search harvest,https://github.com/,Publicly observed ATS tenant/board token. Validate live status during crawler execution.
board,smartrecruiters,nine,nine,company_slug,https://jobs.smartrecruiters.com/nine,https://api.smartrecruiters.com/v1/companies/nine/postings,,GET,public_seed_unverified,2026-09-22,Tindi12/Scout public ATS list + GitHub code-search harvest,https://github.com/,Publicly observed ATS tenant/board token. Validate live status during crawler execution.
board,smartrecruiters,nopadvancellp,nopadvancellp,company_slug,https://jobs.smartrecruiters.com/nopadvancellp,https://api.smartrecruiters.com/v1/companies/nopadvancellp/postings,,GET,public_seed_unverified,2026-09-22,Tindi12/Scout public ATS list + GitHub code-search harvest,https://github.com/,Publicly observed ATS tenant/board token. Validate live status during crawler execution.
board,smartrecruiters,northwesternmutual,northwesternmutual,company_slug,https://jobs.smartrecruiters.com/northwesternmutual,https://api.smartrecruiters.com/v1/companies/northwesternmutual/postings,,GET,public_seed_unverified,2026-09-22,Tindi12/Scout public ATS list + GitHub code-search harvest,https://github.com/,Publicly observed ATS tenant/board token. Validate live status during crawler execution.
board,smartrecruiters,novomatictechnologiespoland,novomatictechnologiespoland,company_slug,https://jobs.smartrecruiters.com/novomatictechnologiespoland,https://api.smartrecruiters.com/v1/companies/novomatictechnologiespoland/postings,,GET,public_seed_unverified,2026-09-22,Tindi12/Scout public ATS list + GitHub code-search harvest,https://github.com/,Publicly observed ATS tenant/board token. Validate live status during crawler execution.
board,smartrecruiters,nvizziocreations,nvizziocreations,company_slug,https://jobs.smartrecruiters.com/nvizziocreations,https://api.smartrecruiters.com/v1/companies/nvizziocreations/postings,,GET,public_seed_unverified,2026-09-22,Tindi12/Scout public ATS list + GitHub code-search harvest,https://github.com/,Publicly observed ATS tenant/board token. Validate live status during crawler execution.
board,smartrecruiters,odysseyinteractive,odysseyinteractive,company_slug,https://jobs.smartrecruiters.com/odysseyinteractive,https://api.smartrecruiters.com/v1/companies/odysseyinteractive/postings,,GET,public_seed_unverified,2026-09-22,Tindi12/Scout public ATS list + GitHub code-search harvest,https://github.com/,Publicly observed ATS tenant/board token. Validate live status during crawler execution.
board,smartrecruiters,oldskullgames1,oldskullgames1,company_slug,https://jobs.smartrecruiters.com/oldskullgames1,https://api.smartrecruiters.com/v1/companies/oldskullgames1/postings,,GET,public_seed_unverified,2026-09-22,Tindi12/Scout public ATS list + GitHub code-search harvest,https://github.com/,Publicly observed ATS tenant/board token. Validate live status during crawler execution.
board,smartrecruiters,oneclick-ui,oneclick-ui,company_slug,https://jobs.smartrecruiters.com/oneclick-ui,https://api.smartrecruiters.com/v1/companies/oneclick-ui/postings,,GET,public_seed_unverified,2026-09-22,Tindi12/Scout public ATS list + GitHub code-search harvest,https://github.com/,Publicly observed ATS tenant/board token. Validate live status during crawler execution.
board,smartrecruiters,opensystemstechnologies,opensystemstechnologies,company_slug,https://jobs.smartrecruiters.com/opensystemstechnologies,https://api.smartrecruiters.com/v1/companies/opensystemstechnologies/postings,,GET,public_seed_unverified,2026-09-22,Tindi12/Scout public ATS list + GitHub code-search harvest,https://github.com/,Publicly observed ATS tenant/board token. Validate live status during crawler execution.
board,smartrecruiters,oxbridgeinternationalschool,oxbridgeinternationalschool,company_slug,https://jobs.smartrecruiters.com/oxbridgeinternationalschool,https://api.smartrecruiters.com/v1/companies/oxbridgeinternationalschool/postings,,GET,public_seed_unverified,2026-09-22,Tindi12/Scout public ATS list + GitHub code-search harvest,https://github.com/,Publicly observed ATS tenant/board token. Validate live status during crawler execution.
board,smartrecruiters,pacificacontinental,pacificacontinental,company_slug,https://jobs.smartrecruiters.com/pacificacontinental,https://api.smartrecruiters.com/v1/companies/pacificacontinental/postings,,GET,public_seed_unverified,2026-09-22,Tindi12/Scout public ATS list + GitHub code-search harvest,https://github.com/,Publicly observed ATS tenant/board token. Validate live status during crawler execution.
board,smartrecruiters,paconsulting,paconsulting,company_slug,https://jobs.smartrecruiters.com/paconsulting,https://api.smartrecruiters.com/v1/companies/paconsulting/postings,,GET,public_seed_unverified,2026-09-22,Tindi12/Scout public ATS list + GitHub code-search harvest,https://github.com/,Publicly observed ATS tenant/board token. Validate live status during crawler execution.
board,smartrecruiters,paloaltonetworks2,paloaltonetworks2,company_slug,https://jobs.smartrecruiters.com/paloaltonetworks2,https://api.smartrecruiters.com/v1/companies/paloaltonetworks2/postings,,GET,public_seed_unverified,2026-09-22,Tindi12/Scout public ATS list + GitHub code-search harvest,https://github.com/,Publicly observed ATS tenant/board token. Validate live status during crawler execution.
board,smartrecruiters,peoplecanfly,peoplecanfly,company_slug,https://jobs.smartrecruiters.com/peoplecanfly,https://api.smartrecruiters.com/v1/companies/peoplecanfly/postings,,GET,public_seed_unverified,2026-09-22,Tindi12/Scout public ATS list + GitHub code-search harvest,https://github.com/,Publicly observed ATS tenant/board token. Validate live status during crawler execution.
board,smartrecruiters,pepsico,pepsico,company_slug,https://jobs.smartrecruiters.com/pepsico,https://api.smartrecruiters.com/v1/companies/pepsico/postings,,GET,public_seed_unverified,2026-09-22,Tindi12/Scout public ATS list + GitHub code-search harvest,https://github.com/,Publicly observed ATS tenant/board token. Validate live status during crawler execution.
board,smartrecruiters,personiv,personiv,company_slug,https://jobs.smartrecruiters.com/personiv,https://api.smartrecruiters.com/v1/companies/personiv/postings,,GET,public_seed_unverified,2026-09-22,Tindi12/Scout public ATS list + GitHub code-search harvest,https://github.com/,Publicly observed ATS tenant/board token. Validate live status during crawler execution.
board,smartrecruiters,pharmaace,pharmaace,company_slug,https://jobs.smartrecruiters.com/pharmaace,https://api.smartrecruiters.com/v1/companies/pharmaace/postings,,GET,public_seed_unverified,2026-09-22,Tindi12/Scout public ATS list + GitHub code-search harvest,https://github.com/,Publicly observed ATS tenant/board token. Validate live status during crawler execution.
board,smartrecruiters,philipmorrisinternational,philipmorrisinternational,company_slug,https://jobs.smartrecruiters.com/philipmorrisinternational,https://api.smartrecruiters.com/v1/companies/philipmorrisinternational/postings,,GET,public_seed_unverified,2026-09-22,Tindi12/Scout public ATS list + GitHub code-search harvest,https://github.com/,Publicly observed ATS tenant/board token. Validate live status during crawler execution.
board,smartrecruiters,play-perfect,play-perfect,company_slug,https://jobs.smartrecruiters.com/play-perfect,https://api.smartrecruiters.com/v1/companies/play-perfect/postings,,GET,public_seed_unverified,2026-09-22,Tindi12/Scout public ATS list + GitHub code-search harvest,https://github.com/,Publicly observed ATS tenant/board token. Validate live status during crawler execution.
board,smartrecruiters,playtech,playtech,company_slug,https://jobs.smartrecruiters.com/playtech,https://api.smartrecruiters.com/v1/companies/playtech/postings,,GET,public_seed_unverified,2026-09-22,Tindi12/Scout public ATS list + GitHub code-search harvest,https://github.com/,Publicly observed ATS tenant/board token. Validate live status during crawler execution.
board,smartrecruiters,playwing,playwing,company_slug,https://jobs.smartrecruiters.com/playwing,https://api.smartrecruiters.com/v1/companies/playwing/postings,,GET,public_seed_unverified,2026-09-22,Tindi12/Scout public ATS list + GitHub code-search harvest,https://github.com/,Publicly observed ATS tenant/board token. Validate live status during crawler execution.
board,smartrecruiters,prosidianconsulting,prosidianconsulting,company_slug,https://jobs.smartrecruiters.com/prosidianconsulting,https://api.smartrecruiters.com/v1/companies/prosidianconsulting/postings,,GET,public_seed_unverified,2026-09-22,Tindi12/Scout public ATS list + GitHub code-search harvest,https://github.com/,Publicly observed ATS tenant/board token. Validate live status during crawler execution.
board,smartrecruiters,publicisgroupe,publicisgroupe,company_slug,https://jobs.smartrecruiters.com/publicisgroupe,https://api.smartrecruiters.com/v1/companies/publicisgroupe/postings,,GET,public_seed_unverified,2026-09-22,Tindi12/Scout public ATS list + GitHub code-search harvest,https://github.com/,Publicly observed ATS tenant/board token. Validate live status during crawler execution.
board,smartrecruiters,pubmatic,pubmatic,company_slug,https://jobs.smartrecruiters.com/pubmatic,https://api.smartrecruiters.com/v1/companies/pubmatic/postings,,GET,public_seed_unverified,2026-09-22,Tindi12/Scout public ATS list + GitHub code-search harvest,https://github.com/,Publicly observed ATS tenant/board token. Validate live status during crawler execution.
board,smartrecruiters,purpleboxinc,purpleboxinc,company_slug,https://jobs.smartrecruiters.com/purpleboxinc,https://api.smartrecruiters.com/v1/companies/purpleboxinc/postings,,GET,public_seed_unverified,2026-09-22,Tindi12/Scout public ATS list + GitHub code-search harvest,https://github.com/,Publicly observed ATS tenant/board token. Validate live status during crawler execution.
board,smartrecruiters,purview,purview,company_slug,https://jobs.smartrecruiters.com/purview,https://api.smartrecruiters.com/v1/companies/purview/postings,,GET,public_seed_unverified,2026-09-22,Tindi12/Scout public ATS list + GitHub code-search harvest,https://github.com/,Publicly observed ATS tenant/board token. Validate live status during crawler execution.
board,smartrecruiters,ramboll3,ramboll3,company_slug,https://jobs.smartrecruiters.com/ramboll3,https://api.smartrecruiters.com/v1/companies/ramboll3/postings,,GET,public_seed_unverified,2026-09-22,Tindi12/Scout public ATS list + GitHub code-search harvest,https://github.com/,Publicly observed ATS tenant/board token. Validate live status during crawler execution.
board,smartrecruiters,rdsdigital,rdsdigital,company_slug,https://jobs.smartrecruiters.com/rdsdigital,https://api.smartrecruiters.com/v1/companies/rdsdigital/postings,,GET,public_seed_unverified,2026-09-22,Tindi12/Scout public ATS list + GitHub code-search harvest,https://github.com/,Publicly observed ATS tenant/board token. Validate live status during crawler execution.
board,smartrecruiters,realitygames,realitygames,company_slug,https://jobs.smartrecruiters.com/realitygames,https://api.smartrecruiters.com/v1/companies/realitygames/postings,,GET,public_seed_unverified,2026-09-22,Tindi12/Scout public ATS list + GitHub code-search harvest,https://github.com/,Publicly observed ATS tenant/board token. Validate live status during crawler execution.
board,smartrecruiters,rebelfoods,rebelfoods,company_slug,https://jobs.smartrecruiters.com/rebelfoods,https://api.smartrecruiters.com/v1/companies/rebelfoods/postings,,GET,public_seed_unverified,2026-09-22,Tindi12/Scout public ATS list + GitHub code-search harvest,https://github.com/,Publicly observed ATS tenant/board token. Validate live status during crawler execution.
board,smartrecruiters,recruitrix,recruitrix,company_slug,https://jobs.smartrecruiters.com/recruitrix,https://api.smartrecruiters.com/v1/companies/recruitrix/postings,,GET,public_seed_unverified,2026-09-22,Tindi12/Scout public ATS list + GitHub code-search harvest,https://github.com/,Publicly observed ATS tenant/board token. Validate live status during crawler execution.
board,smartrecruiters,redpointlabs,redpointlabs,company_slug,https://jobs.smartrecruiters.com/redpointlabs,https://api.smartrecruiters.com/v1/companies/redpointlabs/postings,,GET,public_seed_unverified,2026-09-22,Tindi12/Scout public ATS list + GitHub code-search harvest,https://github.com/,Publicly observed ATS tenant/board token. Validate live status during crawler execution.
board,smartrecruiters,redpoints1,redpoints1,company_slug,https://jobs.smartrecruiters.com/redpoints1,https://api.smartrecruiters.com/v1/companies/redpoints1/postings,,GET,public_seed_unverified,2026-09-22,Tindi12/Scout public ATS list + GitHub code-search harvest,https://github.com/,Publicly observed ATS tenant/board token. Validate live status during crawler execution.
board,smartrecruiters,regdeskinc,regdeskinc,company_slug,https://jobs.smartrecruiters.com/regdeskinc,https://api.smartrecruiters.com/v1/companies/regdeskinc/postings,,GET,public_seed_unverified,2026-09-22,Tindi12/Scout public ATS list + GitHub code-search harvest,https://github.com/,Publicly observed ATS tenant/board token. Validate live status during crawler execution.
board,smartrecruiters,renaissance,renaissance,company_slug,https://jobs.smartrecruiters.com/renaissance,https://api.smartrecruiters.com/v1/companies/renaissance/postings,,GET,public_seed_unverified,2026-09-22,Tindi12/Scout public ATS list + GitHub code-search harvest,https://github.com/,Publicly observed ATS tenant/board token. Validate live status during crawler execution.
board,smartrecruiters,renesaselectronics,renesaselectronics,company_slug,https://jobs.smartrecruiters.com/renesaselectronics,https://api.smartrecruiters.com/v1/companies/renesaselectronics/postings,,GET,public_seed_unverified,2026-09-22,Tindi12/Scout public ATS list + GitHub code-search harvest,https://github.com/,Publicly observed ATS tenant/board token. Validate live status during crawler execution.
board,smartrecruiters,reporterscommitteeforfreedomofthepress,reporterscommitteeforfreedomofthepress,company_slug,https://jobs.smartrecruiters.com/reporterscommitteeforfreedomofthepress,https://api.smartrecruiters.com/v1/companies/reporterscommitteeforfreedomofthepress/postings,,GET,public_seed_unverified,2026-09-22,Tindi12/Scout public ATS list + GitHub code-search harvest,https://github.com/,Publicly observed ATS tenant/board token. Validate live status during crawler execution.
board,smartrecruiters,resmed,resmed,company_slug,https://jobs.smartrecruiters.com/resmed,https://api.smartrecruiters.com/v1/companies/resmed/postings,,GET,public_seed_unverified,2026-09-22,Tindi12/Scout public ATS list + GitHub code-search harvest,https://github.com/,Publicly observed ATS tenant/board token. Validate live status during crawler execution.
board,smartrecruiters,revalsystechnologies,revalsystechnologies,company_slug,https://jobs.smartrecruiters.com/revalsystechnologies,https://api.smartrecruiters.com/v1/companies/revalsystechnologies/postings,,GET,public_seed_unverified,2026-09-22,Tindi12/Scout public ATS list + GitHub code-search harvest,https://github.com/,Publicly observed ATS tenant/board token. Validate live status during crawler execution.
board,smartrecruiters,ridicorp,ridicorp,company_slug,https://jobs.smartrecruiters.com/ridicorp,https://api.smartrecruiters.com/v1/companies/ridicorp/postings,,GET,public_seed_unverified,2026-09-22,Tindi12/Scout public ATS list + GitHub code-search harvest,https://github.com/,Publicly observed ATS tenant/board token. Validate live status during crawler execution.
board,smartrecruiters,rosettagaming,rosettagaming,company_slug,https://jobs.smartrecruiters.com/rosettagaming,https://api.smartrecruiters.com/v1/companies/rosettagaming/postings,,GET,public_seed_unverified,2026-09-22,Tindi12/Scout public ATS list + GitHub code-search harvest,https://github.com/,Publicly observed ATS tenant/board token. Validate live status during crawler execution.
board,smartrecruiters,rrsgroup,rrsgroup,company_slug,https://jobs.smartrecruiters.com/rrsgroup,https://api.smartrecruiters.com/v1/companies/rrsgroup/postings,,GET,public_seed_unverified,2026-09-22,Tindi12/Scout public ATS list + GitHub code-search harvest,https://github.com/,Publicly observed ATS tenant/board token. Validate live status during crawler execution.
board,smartrecruiters,ryseupstudios,ryseupstudios,company_slug,https://jobs.smartrecruiters.com/ryseupstudios,https://api.smartrecruiters.com/v1/companies/ryseupstudios/postings,,GET,public_seed_unverified,2026-09-22,Tindi12/Scout public ATS list + GitHub code-search harvest,https://github.com/,Publicly observed ATS tenant/board token. Validate live status during crawler execution.
board,smartrecruiters,sajixsoftwaresolutionprivatelimited,sajixsoftwaresolutionprivatelimited,company_slug,https://jobs.smartrecruiters.com/sajixsoftwaresolutionprivatelimited,https://api.smartrecruiters.com/v1/companies/sajixsoftwaresolutionprivatelimited/postings,,GET,public_seed_unverified,2026-09-22,Tindi12/Scout public ATS list + GitHub code-search harvest,https://github.com/,Publicly observed ATS tenant/board token. Validate live status during crawler execution.
board,smartrecruiters,sandisk,sandisk,company_slug,https://jobs.smartrecruiters.com/sandisk,https://api.smartrecruiters.com/v1/companies/sandisk/postings,,GET,public_seed_unverified,2026-09-22,Tindi12/Scout public ATS list + GitHub code-search harvest,https://github.com/,Publicly observed ATS tenant/board token. Validate live status during crawler execution.
board,smartrecruiters,scalablegmbh,scalablegmbh,company_slug,https://jobs.smartrecruiters.com/scalablegmbh,https://api.smartrecruiters.com/v1/companies/scalablegmbh/postings,,GET,public_seed_unverified,2026-09-22,Tindi12/Scout public ATS list + GitHub code-search harvest,https://github.com/,Publicly observed ATS tenant/board token. Validate live status during crawler execution.
board,smartrecruiters,schneiderelectric,schneiderelectric,company_slug,https://jobs.smartrecruiters.com/schneiderelectric,https://api.smartrecruiters.com/v1/companies/schneiderelectric/postings,,GET,public_seed_unverified,2026-09-22,Tindi12/Scout public ATS list + GitHub code-search harvest,https://github.com/,Publicly observed ATS tenant/board token. Validate live status during crawler execution.
board,smartrecruiters,secondtalent,secondtalent,company_slug,https://jobs.smartrecruiters.com/secondtalent,https://api.smartrecruiters.com/v1/companies/secondtalent/postings,,GET,public_seed_unverified,2026-09-22,Tindi12/Scout public ATS list + GitHub code-search harvest,https://github.com/,Publicly observed ATS tenant/board token. Validate live status during crawler execution.
board,smartrecruiters,segulatechnologies,segulatechnologies,company_slug,https://jobs.smartrecruiters.com/segulatechnologies,https://api.smartrecruiters.com/v1/companies/segulatechnologies/postings,,GET,public_seed_unverified,2026-09-22,Tindi12/Scout public ATS list + GitHub code-search harvest,https://github.com/,Publicly observed ATS tenant/board token. Validate live status during crawler execution.
board,smartrecruiters,servicenow,servicenow,company_slug,https://jobs.smartrecruiters.com/servicenow,https://api.smartrecruiters.com/v1/companies/servicenow/postings,,GET,public_seed_unverified,2026-09-22,Tindi12/Scout public ATS list + GitHub code-search harvest,https://github.com/,Publicly observed ATS tenant/board token. Validate live status during crawler execution.
board,smartrecruiters,shopify,shopify,company_slug,https://jobs.smartrecruiters.com/shopify,https://api.smartrecruiters.com/v1/companies/shopify/postings,,GET,public_seed_unverified,2026-09-22,Tindi12/Scout public ATS list + GitHub code-search harvest,https://github.com/,Publicly observed ATS tenant/board token. Validate live status during crawler execution.
board,smartrecruiters,sia,sia,company_slug,https://jobs.smartrecruiters.com/sia,https://api.smartrecruiters.com/v1/companies/sia/postings,,GET,public_seed_unverified,2026-09-22,Tindi12/Scout public ATS list + GitHub code-search harvest,https://github.com/,Publicly observed ATS tenant/board token. Validate live status during crawler execution.
board,smartrecruiters,siemens,siemens,company_slug,https://jobs.smartrecruiters.com/siemens,https://api.smartrecruiters.com/v1/companies/siemens/postings,,GET,public_seed_unverified,2026-09-22,Tindi12/Scout public ATS list + GitHub code-search harvest,https://github.com/,Publicly observed ATS tenant/board token. Validate live status during crawler execution.
board,smartrecruiters,sightcall,sightcall,company_slug,https://jobs.smartrecruiters.com/sightcall,https://api.smartrecruiters.com/v1/companies/sightcall/postings,,GET,public_seed_unverified,2026-09-22,Tindi12/Scout public ATS list + GitHub code-search harvest,https://github.com/,Publicly observed ATS tenant/board token. Validate live status during crawler execution.
board,smartrecruiters,sigmasoftware2,sigmasoftware2,company_slug,https://jobs.smartrecruiters.com/sigmasoftware2,https://api.smartrecruiters.com/v1/companies/sigmasoftware2/postings,,GET,public_seed_unverified,2026-09-22,Tindi12/Scout public ATS list + GitHub code-search harvest,https://github.com/,Publicly observed ATS tenant/board token. Validate live status during crawler execution.
board,smartrecruiters,signalspacelab,signalspacelab,company_slug,https://jobs.smartrecruiters.com/signalspacelab,https://api.smartrecruiters.com/v1/companies/signalspacelab/postings,,GET,public_seed_unverified,2026-09-22,Tindi12/Scout public ATS list + GitHub code-search harvest,https://github.com/,Publicly observed ATS tenant/board token. Validate live status during crawler execution.
board,smartrecruiters,sikaag,sikaag,company_slug,https://jobs.smartrecruiters.com/sikaag,https://api.smartrecruiters.com/v1/companies/sikaag/postings,,GET,public_seed_unverified,2026-09-22,Tindi12/Scout public ATS list + GitHub code-search harvest,https://github.com/,Publicly observed ATS tenant/board token. Validate live status during crawler execution.
board,smartrecruiters,silentgames,silentgames,company_slug,https://jobs.smartrecruiters.com/silentgames,https://api.smartrecruiters.com/v1/companies/silentgames/postings,,GET,public_seed_unverified,2026-09-22,Tindi12/Scout public ATS list + GitHub code-search harvest,https://github.com/,Publicly observed ATS tenant/board token. Validate live status during crawler execution.
board,smartrecruiters,skeletonkey,skeletonkey,company_slug,https://jobs.smartrecruiters.com/skeletonkey,https://api.smartrecruiters.com/v1/companies/skeletonkey/postings,,GET,public_seed_unverified,2026-09-22,Tindi12/Scout public ATS list + GitHub code-search harvest,https://github.com/,Publicly observed ATS tenant/board token. Validate live status during crawler execution.
board,smartrecruiters,skyrocketventures,skyrocketventures,company_slug,https://jobs.smartrecruiters.com/skyrocketventures,https://api.smartrecruiters.com/v1/companies/skyrocketventures/postings,,GET,public_seed_unverified,2026-09-22,Tindi12/Scout public ATS list + GitHub code-search harvest,https://github.com/,Publicly observed ATS tenant/board token. Validate live status during crawler execution.
board,smartrecruiters,smartrecruiters,smartrecruiters,company_slug,https://jobs.smartrecruiters.com/smartrecruiters,https://api.smartrecruiters.com/v1/companies/smartrecruiters/postings,,GET,public_seed_unverified,2026-09-22,Tindi12/Scout public ATS list + GitHub code-search harvest,https://github.com/,Publicly observed ATS tenant/board token. Validate live status during crawler execution.
board,smartrecruiters,smithsgroup2,smithsgroup2,company_slug,https://jobs.smartrecruiters.com/smithsgroup2,https://api.smartrecruiters.com/v1/companies/smithsgroup2/postings,,GET,public_seed_unverified,2026-09-22,Tindi12/Scout public ATS list + GitHub code-search harvest,https://github.com/,Publicly observed ATS tenant/board token. Validate live status during crawler execution.
board,smartrecruiters,socotecukireland,socotecukireland,company_slug,https://jobs.smartrecruiters.com/socotecukireland,https://api.smartrecruiters.com/v1/companies/socotecukireland/postings,,GET,public_seed_unverified,2026-09-22,Tindi12/Scout public ATS list + GitHub code-search harvest,https://github.com/,Publicly observed ATS tenant/board token. Validate live status during crawler execution.
board,smartrecruiters,softsuavetechnologies,softsuavetechnologies,company_slug,https://jobs.smartrecruiters.com/softsuavetechnologies,https://api.smartrecruiters.com/v1/companies/softsuavetechnologies/postings,,GET,public_seed_unverified,2026-09-22,Tindi12/Scout public ATS list + GitHub code-search harvest,https://github.com/,Publicly observed ATS tenant/board token. Validate live status during crawler execution.
board,smartrecruiters,solidigm,solidigm,company_slug,https://jobs.smartrecruiters.com/solidigm,https://api.smartrecruiters.com/v1/companies/solidigm/postings,,GET,public_seed_unverified,2026-09-22,Tindi12/Scout public ATS list + GitHub code-search harvest,https://github.com/,Publicly observed ATS tenant/board token. Validate live status during crawler execution.
board,smartrecruiters,soprasteria1,soprasteria1,company_slug,https://jobs.smartrecruiters.com/soprasteria1,https://api.smartrecruiters.com/v1/companies/soprasteria1/postings,,GET,public_seed_unverified,2026-09-22,Tindi12/Scout public ATS list + GitHub code-search harvest,https://github.com/,Publicly observed ATS tenant/board token. Validate live status during crawler execution.
board,smartrecruiters,spaceknowinc,spaceknowinc,company_slug,https://jobs.smartrecruiters.com/spaceknowinc,https://api.smartrecruiters.com/v1/companies/spaceknowinc/postings,,GET,public_seed_unverified,2026-09-22,Tindi12/Scout public ATS list + GitHub code-search harvest,https://github.com/,Publicly observed ATS tenant/board token. Validate live status during crawler execution.
board,smartrecruiters,speedlabs,speedlabs,company_slug,https://jobs.smartrecruiters.com/speedlabs,https://api.smartrecruiters.com/v1/companies/speedlabs/postings,,GET,public_seed_unverified,2026-09-22,Tindi12/Scout public ATS list + GitHub code-search harvest,https://github.com/,Publicly observed ATS tenant/board token. Validate live status during crawler execution.
board,smartrecruiters,sportradar,sportradar,company_slug,https://jobs.smartrecruiters.com/sportradar,https://api.smartrecruiters.com/v1/companies/sportradar/postings,,GET,public_seed_unverified,2026-09-22,Tindi12/Scout public ATS list + GitHub code-search harvest,https://github.com/,Publicly observed ATS tenant/board token. Validate live status during crawler execution.
board,smartrecruiters,spotify,spotify,company_slug,https://jobs.smartrecruiters.com/spotify,https://api.smartrecruiters.com/v1/companies/spotify/postings,,GET,public_seed_unverified,2026-09-22,Tindi12/Scout public ATS list + GitHub code-search harvest,https://github.com/,Publicly observed ATS tenant/board token. Validate live status during crawler execution.
board,smartrecruiters,springernature,springernature,company_slug,https://jobs.smartrecruiters.com/springernature,https://api.smartrecruiters.com/v1/companies/springernature/postings,,GET,public_seed_unverified,2026-09-22,Tindi12/Scout public ATS list + GitHub code-search harvest,https://github.com/,Publicly observed ATS tenant/board token. Validate live status during crawler execution.
board,smartrecruiters,square,square,company_slug,https://jobs.smartrecruiters.com/square,https://api.smartrecruiters.com/v1/companies/square/postings,,GET,public_seed_unverified,2026-09-22,Tindi12/Scout public ATS list + GitHub code-search harvest,https://github.com/,Publicly observed ATS tenant/board token. Validate live status during crawler execution.
board,smartrecruiters,sr-jobs,sr-jobs,company_slug,https://jobs.smartrecruiters.com/sr-jobs,https://api.smartrecruiters.com/v1/companies/sr-jobs/postings,,GET,public_seed_unverified,2026-09-22,Tindi12/Scout public ATS list + GitHub code-search harvest,https://github.com/,Publicly observed ATS tenant/board token. Validate live status during crawler execution.
board,smartrecruiters,starkflow,starkflow,company_slug,https://jobs.smartrecruiters.com/starkflow,https://api.smartrecruiters.com/v1/companies/starkflow/postings,,GET,public_seed_unverified,2026-09-22,Tindi12/Scout public ATS list + GitHub code-search harvest,https://github.com/,Publicly observed ATS tenant/board token. Validate live status during crawler execution.
board,smartrecruiters,starmarketing,starmarketing,company_slug,https://jobs.smartrecruiters.com/starmarketing,https://api.smartrecruiters.com/v1/companies/starmarketing/postings,,GET,public_seed_unverified,2026-09-22,Tindi12/Scout public ATS list + GitHub code-search harvest,https://github.com/,Publicly observed ATS tenant/board token. Validate live status during crawler execution.
board,smartrecruiters,starschema,starschema,company_slug,https://jobs.smartrecruiters.com/starschema,https://api.smartrecruiters.com/v1/companies/starschema/postings,,GET,public_seed_unverified,2026-09-22,Tindi12/Scout public ATS list + GitHub code-search harvest,https://github.com/,Publicly observed ATS tenant/board token. Validate live status during crawler execution.
board,smartrecruiters,stonesearch,stonesearch,company_slug,https://jobs.smartrecruiters.com/stonesearch,https://api.smartrecruiters.com/v1/companies/stonesearch/postings,,GET,public_seed_unverified,2026-09-22,Tindi12/Scout public ATS list + GitHub code-search harvest,https://github.com/,Publicly observed ATS tenant/board token. Validate live status during crawler execution.
board,smartrecruiters,stratacent,stratacent,company_slug,https://jobs.smartrecruiters.com/stratacent,https://api.smartrecruiters.com/v1/companies/stratacent/postings,,GET,public_seed_unverified,2026-09-22,Tindi12/Scout public ATS list + GitHub code-search harvest,https://github.com/,Publicly observed ATS tenant/board token. Validate live status during crawler execution.
board,smartrecruiters,swgroup,swgroup,company_slug,https://jobs.smartrecruiters.com/swgroup,https://api.smartrecruiters.com/v1/companies/swgroup/postings,,GET,public_seed_unverified,2026-09-22,Tindi12/Scout public ATS list + GitHub code-search harvest,https://github.com/,Publicly observed ATS tenant/board token. Validate live status during crawler execution.
board,smartrecruiters,symphonyai,symphonyai,company_slug,https://jobs.smartrecruiters.com/symphonyai,https://api.smartrecruiters.com/v1/companies/symphonyai/postings,,GET,public_seed_unverified,2026-09-22,Tindi12/Scout public ATS list + GitHub code-search harvest,https://github.com/,Publicly observed ATS tenant/board token. Validate live status during crawler execution.
board,smartrecruiters,synergyresourcesolutions,synergyresourcesolutions,company_slug,https://jobs.smartrecruiters.com/synergyresourcesolutions,https://api.smartrecruiters.com/v1/companies/synergyresourcesolutions/postings,,GET,public_seed_unverified,2026-09-22,Tindi12/Scout public ATS list + GitHub code-search harvest,https://github.com/,Publicly observed ATS tenant/board token. Validate live status during crawler execution.
board,smartrecruiters,syngentagroup,syngentagroup,company_slug,https://jobs.smartrecruiters.com/syngentagroup,https://api.smartrecruiters.com/v1/companies/syngentagroup/postings,,GET,public_seed_unverified,2026-09-22,Tindi12/Scout public ATS list + GitHub code-search harvest,https://github.com/,Publicly observed ATS tenant/board token. Validate live status during crawler execution.
board,smartrecruiters,t-systemsictindiapvtltd1,t-systemsictindiapvtltd1,company_slug,https://jobs.smartrecruiters.com/t-systemsictindiapvtltd1,https://api.smartrecruiters.com/v1/companies/t-systemsictindiapvtltd1/postings,,GET,public_seed_unverified,2026-09-22,Tindi12/Scout public ATS list + GitHub code-search harvest,https://github.com/,Publicly observed ATS tenant/board token. Validate live status during crawler execution.
board,smartrecruiters,talentfolks,talentfolks,company_slug,https://jobs.smartrecruiters.com/talentfolks,https://api.smartrecruiters.com/v1/companies/talentfolks/postings,,GET,public_seed_unverified,2026-09-22,Tindi12/Scout public ATS list + GitHub code-search harvest,https://github.com/,Publicly observed ATS tenant/board token. Validate live status during crawler execution.
board,smartrecruiters,talentsocio,talentsocio,company_slug,https://jobs.smartrecruiters.com/talentsocio,https://api.smartrecruiters.com/v1/companies/talentsocio/postings,,GET,public_seed_unverified,2026-09-22,Tindi12/Scout public ATS list + GitHub code-search harvest,https://github.com/,Publicly observed ATS tenant/board token. Validate live status during crawler execution.
board,smartrecruiters,talentsoftwareservices,talentsoftwareservices,company_slug,https://jobs.smartrecruiters.com/talentsoftwareservices,https://api.smartrecruiters.com/v1/companies/talentsoftwareservices/postings,,GET,public_seed_unverified,2026-09-22,Tindi12/Scout public ATS list + GitHub code-search harvest,https://github.com/,Publicly observed ATS tenant/board token. Validate live status during crawler execution.
board,smartrecruiters,talentxo,talentxo,company_slug,https://jobs.smartrecruiters.com/talentxo,https://api.smartrecruiters.com/v1/companies/talentxo/postings,,GET,public_seed_unverified,2026-09-22,Tindi12/Scout public ATS list + GitHub code-search harvest,https://github.com/,Publicly observed ATS tenant/board token. Validate live status during crawler execution.
board,smartrecruiters,tatsuworks,tatsuworks,company_slug,https://jobs.smartrecruiters.com/tatsuworks,https://api.smartrecruiters.com/v1/companies/tatsuworks/postings,,GET,public_seed_unverified,2026-09-22,Tindi12/Scout public ATS list + GitHub code-search harvest,https://github.com/,Publicly observed ATS tenant/board token. Validate live status during crawler execution.
board,smartrecruiters,teampumpkin,teampumpkin,company_slug,https://jobs.smartrecruiters.com/teampumpkin,https://api.smartrecruiters.com/v1/companies/teampumpkin/postings,,GET,public_seed_unverified,2026-09-22,Tindi12/Scout public ATS list + GitHub code-search harvest,https://github.com/,Publicly observed ATS tenant/board token. Validate live status during crawler execution.
board,smartrecruiters,techarmyllc,techarmyllc,company_slug,https://jobs.smartrecruiters.com/techarmyllc,https://api.smartrecruiters.com/v1/companies/techarmyllc/postings,,GET,public_seed_unverified,2026-09-22,Tindi12/Scout public ATS list + GitHub code-search harvest,https://github.com/,Publicly observed ATS tenant/board token. Validate live status during crawler execution.
board,smartrecruiters,techlandsa,techlandsa,company_slug,https://jobs.smartrecruiters.com/techlandsa,https://api.smartrecruiters.com/v1/companies/techlandsa/postings,,GET,public_seed_unverified,2026-09-22,Tindi12/Scout public ATS list + GitHub code-search harvest,https://github.com/,Publicly observed ATS tenant/board token. Validate live status during crawler execution.
board,smartrecruiters,technicolorcreativestudios,technicolorcreativestudios,company_slug,https://jobs.smartrecruiters.com/technicolorcreativestudios,https://api.smartrecruiters.com/v1/companies/technicolorcreativestudios/postings,,GET,public_seed_unverified,2026-09-22,Tindi12/Scout public ATS list + GitHub code-search harvest,https://github.com/,Publicly observed ATS tenant/board token. Validate live status during crawler execution.
board,smartrecruiters,technicolorgroup,technicolorgroup,company_slug,https://jobs.smartrecruiters.com/technicolorgroup,https://api.smartrecruiters.com/v1/companies/technicolorgroup/postings,,GET,public_seed_unverified,2026-09-22,Tindi12/Scout public ATS list + GitHub code-search harvest,https://github.com/,Publicly observed ATS tenant/board token. Validate live status during crawler execution.
board,smartrecruiters,technorizensoftwaresolution,technorizensoftwaresolution,company_slug,https://jobs.smartrecruiters.com/technorizensoftwaresolution,https://api.smartrecruiters.com/v1/companies/technorizensoftwaresolution/postings,,GET,public_seed_unverified,2026-09-22,Tindi12/Scout public ATS list + GitHub code-search harvest,https://github.com/,Publicly observed ATS tenant/board token. Validate live status during crawler execution.
board,smartrecruiters,techstargroup,techstargroup,company_slug,https://jobs.smartrecruiters.com/techstargroup,https://api.smartrecruiters.com/v1/companies/techstargroup/postings,,GET,public_seed_unverified,2026-09-22,Tindi12/Scout public ATS list + GitHub code-search harvest,https://github.com/,Publicly observed ATS tenant/board token. Validate live status during crawler execution.
board,smartrecruiters,techvedika,techvedika,company_slug,https://jobs.smartrecruiters.com/techvedika,https://api.smartrecruiters.com/v1/companies/techvedika/postings,,GET,public_seed_unverified,2026-09-22,Tindi12/Scout public ATS list + GitHub code-search harvest,https://github.com/,Publicly observed ATS tenant/board token. Validate live status during crawler execution.
board,smartrecruiters,tempo,tempo,company_slug,https://jobs.smartrecruiters.com/tempo,https://api.smartrecruiters.com/v1/companies/tempo/postings,,GET,public_seed_unverified,2026-09-22,Tindi12/Scout public ATS list + GitHub code-search harvest,https://github.com/,Publicly observed ATS tenant/board token. Validate live status during crawler execution.
board,smartrecruiters,ten4,ten4,company_slug,https://jobs.smartrecruiters.com/ten4,https://api.smartrecruiters.com/v1/companies/ten4/postings,,GET,public_seed_unverified,2026-09-22,Tindi12/Scout public ATS list + GitHub code-search harvest,https://github.com/,Publicly observed ATS tenant/board token. Validate live status during crawler execution.
board,smartrecruiters,tessel,tessel,company_slug,https://jobs.smartrecruiters.com/tessel,https://api.smartrecruiters.com/v1/companies/tessel/postings,,GET,public_seed_unverified,2026-09-22,Tindi12/Scout public ATS list + GitHub code-search harvest,https://github.com/,Publicly observed ATS tenant/board token. Validate live status during crawler execution.
board,smartrecruiters,themill2,themill2,company_slug,https://jobs.smartrecruiters.com/themill2,https://api.smartrecruiters.com/v1/companies/themill2/postings,,GET,public_seed_unverified,2026-09-22,Tindi12/Scout public ATS list + GitHub code-search harvest,https://github.com/,Publicly observed ATS tenant/board token. Validate live status during crawler execution.
board,smartrecruiters,thenielsencompany,thenielsencompany,company_slug,https://jobs.smartrecruiters.com/thenielsencompany,https://api.smartrecruiters.com/v1/companies/thenielsencompany/postings,,GET,public_seed_unverified,2026-09-22,Tindi12/Scout public ATS list + GitHub code-search harvest,https://github.com/,Publicly observed ATS tenant/board token. Validate live status during crawler execution.
board,smartrecruiters,therankgroup,therankgroup,company_slug,https://jobs.smartrecruiters.com/therankgroup,https://api.smartrecruiters.com/v1/companies/therankgroup/postings,,GET,public_seed_unverified,2026-09-22,Tindi12/Scout public ATS list + GitHub code-search harvest,https://github.com/,Publicly observed ATS tenant/board token. Validate live status during crawler execution.
board,smartrecruiters,tonicdna1,tonicdna1,company_slug,https://jobs.smartrecruiters.com/tonicdna1,https://api.smartrecruiters.com/v1/companies/tonicdna1/postings,,GET,public_seed_unverified,2026-09-22,Tindi12/Scout public ATS list + GitHub code-search harvest,https://github.com/,Publicly observed ATS tenant/board token. Validate live status during crawler execution.
board,smartrecruiters,truenhealthanalyticsanibmcompany,truenhealthanalyticsanibmcompany,company_slug,https://jobs.smartrecruiters.com/truenhealthanalyticsanibmcompany,https://api.smartrecruiters.com/v1/companies/truenhealthanalyticsanibmcompany/postings,,GET,public_seed_unverified,2026-09-22,Tindi12/Scout public ATS list + GitHub code-search harvest,https://github.com/,Publicly observed ATS tenant/board token. Validate live status during crawler execution.
board,smartrecruiters,ttp1,ttp1,company_slug,https://jobs.smartrecruiters.com/ttp1,https://api.smartrecruiters.com/v1/companies/ttp1/postings,,GET,public_seed_unverified,2026-09-22,Tindi12/Scout public ATS list + GitHub code-search harvest,https://github.com/,Publicly observed ATS tenant/board token. Validate live status during crawler execution.
board,smartrecruiters,tuftsmedicalcenter1,tuftsmedicalcenter1,company_slug,https://jobs.smartrecruiters.com/tuftsmedicalcenter1,https://api.smartrecruiters.com/v1/companies/tuftsmedicalcenter1/postings,,GET,public_seed_unverified,2026-09-22,Tindi12/Scout public ATS list + GitHub code-search harvest,https://github.com/,Publicly observed ATS tenant/board token. Validate live status during crawler execution.
board,smartrecruiters,uber,uber,company_slug,https://jobs.smartrecruiters.com/uber,https://api.smartrecruiters.com/v1/companies/uber/postings,,GET,public_seed_unverified,2026-09-22,Tindi12/Scout public ATS list + GitHub code-search harvest,https://github.com/,Publicly observed ATS tenant/board token. Validate live status during crawler execution.
board,smartrecruiters,ubisoft2,ubisoft2,company_slug,https://jobs.smartrecruiters.com/ubisoft2,https://api.smartrecruiters.com/v1/companies/ubisoft2/postings,,GET,public_seed_unverified,2026-09-22,Tindi12/Scout public ATS list + GitHub code-search harvest,https://github.com/,Publicly observed ATS tenant/board token. Validate live status during crawler execution.
board,smartrecruiters,unbrokenstudios,unbrokenstudios,company_slug,https://jobs.smartrecruiters.com/unbrokenstudios,https://api.smartrecruiters.com/v1/companies/unbrokenstudios/postings,,GET,public_seed_unverified,2026-09-22,Tindi12/Scout public ATS list + GitHub code-search harvest,https://github.com/,Publicly observed ATS tenant/board token. Validate live status during crawler execution.
board,smartrecruiters,unifynd,unifynd,company_slug,https://jobs.smartrecruiters.com/unifynd,https://api.smartrecruiters.com/v1/companies/unifynd/postings,,GET,public_seed_unverified,2026-09-22,Tindi12/Scout public ATS list + GitHub code-search harvest,https://github.com/,Publicly observed ATS tenant/board token. Validate live status during crawler execution.
board,smartrecruiters,universityhealthnetwork,universityhealthnetwork,company_slug,https://jobs.smartrecruiters.com/universityhealthnetwork,https://api.smartrecruiters.com/v1/companies/universityhealthnetwork/postings,,GET,public_seed_unverified,2026-09-22,Tindi12/Scout public ATS list + GitHub code-search harvest,https://github.com/,Publicly observed ATS tenant/board token. Validate live status during crawler execution.
board,smartrecruiters,untoldtalessa,untoldtalessa,company_slug,https://jobs.smartrecruiters.com/untoldtalessa,https://api.smartrecruiters.com/v1/companies/untoldtalessa/postings,,GET,public_seed_unverified,2026-09-22,Tindi12/Scout public ATS list + GitHub code-search harvest,https://github.com/,Publicly observed ATS tenant/board token. Validate live status during crawler execution.
board,smartrecruiters,ursusinc,ursusinc,company_slug,https://jobs.smartrecruiters.com/ursusinc,https://api.smartrecruiters.com/v1/companies/ursusinc/postings,,GET,public_seed_unverified,2026-09-22,Tindi12/Scout public ATS list + GitHub code-search harvest,https://github.com/,Publicly observed ATS tenant/board token. Validate live status during crawler execution.
board,smartrecruiters,valkyrieentertainment,valkyrieentertainment,company_slug,https://jobs.smartrecruiters.com/valkyrieentertainment,https://api.smartrecruiters.com/v1/companies/valkyrieentertainment/postings,,GET,public_seed_unverified,2026-09-22,Tindi12/Scout public ATS list + GitHub code-search harvest,https://github.com/,Publicly observed ATS tenant/board token. Validate live status during crawler execution.
board,smartrecruiters,valu1,valu1,company_slug,https://jobs.smartrecruiters.com/valu1,https://api.smartrecruiters.com/v1/companies/valu1/postings,,GET,public_seed_unverified,2026-09-22,Tindi12/Scout public ATS list + GitHub code-search harvest,https://github.com/,Publicly observed ATS tenant/board token. Validate live status during crawler execution.
board,smartrecruiters,valuelabs,valuelabs,company_slug,https://jobs.smartrecruiters.com/valuelabs,https://api.smartrecruiters.com/v1/companies/valuelabs/postings,,GET,public_seed_unverified,2026-09-22,Tindi12/Scout public ATS list + GitHub code-search harvest,https://github.com/,Publicly observed ATS tenant/board token. Validate live status during crawler execution.
board,smartrecruiters,veoliaenvironnementsa,veoliaenvironnementsa,company_slug,https://jobs.smartrecruiters.com/veoliaenvironnementsa,https://api.smartrecruiters.com/v1/companies/veoliaenvironnementsa/postings,,GET,public_seed_unverified,2026-09-22,Tindi12/Scout public ATS list + GitHub code-search harvest,https://github.com/,Publicly observed ATS tenant/board token. Validate live status during crawler execution.
board,smartrecruiters,veremark,veremark,company_slug,https://jobs.smartrecruiters.com/veremark,https://api.smartrecruiters.com/v1/companies/veremark/postings,,GET,public_seed_unverified,2026-09-22,Tindi12/Scout public ATS list + GitHub code-search harvest,https://github.com/,Publicly observed ATS tenant/board token. Validate live status during crawler execution.
board,smartrecruiters,verisk,verisk,company_slug,https://jobs.smartrecruiters.com/verisk,https://api.smartrecruiters.com/v1/companies/verisk/postings,,GET,public_seed_unverified,2026-09-22,Tindi12/Scout public ATS list + GitHub code-search harvest,https://github.com/,Publicly observed ATS tenant/board token. Validate live status during crawler execution.
board,smartrecruiters,version1,version1,company_slug,https://jobs.smartrecruiters.com/version1,https://api.smartrecruiters.com/v1/companies/version1/postings,,GET,public_seed_unverified,2026-09-22,Tindi12/Scout public ATS list + GitHub code-search harvest,https://github.com/,Publicly observed ATS tenant/board token. Validate live status during crawler execution.
board,smartrecruiters,Visa,visa,company_slug,https://jobs.smartrecruiters.com/visa,https://api.smartrecruiters.com/v1/companies/visa/postings,,GET,africa_directory_active,2026-09-22,Thelastpoet/africa-ats-directory,https://github.com/Thelastpoet/africa-ats-directory,Curated Africa ATS directory; country=KE; source status=active. Revalidate live status during crawl.
board,smartrecruiters,vizexperts,vizexperts,company_slug,https://jobs.smartrecruiters.com/vizexperts,https://api.smartrecruiters.com/v1/companies/vizexperts/postings,,GET,public_seed_unverified,2026-09-22,Tindi12/Scout public ATS list + GitHub code-search harvest,https://github.com/,Publicly observed ATS tenant/board token. Validate live status during crawler execution.
board,smartrecruiters,vmdcorp,vmdcorp,company_slug,https://jobs.smartrecruiters.com/vmdcorp,https://api.smartrecruiters.com/v1/companies/vmdcorp/postings,,GET,public_seed_unverified,2026-09-22,Tindi12/Scout public ATS list + GitHub code-search harvest,https://github.com/,Publicly observed ATS tenant/board token. Validate live status during crawler execution.
board,smartrecruiters,volksbyte,volksbyte,company_slug,https://jobs.smartrecruiters.com/volksbyte,https://api.smartrecruiters.com/v1/companies/volksbyte/postings,,GET,public_seed_unverified,2026-09-22,Tindi12/Scout public ATS list + GitHub code-search harvest,https://github.com/,Publicly observed ATS tenant/board token. Validate live status during crawler execution.
board,smartrecruiters,vwhcapitalmanagementlp,vwhcapitalmanagementlp,company_slug,https://jobs.smartrecruiters.com/vwhcapitalmanagementlp,https://api.smartrecruiters.com/v1/companies/vwhcapitalmanagementlp/postings,,GET,public_seed_unverified,2026-09-22,Tindi12/Scout public ATS list + GitHub code-search harvest,https://github.com/,Publicly observed ATS tenant/board token. Validate live status during crawler execution.
board,smartrecruiters,Watu Credit,watucredit,company_slug,https://jobs.smartrecruiters.com/watucredit,https://api.smartrecruiters.com/v1/companies/watucredit/postings,,GET,africa_directory_active,2026-09-22,Thelastpoet/africa-ats-directory,https://github.com/Thelastpoet/africa-ats-directory,Curated Africa ATS directory; country=KE; source status=active. Revalidate live status during crawl.
board,smartrecruiters,wavestone1,wavestone1,company_slug,https://jobs.smartrecruiters.com/wavestone1,https://api.smartrecruiters.com/v1/companies/wavestone1/postings,,GET,public_seed_unverified,2026-09-22,Tindi12/Scout public ATS list + GitHub code-search harvest,https://github.com/,Publicly observed ATS tenant/board token. Validate live status during crawler execution.
board,smartrecruiters,wayfair,wayfair,company_slug,https://jobs.smartrecruiters.com/wayfair,https://api.smartrecruiters.com/v1/companies/wayfair/postings,,GET,public_seed_unverified,2026-09-22,Tindi12/Scout public ATS list + GitHub code-search harvest,https://github.com/,Publicly observed ATS tenant/board token. Validate live status during crawler execution.
board,smartrecruiters,wayforwardtechnologies,wayforwardtechnologies,company_slug,https://jobs.smartrecruiters.com/wayforwardtechnologies,https://api.smartrecruiters.com/v1/companies/wayforwardtechnologies/postings,,GET,public_seed_unverified,2026-09-22,Tindi12/Scout public ATS list + GitHub code-search harvest,https://github.com/,Publicly observed ATS tenant/board token. Validate live status during crawler execution.
board,smartrecruiters,wayup,wayup,company_slug,https://jobs.smartrecruiters.com/wayup,https://api.smartrecruiters.com/v1/companies/wayup/postings,,GET,public_seed_unverified,2026-09-22,Tindi12/Scout public ATS list + GitHub code-search harvest,https://github.com/,Publicly observed ATS tenant/board token. Validate live status during crawler execution.
board,smartrecruiters,wellmarkinc,wellmarkinc,company_slug,https://jobs.smartrecruiters.com/wellmarkinc,https://api.smartrecruiters.com/v1/companies/wellmarkinc/postings,,GET,public_seed_unverified,2026-09-22,Tindi12/Scout public ATS list + GitHub code-search harvest,https://github.com/,Publicly observed ATS tenant/board token. Validate live status during crawler execution.
board,smartrecruiters,westerndigital,westerndigital,company_slug,https://jobs.smartrecruiters.com/westerndigital,https://api.smartrecruiters.com/v1/companies/westerndigital/postings,,GET,public_seed_unverified,2026-09-22,Tindi12/Scout public ATS list + GitHub code-search harvest,https://github.com/,Publicly observed ATS tenant/board token. Validate live status during crawler execution.
board,smartrecruiters,whatfix,whatfix,company_slug,https://jobs.smartrecruiters.com/whatfix,https://api.smartrecruiters.com/v1/companies/whatfix/postings,,GET,public_seed_unverified,2026-09-22,Tindi12/Scout public ATS list + GitHub code-search harvest,https://github.com/,Publicly observed ATS tenant/board token. Validate live status during crawler execution.
board,smartrecruiters,whizzhr,whizzhr,company_slug,https://jobs.smartrecruiters.com/whizzhr,https://api.smartrecruiters.com/v1/companies/whizzhr/postings,,GET,public_seed_unverified,2026-09-22,Tindi12/Scout public ATS list + GitHub code-search harvest,https://github.com/,Publicly observed ATS tenant/board token. Validate live status during crawler execution.
board,smartrecruiters,wildbrain,wildbrain,company_slug,https://jobs.smartrecruiters.com/wildbrain,https://api.smartrecruiters.com/v1/companies/wildbrain/postings,,GET,public_seed_unverified,2026-09-22,Tindi12/Scout public ATS list + GitHub code-search harvest,https://github.com/,Publicly observed ATS tenant/board token. Validate live status during crawler execution.
board,smartrecruiters,wise,wise,company_slug,https://jobs.smartrecruiters.com/wise,https://api.smartrecruiters.com/v1/companies/wise/postings,,GET,public_seed_unverified,2026-09-22,Tindi12/Scout public ATS list + GitHub code-search harvest,https://github.com/,Publicly observed ATS tenant/board token. Validate live status during crawler execution.
board,smartrecruiters,wiser,wiser,company_slug,https://jobs.smartrecruiters.com/wiser,https://api.smartrecruiters.com/v1/companies/wiser/postings,,GET,public_seed_unverified,2026-09-22,Tindi12/Scout public ATS list + GitHub code-search harvest,https://github.com/,Publicly observed ATS tenant/board token. Validate live status during crawler execution.
board,smartrecruiters,wish,wish,company_slug,https://jobs.smartrecruiters.com/wish,https://api.smartrecruiters.com/v1/companies/wish/postings,,GET,public_seed_unverified,2026-09-22,Tindi12/Scout public ATS list + GitHub code-search harvest,https://github.com/,Publicly observed ATS tenant/board token. Validate live status during crawler execution.
board,smartrecruiters,xiaomiindia,xiaomiindia,company_slug,https://jobs.smartrecruiters.com/xiaomiindia,https://api.smartrecruiters.com/v1/companies/xiaomiindia/postings,,GET,public_seed_unverified,2026-09-22,Tindi12/Scout public ATS list + GitHub code-search harvest,https://github.com/,Publicly observed ATS tenant/board token. Validate live status during crawler execution.
board,smartrecruiters,xpologistics,xpologistics,company_slug,https://jobs.smartrecruiters.com/xpologistics,https://api.smartrecruiters.com/v1/companies/xpologistics/postings,,GET,public_seed_unverified,2026-09-22,Tindi12/Scout public ATS list + GitHub code-search harvest,https://github.com/,Publicly observed ATS tenant/board token. Validate live status during crawler execution.
board,smartrecruiters,yggdrasilsandbox,yggdrasilsandbox,company_slug,https://jobs.smartrecruiters.com/yggdrasilsandbox,https://api.smartrecruiters.com/v1/companies/yggdrasilsandbox/postings,,GET,public_seed_unverified,2026-09-22,Tindi12/Scout public ATS list + GitHub code-search harvest,https://github.com/,Publicly observed ATS tenant/board token. Validate live status during crawler execution.
board,smartrecruiters,zscaler,zscaler,company_slug,https://jobs.smartrecruiters.com/zscaler,https://api.smartrecruiters.com/v1/companies/zscaler/postings,,GET,public_seed_unverified,2026-09-22,Tindi12/Scout public ATS list + GitHub code-search harvest,https://github.com/,Publicly observed ATS tenant/board token. Validate live status during crawler execution.
directory,smartrecruiters,Tindi12/Scout,,directory_url,,,,,directory_to_expand,2026-09-22,Tindi12/Scout,https://raw.githubusercontent.com/Tindi12/Scout/main/packages/api/data/smartrecruiters_companies.json,Flat JSON array of SmartRecruiters company identifiers. Known snapshot count: 308.
